วันที่,ราคาเปิด,ราคาสูงสุด,ราคาต่ำสุด,ราคาปิด,ปริมาณซื้อขาย
2026-09-25 05:00,4329.0,4333.5,4325.4,4330.8,5320
2026-09-25 06:00,4330.7,4347.5,4329.6,4346.8,5264
2026-09-25 07:00,4346.9,4351.6,4335.9,4338.6,7031
2026-09-25 08:00,4339.1,4345.3,4332.3,4333.9,9170
2026-09-25 09:00,4333.9,4335.3,4308.6,4310.9,12393
2026-09-25 10:00,4310.7,4315.9,4289.2,4314.1,16267
2026-09-25 11:00,4314.1,4326.6,4304.9,4326.4,11903
2026-09-25 12:00,4326.5,4336.0,4314.5,4321.5,13765
2026-09-25 13:00,4321.6,4328.4,4314.5,4318.1,6181
2026-09-25 14:00,4318.3,4331.1,4317.7,4329.8,3900
2026-09-25 15:00,4329.8,4332.4,4322.7,4326.6,5257
2026-09-25 16:00,4326.5,4327.6,4320.0,4321.2,1901
2026-09-27 18:00,4308.8,4310.0,4292.4,4294.2,2244
2026-09-27 19:00,4293.8,4300.6,4291.9,4294.6,2279
2026-09-27 20:00,4294.2,4295.1,4260.5,4264.6,8648
2026-09-27 21:00,4264.4,4265.1,4239.3,4249.4,12521
2026-09-27 22:00,4249.2,4250.7,4227.1,4229.9,6706
2026-09-27 23:00,4230.1,4236.0,4224.1,4230.5,5066
2026-09-28 00:00,4229.5,4233.1,4226.8,4227.4,0
2026-09-28 01:00,4227.2,4231.0,4211.4,4212.1,7493
2026-09-28 02:00,4212.0,4213.8,4194.3,4196.7,11616
2026-09-28 03:00,4196.5,4198.5,4182.7,4187.5,12233
2026-09-28 04:00,4187.4,4191.2,4174.7,4176.8,11725
2026-09-28 05:00,4176.4,4190.0,4172.7,4188.1,8941
2026-09-28 06:00,4188.2,4191.8,4184.0,4187.5,4884
2026-09-28 07:00,4187.8,4193.0,4179.6,4181.0,7927
2026-09-28 08:00,4180.9,4203.8,4175.0,4186.4,16153
2026-09-28 09:00,4186.1,4193.2,4168.0,4189.1,16868
2026-09-28 10:00,4189.1,4189.3,4143.1,4150.7,20194
2026-09-28 11:00,4150.7,4160.9,4147.7,4156.4,13230
2026-09-28 12:00,4156.6,4181.0,4148.6,4162.4,19791
2026-09-28 13:00,4162.1,4179.6,4158.7,4167.3,14164
2026-09-28 14:00,4167.3,4175.3,4164.1,4172.0,4305
2026-09-28 15:00,4172.2,4172.4,4155.2,4156.3,6038
2026-09-28 16:00,4156.1,4156.9,4144.2,4148.5,3579
2026-09-28 18:00,4150.1,4159.2,4147.8,4154.1,0
2026-09-28 19:00,4154.0,4161.4,4153.5,4159.6,1431
2026-09-28 20:00,4160.0,4160.3,4146.2,4150.0,3687
2026-09-28 21:00,4149.3,4168.6,4145.2,4166.9,7467
2026-09-28 22:00,4167.1,4170.7,4157.8,4168.7,5196
2026-09-28 23:00,4169.1,4171.8,4162.8,4164.1,5206
2026-09-29 00:00,4165.1,4165.6,4155.9,4158.2,0
2026-09-29 01:00,4157.9,4176.2,4153.1,4169.9,4946
2026-09-29 02:00,4170.1,4179.5,4169.8,4171.7,4647
2026-09-29 03:00,4171.9,4180.9,4167.4,4172.4,5261
2026-09-29 04:00,4172.9,4178.3,4169.2,4171.6,3367
2026-09-29 05:00,4171.0,4181.2,4170.7,4178.0,5015
2026-09-29 06:00,4178.0,4186.8,4175.4,4185.6,4320
2026-09-29 07:00,4185.8,4193.3,4181.5,4185.7,7016
2026-09-29 08:00,4185.5,4190.9,4180.6,4183.0,6236
2026-09-29 09:00,4183.0,4196.8,4182.5,4189.8,11547
2026-09-29 10:00,4189.5,4207.2,4188.5,4202.0,13676
2026-09-29 11:00,4202.2,4202.2,4180.0,4190.4,12891
2026-09-29 12:00,4190.5,4190.9,4176.7,4177.8,5903
2026-09-29 13:00,4177.8,4181.2,4174.4,4176.4,6866
2026-09-29 14:00,4176.5,4209.0,4176.5,4203.7,19172
2026-09-29 15:00,4203.7,4210.1,4200.4,4209.9,4541
2026-09-29 16:00,4209.9,4218.1,4204.2,4215.0,2816
2026-09-29 18:00,4216.2,4217.3,4209.2,4211.3,0
2026-09-29 19:00,4211.5,4219.7,4211.0,4216.8,1490
2026-09-29 20:00,4216.7,4219.5,4208.1,4208.1,2386
2026-09-29 21:00,4208.3,4213.3,4198.6,4203.6,4476
2026-09-29 22:00,4203.5,4216.0,4202.7,4210.9,3855
2026-09-29 23:00,4211.0,4214.2,4203.2,4205.5,2368
2026-09-30 00:00,4204.7,4217.4,4204.3,4211.4,0
2026-09-30 01:00,4211.0,4214.8,4197.6,4210.2,3735
2026-09-30 02:00,4209.8,4227.0,4208.3,4222.6,5250
2026-09-30 03:00,4222.6,4233.2,4221.6,4225.5,6277
2026-09-30 04:00,4225.6,4234.0,4222.8,4223.4,4536
2026-09-30 05:00,4223.4,4227.0,4214.3,4219.3,5634
2026-09-30 06:00,4219.4,4222.2,4212.5,4216.0,3237
2026-09-30 07:00,4215.9,4223.8,4207.8,4218.3,4889
2026-09-30 08:00,4217.9,4251.1,4213.9,4240.2,20711
2026-09-30 09:00,4240.3,4246.5,4207.5,4208.6,15145
2026-09-30 10:00,4208.8,4215.0,4195.1,4196.4,16703
2026-09-30 11:00,4196.6,4199.5,4182.1,4188.2,16202
2026-09-30 12:00,4188.6,4194.2,4185.8,4189.1,9033
2026-09-30 13:00,4189.2,4190.1,4178.2,4182.7,9393
2026-09-30 14:00,4182.4,4186.7,4178.5,4182.7,5615
2026-09-30 15:00,4182.8,4189.2,4180.5,4187.9,5742
2026-09-30 16:00,4188.0,4192.3,4183.4,4189.1,1955
2026-09-30 18:00,4190.1,4192.0,4183.4,4184.5,0
2026-09-30 19:00,4184.4,4187.0,4181.8,4186.2,908
2026-09-30 20:00,4186.1,4186.2,4169.4,4175.3,3909
2026-09-30 21:00,4175.5,4194.6,4175.2,4186.2,3673
2026-09-30 22:00,4186.1,4191.4,4180.9,4190.3,2350
2026-09-30 23:00,4190.3,4206.4,4188.8,4205.4,2976
2026-10-01 00:00,4205.0,4210.3,4200.8,4209.5,2315
2026-10-01 01:00,4209.9,4222.8,4209.0,4217.8,4030
2026-10-01 02:00,4217.6,4222.1,4210.4,4211.6,4720
2026-10-01 03:00,4211.5,4213.5,4184.2,4193.7,7684
2026-10-01 04:00,4193.8,4197.9,4178.4,4182.8,5374
2026-10-01 05:00,4182.3,4193.5,4182.1,4184.1,3812
2026-10-01 06:00,4184.1,4208.5,4179.9,4205.9,5302
2026-10-01 07:00,4206.1,4215.3,4196.4,4212.2,4725
2026-10-01 08:00,4212.5,4217.8,4204.5,4208.8,7839
2026-10-01 09:00,4208.9,4211.8,4188.8,4195.1,7979
2026-10-01 10:00,4195.4,4204.8,4180.8,4192.5,13420
2026-10-01 11:00,4192.3,4203.4,4179.5,4199.2,13867
2026-10-01 12:00,4199.1,4206.6,4198.0,4199.5,1517
