Date,Price,Net_Score,Gross_Score,D1_Return,D2_Volume,D3_RSI,D4_MA,D5_DirVol,D6_External,Vol_Ratio,RSI,Volatility_Pct,Penalty_Scaled,Ret_1W,Ret_1M,Golden_Cross,Z_Score_50d,Z_Zone,Z_Delta_5d,Warning_Flags,Tier,As_Of_Running,Exhaust_Scenario
2024-01-04 08:00,2047.4,35.43,39.97,20.16,29.67,80,30,40,40.0,1.492,43.66,9.6,-4.55,-1.4,-0.56,True,0.793,Normal,,⚠️ Mild Reversal,,backfill,
2024-01-05 09:00,2054.2,61.21,61.21,29.7,32.55,100,65,100,40.0,0.371,57.07,8.37,0.0,-2.04,-2.4,True,0.932,Normal,,,,backfill,
2024-01-08 10:00,2040.9,48.95,48.95,26.45,47.24,80,30,70,40.0,0.903,41.74,17.99,0.0,-1.85,-0.47,True,0.568,Normal,,,,backfill,
2024-01-09 11:00,2037.2,40.18,40.18,20.44,50.63,80,30,20,40.0,1.796,44.13,9.6,0.0,-1.97,-0.32,True,0.45,Normal,,,,backfill,
2024-01-10 12:00,2029.6,43.57,48.12,17.59,51.11,80,0,100,40.0,0.59,42.24,9.13,-4.55,-1.17,-0.81,False,0.231,Normal,,💀💀 Death Cross + Below MAs,,backfill,
2024-01-11 13:00,2021.1,22.53,27.08,13.79,68.66,30,0,10,40.0,5.433,27.22,11.31,-4.55,-1.28,-1.15,False,-0.007,Normal,,💀💀 Death Cross + Below MAs,,backfill,
2024-01-12 14:00,2051.7,68.17,72.72,39.69,71.63,100,70,85,70.0,0.641,64.22,14.41,-4.55,-0.12,2.12,False,0.756,Normal,,💀 Death Cross,,backfill,
2024-01-16 15:00,2031.8,29.4,38.49,22.9,78.06,30,0,20,80.0,1.689,20.73,13.3,-9.09,-0.45,1.52,False,0.222,Normal,,⚠️ Mild Reversal | 💀💀 Death Cross + Below MAs,,backfill,
2024-01-17 16:00,2008.8,32.88,41.98,19.21,82.65,30,0,40,80.0,1.448,27.6,13.62,-9.09,-1.39,0.54,False,-0.38,Normal,,⚠️ Mild Reversal | 💀💀 Death Cross + Below MAs,,backfill,
2024-01-18 18:00,2025.7,32.6,37.15,38.62,69.28,70,0,20,25.0,1.762,75.09,8.9,-4.55,-0.19,-1.35,False,0.045,Normal,,💀💀 Death Cross + Below MAs,,backfill,
2024-01-21 19:00,2030.9,39.57,44.12,41.22,63.5,80,0,55,25.0,1.107,48.07,8.38,-4.55,0.48,-0.72,False,0.161,Normal,,💀💀 Death Cross + Below MAs,,backfill,
2024-01-22 20:00,2022.9,32.93,37.47,25.66,54.18,80,0,40,25.0,1.476,46.91,8.1,-4.55,-1.4,-0.75,False,-0.064,Normal,,💀💀 Death Cross + Below MAs,,backfill,
2024-01-23 21:00,2025.1,46.87,51.42,32.14,51.36,80,35,85,25.0,0.661,49.77,9.26,-4.55,-0.33,-1.49,False,-0.024,Normal,,💀 Death Cross,,backfill,
2024-01-24 22:00,2015.5,22.78,27.32,33.12,65.82,30,0,10,25.0,3.014,26.48,12.59,-4.55,0.33,-1.59,False,-0.308,Normal,,💀💀 Death Cross + Below MAs,,backfill,
2024-01-25 23:00,2020.9,45.71,50.26,41.88,64.67,100,0,70,25.0,0.975,52.87,10.08,-4.55,-0.24,-1.55,False,-0.193,Normal,,💀💀 Death Cross + Below MAs,,backfill,
2024-01-29 00:00,2024.5,44.77,49.31,45.18,50.68,100,35,40,25.0,1.24,63.58,7.22,-4.55,-0.32,-2.16,False,-0.134,Normal,,💀 Death Cross,,backfill,
2024-01-30 01:00,2032.8,41.36,45.9,47.8,47.61,100,35,20,25.0,1.67,66.15,14.4,-4.55,0.49,-2.1,False,0.065,Normal,,💀 Death Cross,,backfill,
2024-01-31 02:00,2054.6,63.18,67.73,64.67,61.71,100,70,85,25.0,0.681,51.66,21.08,-4.55,1.46,-2.02,False,0.705,Normal,,💀 Death Cross,,backfill,
2024-02-01 03:00,2059.1,55.26,59.81,67.75,66.11,60,70,70,25.0,0.825,36.56,13.31,-4.55,2.16,-0.98,False,0.829,Normal,,💀 Death Cross,,backfill,
2024-02-02 04:00,2070.1,66.81,66.81,77.83,68.06,60,100,70,25.0,0.963,33.73,13.06,0.0,2.43,-0.39,True,1.188,Normal,,,,backfill,
2024-02-05 05:00,2040.6,43.34,43.34,54.66,75.41,30,65,10,25.0,5.642,27.61,19.71,0.0,0.8,-0.63,True,0.082,Normal,,,,backfill,
2024-02-06 06:00,2042.7,62.8,62.8,73.74,58.08,100,65,55,25.0,1.014,52.94,12.6,0.0,0.49,-0.23,True,0.125,Normal,,,,backfill,
2024-02-07 07:00,2049.2,61.15,61.15,68.59,48.32,60,65,100,25.0,0.516,38.78,5.98,0.0,-0.26,-0.24,True,0.343,Normal,,,,backfill,
2024-02-08 08:00,2035.8,36.46,41.01,46.83,44.22,30,30,70,25.0,0.952,24.68,10.88,-4.55,-1.13,-0.25,True,-0.26,Normal,,⚠️ Mild Reversal,,backfill,
2024-02-09 09:00,2039.6,59.94,59.94,52.39,32.27,30,65,100,80.0,0.367,27.33,7.92,0.0,-1.47,0.12,True,-0.145,Normal,,,,backfill,
2024-02-12 10:00,2026.8,28.43,32.98,42.6,30.27,30,30,40,25.0,1.318,23.38,6.3,-4.55,-0.68,-0.14,True,-0.783,Normal,,⚠️ Mild Reversal,,backfill,
2024-02-13 11:00,2008.0,26.0,26.0,21.28,39.71,30,30,10,25.0,7.222,26.22,21.2,0.0,-1.7,-0.65,True,-1.696,Depressed,,,,backfill,
2024-02-14 12:00,2007.1,42.02,46.57,21.13,33.28,100,0,100,25.0,0.489,54.67,6.79,-4.55,-2.05,-2.17,False,-1.676,Depressed,,💀💀 Death Cross + Below MAs,,backfill,
2024-02-15 13:00,2016.2,38.69,43.23,41.96,37.44,70,0,85,25.0,0.768,78.9,7.16,-4.55,-0.96,-0.77,False,-1.188,Normal,,💀💀 Death Cross + Below MAs,,backfill,
2024-02-16 14:00,2024.4,62.37,66.91,59.76,26.71,100,35,100,80.0,0.527,62.78,10.77,-4.55,-0.75,0.78,False,-0.776,Normal,,💀 Death Cross,,backfill,
2024-02-20 15:00,2035.8,69.35,73.9,69.19,24.2,100,70,100,80.0,0.545,63.82,6.79,-4.55,0.44,0.5,False,-0.234,Normal,,💀 Death Cross,,backfill,
2024-02-21 16:00,2036.8,59.26,63.81,68.25,14.59,80,70,70,80.0,0.818,44.0,6.96,-4.55,1.43,0.29,False,-0.165,Normal,,💀 Death Cross,,backfill,
2024-02-22 18:00,2034.4,41.76,46.3,63.16,14.64,30,35,55,80.0,1.177,23.7,5.9,-4.55,1.36,0.57,False,-0.275,Normal,,💀 Death Cross,,backfill,
2024-02-25 19:00,2040.0,69.73,74.28,66.59,29.07,100,70,100,80.0,0.483,66.91,11.69,-4.55,1.18,0.74,False,-0.002,Normal,,💀 Death Cross,,backfill,
2024-02-26 20:00,2042.8,52.75,57.29,70.84,12.92,100,70,10,80.0,2.112,52.88,6.33,-4.55,0.91,1.35,False,0.138,Normal,,💀 Death Cross,,backfill,
2024-02-27 21:00,2039.8,60.45,60.45,62.97,19.73,30,100,70,80.0,0.925,24.5,5.37,0.0,0.2,0.94,True,-0.025,Normal,,,,backfill,
2024-02-28 22:00,2044.8,76.2,76.2,77.22,15.0,100,100,85,80.0,0.613,64.59,7.62,0.0,0.39,1.0,True,0.185,Normal,,,,backfill,
2024-02-29 23:00,2053.9,79.88,79.88,80.62,38.66,80,100,100,80.0,0.258,40.65,14.79,0.0,0.96,1.04,True,0.619,Normal,,,,backfill,
2024-03-04 00:00,2090.0,80.56,80.56,93.59,59.75,50,100,100,80.0,0.259,86.39,22.47,0.0,2.45,1.72,True,2.427,Extended,,,,backfill,
2024-03-05 01:00,2125.4,90.43,90.43,96.85,75.75,100,100,100,70.0,0.292,62.3,14.63,0.0,4.04,3.22,True,3.731,Extreme Extended,,,,backfill,
2024-03-06 02:00,2136.4,86.91,86.91,91.98,79.47,80,100,100,70.0,0.434,49.07,7.36,0.0,4.74,3.2,True,3.59,Extreme Extended,,,,backfill,
2024-03-07 03:00,2162.4,91.24,91.24,89.28,88.13,100,100,100,70.0,0.376,63.61,12.94,0.0,5.75,5.97,True,3.901,Extreme Extended,,,,backfill,
2024-03-08 04:00,2175.9,77.2,77.2,95.73,87.44,70,100,40,70.0,1.426,70.65,8.33,0.0,5.94,6.52,True,3.732,Extreme Extended,,,,backfill,
2024-03-11 05:00,2186.9,78.91,78.91,88.1,95.37,100,100,20,70.0,1.93,54.35,14.14,0.0,4.64,6.72,True,3.476,Extreme Extended,,,,backfill,
2024-03-12 06:00,2182.3,76.41,76.41,75.55,82.89,60,100,70,70.0,0.962,39.2,7.54,0.0,2.68,7.2,True,2.967,Extreme Extended,,,,backfill,
2024-03-13 07:00,2169.3,67.44,67.44,71.12,88.54,100,65,10,70.0,2.525,65.52,12.64,0.0,1.54,6.36,True,2.465,Extended,,,,backfill,
2024-03-14 08:00,2167.0,54.91,54.91,58.79,85.69,30,65,20,70.0,1.855,20.3,7.13,0.0,0.21,6.92,True,2.236,Extended,,,,backfill,
2024-03-15 09:00,2164.0,60.85,65.4,53.13,84.24,80,65,40,70.0,1.494,47.35,8.24,-4.55,-0.55,7.77,True,2.044,Extended,,⚠️ Mild Reversal,,backfill,
2024-03-18 10:00,2161.8,68.67,73.22,52.23,82.07,100,65,70,70.0,0.944,53.05,9.16,-4.55,-1.15,7.71,True,1.901,Normal,,⚠️ Mild Reversal,,backfill,
2024-03-19 11:00,2157.4,50.42,54.97,43.82,70.98,60,65,20,70.0,1.745,37.4,6.6,-4.55,-1.14,7.0,True,1.722,Normal,,⚠️ Mild Reversal,,backfill,
2024-03-20 12:00,2160.9,71.46,71.46,50.07,63.66,80,65,100,70.0,0.597,47.0,5.85,0.0,-0.39,6.74,True,1.697,Normal,,,,backfill,
2024-03-21 13:00,2183.0,73.18,73.18,52.75,86.31,60,100,70,70.0,0.873,31.08,27.87,0.0,0.74,7.23,True,1.941,Normal,,,,backfill,
2024-03-22 14:00,2164.5,57.16,57.16,24.15,73.79,60,65,40,80.0,1.225,38.44,13.93,0.0,0.02,6.27,True,1.535,Normal,,,,backfill,
2024-03-25 15:00,2172.1,72.39,72.39,38.88,65.49,100,65,85,80.0,0.616,52.7,10.12,0.0,0.48,6.77,True,1.581,Normal,,,,backfill,
2024-03-26 16:00,2179.5,77.28,77.28,50.52,63.17,100,100,70,80.0,0.804,57.01,14.8,0.0,1.02,6.84,True,1.618,Normal,,,,backfill,
2024-03-27 18:00,2212.7,84.46,84.46,70.85,55.91,100,100,100,80.0,0.148,61.48,21.83,0.0,2.4,8.32,True,2.033,Extended,,,,backfill,
2024-03-31 19:00,2266.2,76.37,76.37,84.18,59.04,50,100,85,80.0,0.708,83.49,17.67,0.0,3.81,11.1,True,2.678,Extreme Extended,,,,backfill,
2024-04-01 20:00,2270.8,73.54,73.54,75.12,51.09,80,100,55,80.0,1.119,48.62,15.6,0.0,4.91,11.05,True,2.509,Extreme Extended,,,,backfill,
2024-04-02 21:00,2302.9,83.14,83.14,88.77,60.1,70,100,100,80.0,0.561,71.43,11.96,0.0,6.02,12.12,True,2.717,Extreme Extended,,,,backfill,
2024-04-03 22:00,2319.2,65.05,65.05,83.02,57.27,50,100,20,80.0,1.523,82.47,12.36,0.0,6.41,10.97,True,2.688,Extreme Extended,,,,backfill,
2024-04-04 23:00,2295.4,69.18,69.18,51.95,63.14,80,100,40,80.0,1.486,42.82,20.23,0.0,3.74,8.0,True,2.207,Extended,,,,backfill,
2024-04-08 00:00,2360.7,84.6,84.6,87.65,69.97,100,100,70,80.0,0.849,67.77,29.91,0.0,4.17,10.5,True,2.746,Extreme Extended,,,,backfill,
2024-04-09 01:00,2363.6,69.11,69.11,74.94,54.73,50,100,55,80.0,1.113,81.6,11.3,0.0,4.09,9.3,True,2.553,Extreme Extended,,,,backfill,
2024-04-10 02:00,2373.4,71.11,71.11,72.23,64.41,70,100,40,80.0,1.468,71.47,15.14,0.0,3.06,9.08,True,2.448,Extended,,,,backfill,
2024-04-11 03:00,2353.9,73.09,73.09,48.25,75.27,80,100,55,80.0,1.081,47.57,16.31,0.0,1.5,7.64,True,2.107,Extended,,,,backfill,
2024-04-12 04:00,2414.1,79.74,79.74,91.52,86.91,50,100,70,80.0,0.911,83.58,16.33,0.0,5.17,10.62,True,2.504,Extreme Extended,,,,backfill,
2024-04-15 05:00,2366.1,65.81,65.81,34.72,95.12,100,65,20,80.0,1.63,58.36,36.75,0.0,0.23,9.07,True,1.928,Normal,,,,backfill,
2024-04-16 06:00,2386.4,73.84,73.84,56.91,91.1,60,100,55,80.0,1.197,30.98,18.02,0.0,0.96,10.12,True,1.977,Normal,,,,backfill,
2024-04-17 07:00,2403.6,85.81,85.81,62.29,87.54,100,100,85,80.0,0.771,55.81,20.79,0.0,1.27,11.07,True,1.995,Normal,,,,backfill,
2024-04-18 08:00,2400.7,69.05,69.05,58.57,85.71,70,100,20,80.0,1.537,77.9,16.11,0.0,1.99,11.05,True,1.865,Normal,,,,backfill,
2024-04-19 09:00,2393.4,77.26,81.81,42.17,88.67,80,100,100,80.0,0.305,49.28,25.11,-4.55,-0.86,10.94,True,1.71,Normal,,⚠️ Mild Reversal,,backfill,
2024-04-22 10:00,2355.2,47.55,52.09,15.37,82.2,30,65,40,80.0,1.201,18.18,20.04,-4.55,-0.46,8.99,True,1.338,Normal,,⚠️ Mild Reversal,,backfill,
2024-04-23 11:00,2336.9,56.28,60.82,18.22,81.71,100,65,20,80.0,1.95,64.55,30.52,-4.55,-2.07,7.05,True,1.152,Normal,,⚠️ Mild Reversal,,backfill,
2024-04-24 12:00,2338.6,69.06,69.06,20.86,63.49,100,65,85,80.0,0.735,53.61,13.55,0.0,-2.7,8.04,True,1.12,Normal,,,,backfill,
2024-04-25 13:00,2344.5,67.88,67.88,28.65,63.61,100,65,70,80.0,0.885,66.72,16.0,0.0,-2.34,7.94,True,1.123,Normal,,,,backfill,
2024-04-26 14:00,2352.6,61.42,61.42,24.79,43.75,100,100,20,80.0,1.6,55.27,9.35,0.0,-1.7,7.94,True,1.14,Normal,,,,backfill,
2024-04-29 15:00,2347.4,48.28,57.37,18.27,40.93,100,35,70,80.0,0.813,56.44,12.49,-9.09,-0.33,6.09,False,1.059,Normal,,⚠️ Mild Reversal | 💀 Death Cross,,backfill,
2024-04-30 16:00,2297.3,17.96,27.05,6.38,35.93,30,0,10,80.0,4.451,12.76,10.24,-9.09,-1.69,1.37,False,0.634,Normal,,⚠️ Mild Reversal | 💀💀 Death Cross + Below MAs,,backfill,
2024-05-01 18:00,2330.4,45.54,50.09,32.48,33.05,70,0,85,80.0,0.676,71.29,23.29,-4.55,-0.35,2.62,False,0.867,Normal,,💀💀 Death Cross + Below MAs,,backfill,
2024-05-02 19:00,2313.5,42.26,51.35,12.79,15.31,100,0,100,80.0,0.375,50.11,13.81,-9.09,-1.32,0.46,False,0.699,Normal,,⚠️ Mild Reversal | 💀💀 Death Cross + Below MAs,,backfill,
2024-05-05 20:00,2304.9,20.96,25.51,12.45,25.59,80,0,10,25.0,2.288,44.93,15.3,-4.55,-2.03,-0.62,False,0.596,Normal,,💀💀 Death Cross + Below MAs,,backfill,
2024-05-06 21:00,2331.5,54.38,58.92,38.46,15.07,100,35,85,80.0,0.72,54.36,14.37,-4.55,-0.68,1.57,False,0.789,Normal,,💀 Death Cross,,backfill,
2024-05-07 22:00,2324.8,44.62,49.16,36.68,13.29,100,35,85,25.0,0.637,55.88,10.38,-4.55,1.2,-1.52,False,0.701,Normal,,💀 Death Cross,,backfill,
2024-05-08 23:00,2319.4,26.97,31.51,32.59,11.49,80,0,40,25.0,1.257,45.23,11.19,-4.55,-0.47,-1.87,False,0.622,Normal,,💀💀 Death Cross + Below MAs,,backfill,
2024-05-10 00:00,2360.8,49.74,54.29,59.74,20.97,50,70,100,25.0,0.46,88.54,12.43,-4.55,2.04,-0.53,False,0.979,Normal,,💀 Death Cross,,backfill,
2024-05-13 01:00,2358.8,51.35,55.9,47.14,18.24,60,70,70,70.0,0.81,38.1,13.5,-4.55,2.34,0.21,False,0.928,Normal,,💀 Death Cross,,backfill,
2024-05-14 02:00,2343.7,37.35,41.9,34.65,21.75,100,35,20,40.0,1.601,53.36,10.04,-4.55,0.52,-2.92,False,0.754,Normal,,💀 Death Cross,,backfill,
2024-05-15 03:00,2368.0,70.22,70.22,63.99,17.34,100,100,70,70.0,0.909,67.7,9.12,0.0,1.86,0.08,True,0.984,Normal,,,,backfill,
2024-05-16 04:00,2390.9,69.23,69.23,62.84,32.52,80,100,70,70.0,0.825,43.84,19.99,0.0,3.08,0.19,True,1.206,Normal,,,,backfill,
2024-05-17 05:00,2386.8,68.97,68.97,52.77,21.08,100,100,100,40.0,0.561,55.2,9.31,0.0,1.1,-0.7,True,1.128,Normal,,,,backfill,
2024-05-20 06:00,2440.5,77.13,77.13,79.69,43.11,100,100,70,70.0,0.992,66.39,16.86,0.0,3.46,1.66,True,1.688,Normal,,,,backfill,
2024-05-21 07:00,2427.5,65.13,65.13,70.18,50.58,80,100,20,70.0,1.684,47.3,18.95,0.0,3.58,1.42,True,1.483,Normal,,,,backfill,
2024-05-22 08:00,2415.9,60.12,60.12,64.63,46.1,60,100,20,70.0,1.59,34.38,9.15,0.0,2.02,2.58,True,1.296,Normal,,,,backfill,
2024-05-23 09:00,2360.6,46.63,51.17,40.85,61.17,60,65,10,70.0,4.164,31.09,21.18,-4.55,-1.27,1.01,True,0.616,Normal,,⚠️ Mild Reversal,,backfill,
2024-05-24 10:00,2339.6,45.85,50.4,27.45,64.92,100,30,10,70.0,2.201,64.42,13.5,-4.55,-1.98,0.04,True,0.34,Normal,,⚠️ Mild Reversal,,backfill,
2024-05-28 11:00,2361.3,60.88,60.88,51.49,53.82,70,65,55,70.0,1.167,74.45,11.34,0.0,-3.25,0.72,True,0.576,Normal,,,,backfill,
2024-05-29 12:00,2341.5,46.7,46.7,29.5,35.7,60,30,85,40.0,0.702,33.26,10.31,0.0,-3.54,-0.47,True,0.295,Normal,,,,backfill,
2024-05-30 13:00,2365.8,66.7,71.25,49.4,38.09,100,70,100,70.0,0.408,69.81,21.61,-4.55,-2.07,0.78,False,0.581,Normal,,💀 Death Cross,,backfill,
2024-05-31 14:00,2343.5,29.82,38.91,42.17,21.29,60,0,40,70.0,1.202,33.64,15.26,-9.09,-0.72,2.01,False,0.242,Normal,,⚠️ Mild Reversal | 💀💀 Death Cross + Below MAs,,backfill,
2024-06-03 15:00,2368.0,55.36,59.9,64.36,20.06,50,70,85,70.0,0.673,88.33,10.16,-4.55,1.21,1.61,False,0.56,Normal,,💀 Death Cross,,backfill,
2024-06-04 16:00,2346.4,26.96,36.05,39.13,7.16,60,0,40,70.0,1.313,34.99,14.2,-9.09,-0.63,1.42,False,0.197,Normal,,⚠️ Mild Reversal | 💀💀 Death Cross + Below MAs,,backfill,
2024-06-05 18:00,2375.9,55.26,59.8,63.81,5.0,50,70,100,70.0,0.587,86.47,9.08,-4.55,1.47,3.08,False,0.64,Normal,,💀 Death Cross,,backfill,
2024-06-06 19:00,2395.5,58.64,63.19,66.02,3.1,70,70,100,70.0,0.426,73.47,13.2,-4.55,1.26,2.75,False,0.961,Normal,,💀 Death Cross,,backfill,
2024-06-09 20:00,2313.9,27.35,31.9,21.49,29.91,60,0,40,40.0,1.23,30.88,30.79,-4.55,-1.26,-0.47,False,-0.608,Normal,,💀💀 Death Cross + Below MAs,,backfill,
2024-06-10 21:00,2319.9,39.79,44.34,30.21,10.8,100,0,55,70.0,1.002,55.17,11.5,-4.55,-2.03,0.02,False,-0.615,Normal,,💀💀 Death Cross + Below MAs,,backfill,
2024-06-11 22:00,2330.3,38.4,42.95,25.93,6.75,100,0,85,40.0,0.601,58.13,9.77,-4.55,-0.69,-1.29,False,-0.502,Normal,,💀💀 Death Cross + Below MAs,,backfill,
2024-06-12 23:00,2329.7,37.41,41.96,25.75,26.0,60,0,100,40.0,0.512,30.09,21.35,-4.55,-1.94,-1.23,False,-0.632,Normal,,💀💀 Death Cross + Below MAs,,backfill,
2024-06-14 00:00,2320.9,25.31,29.85,18.09,16.04,80,0,40,25.0,1.327,41.67,19.61,-4.55,-3.11,-0.97,False,-0.949,Normal,,💀💀 Death Cross + Below MAs,,backfill,
2024-06-17 01:00,2333.1,35.02,39.56,37.86,9.52,60,35,70,25.0,0.821,31.69,10.96,-4.55,0.83,-1.47,False,-0.654,Normal,,💀 Death Cross,,backfill,
2024-06-18 02:00,2334.6,29.05,33.6,28.86,2.73,100,35,10,25.0,2.515,65.69,10.9,-4.55,0.63,-2.35,False,-0.637,Normal,,💀 Death Cross,,backfill,
2024-06-20 03:00,2352.1,50.17,54.71,56.25,12.03,100,35,100,25.0,0.42,61.33,14.41,-4.55,0.94,-1.45,False,-0.12,Normal,,💀 Death Cross,,backfill,
2024-06-21 04:00,2379.0,51.77,56.31,57.54,15.34,100,70,70,25.0,0.874,62.78,16.41,-4.55,2.12,-2.52,False,0.706,Normal,,💀 Death Cross,,backfill,
2024-06-24 05:00,2337.3,25.16,29.7,22.37,20.83,100,0,10,25.0,2.519,54.12,17.6,-4.55,0.71,-3.72,False,-0.605,Normal,,💀💀 Death Cross + Below MAs,,backfill,
2024-06-25 06:00,2347.9,53.08,57.63,60.0,5.75,100,70,85,25.0,0.696,54.78,8.19,-4.55,0.63,-2.81,False,-0.252,Normal,,💀 Death Cross,,backfill,
2024-06-26 07:00,2324.8,25.4,34.49,44.84,17.1,80,0,40,25.0,1.207,41.88,12.26,-9.09,-0.42,-1.52,False,-0.958,Normal,,⚠️ Mild Reversal | 💀💀 Death Cross + Below MAs,,backfill,
2024-06-27 08:00,2333.4,24.13,28.68,65.13,21.92,50,0,10,25.0,2.4,86.87,12.87,-4.55,-0.8,-0.27,False,-0.643,Normal,,💀💀 Death Cross + Below MAs,,backfill,
2024-06-28 09:00,2341.1,42.82,47.36,54.49,14.69,100,35,55,25.0,1.038,53.93,9.32,-4.55,-1.59,-0.86,False,-0.377,Normal,,💀 Death Cross,,backfill,
2024-07-01 10:00,2333.8,29.84,38.93,57.23,16.36,80,35,20,25.0,1.516,48.71,11.56,-9.09,-0.15,-0.33,False,-0.583,Normal,,⚠️ Mild Reversal | 💀 Death Cross,,backfill,
2024-07-02 11:00,2333.6,29.32,38.41,49.71,20.72,60,35,40,25.0,1.234,39.66,11.6,-9.09,-0.61,-1.36,False,-0.563,Normal,,⚠️ Mild Reversal | 💀 Death Cross,,backfill,
2024-07-05 08:00,2380.2,68.31,72.86,92.02,45.12,50,70,100,80.0,0.368,82.49,18.19,-4.55,2.38,1.57,False,1.005,Normal,,💀 Death Cross,,backfill,
2024-07-08 09:00,2383.2,76.08,76.08,80.46,51.01,60,100,85,80.0,0.668,34.29,12.57,0.0,2.13,0.64,True,1.122,Normal,,,,backfill,
2024-07-09 10:00,2361.6,64.42,64.42,50.55,65.99,80,100,10,80.0,2.669,41.72,16.74,0.0,0.88,0.65,True,0.412,Normal,,,,backfill,
2024-07-10 11:00,2385.4,78.51,78.51,83.48,67.58,100,100,40,80.0,1.433,63.73,12.83,0.0,2.21,0.4,True,1.192,Normal,,,,backfill,
2024-07-11 12:00,2417.5,86.33,86.33,93.6,84.38,70,100,100,70.0,0.245,79.9,19.05,0.0,3.6,0.92,True,2.21,Extended,,,,backfill,
2024-07-12 13:00,2422.8,82.03,82.03,88.77,78.43,100,100,55,70.0,1.124,60.44,9.87,0.0,1.79,4.71,True,2.246,Extended,,,,backfill,
2024-07-15 14:00,2427.1,85.64,85.64,78.36,80.46,100,100,85,70.0,0.711,58.98,13.67,0.0,1.84,4.62,True,2.241,Extended,,,,backfill,
2024-07-16 15:00,2473.5,86.98,86.98,97.45,84.4,70,100,100,70.0,0.591,78.2,13.86,0.0,4.74,6.15,True,3.369,Extreme Extended,,,,backfill,
2024-07-17 16:00,2463.1,75.83,75.83,80.47,84.51,80,100,40,70.0,1.42,43.92,19.12,0.0,3.26,5.73,True,2.729,Extreme Extended,,,,backfill,
2024-07-18 18:00,2446.8,60.37,60.37,63.31,78.92,30,100,20,70.0,1.816,17.09,11.3,0.0,1.21,5.42,True,2.107,Extended,,,,backfill,
2024-07-21 19:00,2413.3,67.71,72.26,50.96,82.57,80,65,85,70.0,0.639,40.72,13.7,-4.55,-0.39,3.44,True,1.215,Normal,,⚠️ Mild Reversal,,backfill,
2024-07-22 20:00,2401.2,60.56,65.1,45.15,75.47,80,65,55,70.0,1.063,44.59,10.59,-4.55,-1.07,2.85,True,0.879,Normal,,⚠️ Mild Reversal,,backfill,
2024-07-23 21:00,2409.2,75.05,75.05,49.54,65.76,100,65,100,70.0,0.548,50.96,8.48,0.0,-2.6,2.43,True,1.042,Normal,,,,backfill,
2024-07-24 22:00,2371.7,34.35,34.35,12.66,83.44,30,30,10,40.0,2.234,18.72,19.25,0.0,-3.71,-0.31,True,0.054,Normal,,,,backfill,
2024-07-25 23:00,2370.3,51.27,55.81,33.72,81.16,80,30,40,70.0,1.24,49.77,15.37,-4.55,-3.13,1.41,True,-0.005,Normal,,⚠️ Mild Reversal,,backfill,
2024-07-29 00:00,2393.3,69.9,69.9,37.53,56.88,100,100,55,70.0,1.099,66.58,10.97,0.0,-0.83,1.93,True,0.566,Normal,,,,backfill,
2024-07-30 01:00,2384.1,39.19,48.28,39.69,59.99,100,0,20,70.0,1.956,58.94,10.5,-9.09,-0.71,2.55,False,0.321,Normal,,⚠️ Mild Reversal | 💀💀 Death Cross + Below MAs,,backfill,
2024-07-31 02:00,2466.2,66.34,70.88,71.37,63.94,50,70,100,70.0,0.151,84.25,33.54,-4.55,2.37,5.69,False,2.314,Extended,,💀 Death Cross,,backfill,
2024-08-01 03:00,2484.4,80.13,80.13,72.51,53.25,100,100,85,70.0,0.611,60.92,15.46,0.0,4.75,6.12,True,2.543,Extreme Extended,,,,backfill,
2024-08-02 04:00,2506.0,81.9,81.9,84.76,56.66,70,100,100,80.0,0.584,76.89,13.8,0.0,5.73,7.38,True,2.802,Extreme Extended,,,,backfill,
2024-08-05 05:00,2464.9,72.04,72.04,55.64,86.61,80,100,20,90.0,1.972,46.58,34.24,0.0,2.99,5.63,True,1.765,Normal,,,,backfill,
2024-08-06 06:00,2453.0,71.23,71.23,57.85,84.53,100,65,40,80.0,1.29,53.51,27.15,0.0,2.89,3.06,True,1.497,Normal,,,,backfill,
2024-08-07 07:00,2441.4,56.98,61.53,40.96,73.21,100,65,10,80.0,3.083,60.5,16.33,-4.55,-1.01,2.44,True,1.252,Normal,,⚠️ Mild Reversal,,backfill,
2024-08-08 08:00,2447.4,63.9,63.9,56.26,62.16,50,65,70,80.0,0.948,80.8,12.91,0.0,-1.49,3.63,True,1.365,Normal,,,,backfill,
2024-08-09 09:00,2466.1,74.08,74.08,54.91,54.56,100,100,55,80.0,1.048,52.54,11.26,0.0,-1.59,3.38,True,1.67,Normal,,,,backfill,
2024-08-12 10:00,2492.8,71.97,71.97,63.63,38.16,50,100,100,80.0,0.449,84.74,9.13,0.0,1.13,3.11,True,2.097,Extended,,,,backfill,
2024-08-13 11:00,2508.3,75.95,75.95,64.85,35.84,100,100,85,70.0,0.602,52.3,10.4,0.0,2.25,3.53,True,2.233,Extended,,,,backfill,
2024-08-14 12:00,2482.5,50.67,50.67,27.1,36.93,60,100,10,70.0,2.173,33.2,11.79,0.0,1.68,2.28,True,1.632,Normal,,,,backfill,
2024-08-15 13:00,2493.2,57.33,57.33,36.55,27.45,100,100,10,70.0,2.942,51.91,17.15,0.0,1.87,0.8,True,1.733,Normal,,,,backfill,
2024-08-16 14:00,2541.9,70.63,70.63,69.33,34.48,50,100,100,70.0,0.465,87.88,15.69,0.0,3.07,3.2,True,2.452,Extended,,,,backfill,
2024-08-19 15:00,2543.9,66.02,66.02,68.34,17.78,100,100,40,70.0,1.317,54.67,11.46,0.0,2.05,3.97,True,2.308,Extended,,,,backfill,
2024-08-20 16:00,2552.1,67.38,67.38,73.08,21.22,100,100,40,70.0,1.492,60.0,14.59,0.0,1.75,5.75,True,2.266,Extended,,,,backfill,
2024-08-21 18:00,2550.8,71.09,71.09,75.57,10.95,100,100,70,70.0,0.855,53.95,10.28,0.0,2.75,6.23,True,2.099,Extended,,,,backfill,
2024-08-22 19:00,2522.9,45.64,45.64,54.93,13.89,60,65,10,70.0,3.327,31.74,12.25,0.0,1.19,4.72,True,1.594,Normal,,,,backfill,
2024-08-25 20:00,2549.0,70.13,70.13,70.86,9.93,70,100,100,70.0,0.368,75.26,8.51,0.0,0.28,7.48,True,1.874,Normal,,,,backfill,
2024-08-26 21:00,2545.1,53.9,53.9,52.21,1.19,30,100,70,70.0,0.975,24.6,8.72,0.0,0.05,7.37,True,1.725,Normal,,,,backfill,
2024-08-27 22:00,2551.5,61.03,61.03,49.09,7.06,100,100,40,70.0,1.378,57.54,11.29,0.0,-0.02,6.61,True,1.728,Normal,,,,backfill,
2024-08-28 23:00,2549.9,52.88,57.42,59.33,5.2,70,100,40,70.0,1.339,71.73,9.54,-4.55,-0.04,6.95,True,1.634,Normal,,⚠️ Mild Reversal,,backfill,
2024-08-30 00:00,2546.8,54.2,54.2,33.61,6.59,80,65,70,70.0,0.997,42.47,10.92,0.0,0.95,3.27,True,1.521,Normal,,,,backfill,
2024-09-03 01:00,2526.8,29.63,34.18,9.67,10.41,30,65,10,80.0,2.064,28.57,11.26,-4.55,-0.87,1.71,True,1.196,Normal,,⚠️ Mild Reversal,,backfill,
2024-09-04 02:00,2515.6,40.97,45.52,7.2,20.91,80,65,20,80.0,1.575,41.91,14.54,-4.55,-1.16,0.38,True,1.003,Normal,,⚠️ Mild Reversal,,backfill,
2024-09-05 03:00,2536.5,68.77,68.77,37.76,19.84,100,100,85,70.0,0.657,64.91,13.22,0.0,-0.59,2.9,True,1.243,Normal,,,,backfill,
2024-09-06 04:00,2547.8,69.55,69.55,40.24,12.04,100,100,85,80.0,0.682,55.61,8.85,0.0,-0.08,3.86,True,1.338,Normal,,,,backfill,
2024-09-09 05:00,2525.3,43.16,47.7,29.67,46.54,100,30,10,70.0,2.562,51.9,16.46,-4.55,-0.84,3.44,True,0.995,Normal,,⚠️ Mild Reversal,,backfill,
2024-09-10 06:00,2534.5,65.92,65.92,36.03,24.49,80,100,85,70.0,0.713,48.19,7.46,0.0,0.3,3.56,True,1.081,Normal,,,,backfill,
2024-09-11 07:00,2551.0,69.67,69.67,47.16,30.83,100,100,70,70.0,0.89,60.47,9.42,0.0,1.41,3.44,True,1.268,Normal,,,,backfill,
2024-09-12 08:00,2556.8,63.44,63.44,43.15,57.46,70,100,40,70.0,1.388,71.39,12.48,0.0,0.8,2.57,True,1.326,Normal,,,,backfill,
2024-09-13 09:00,2605.8,77.0,77.0,71.88,70.13,50,100,100,70.0,0.171,82.76,12.42,0.0,2.28,3.89,True,1.961,Normal,,,,backfill,
2024-09-16 10:00,2607.7,68.87,68.87,69.13,54.07,80,100,40,70.0,1.488,48.36,9.67,0.0,3.26,5.04,True,1.906,Normal,,,,backfill,
2024-09-17 11:00,2592.4,62.92,62.92,50.85,56.69,60,100,40,70.0,1.445,33.33,11.24,0.0,2.28,3.98,True,1.619,Normal,,,,backfill,
2024-09-18 12:00,2601.7,68.53,68.53,53.45,32.74,100,100,55,70.0,1.012,52.22,8.9,0.0,1.99,2.35,True,1.694,Normal,,,,backfill,
2024-09-19 13:00,2616.0,65.73,65.73,63.41,80.99,70,100,10,70.0,2.194,70.75,24.13,0.0,2.32,2.83,True,1.829,Normal,,,,backfill,
2024-09-20 14:00,2646.9,76.86,76.86,71.33,79.8,70,100,70,70.0,0.885,72.12,12.66,0.0,1.58,3.71,True,2.184,Extended,,,,backfill,
2024-09-23 15:00,2651.0,67.92,67.92,64.4,73.11,80,100,20,70.0,1.616,45.16,9.12,0.0,1.66,3.93,True,2.128,Extended,,,,backfill,
2024-09-24 16:00,2682.1,75.46,75.46,89.74,83.03,70,100,40,70.0,1.428,75.99,14.07,0.0,3.46,6.31,True,2.43,Extended,,,,backfill,
2024-09-25 18:00,2681.8,85.81,85.81,73.29,76.56,100,100,85,80.0,0.776,51.01,11.12,0.0,3.08,5.21,True,2.261,Extended,,,,backfill,
2024-09-26 19:00,2694.9,75.81,75.81,78.42,76.42,100,100,20,80.0,1.912,52.08,14.47,0.0,3.02,5.89,True,2.274,Extended,,,,backfill,
2024-09-29 20:00,2683.1,66.47,66.47,63.4,75.42,80,100,10,70.0,2.459,47.19,13.58,0.0,1.37,5.16,True,1.994,Normal,,,,backfill,
2024-09-30 21:00,2661.3,59.02,59.02,44.84,64.29,100,65,10,70.0,2.325,54.24,12.58,0.0,0.39,4.37,True,1.636,Normal,,,,backfill,
2024-10-01 22:00,2681.1,82.33,82.33,62.97,76.01,100,100,85,70.0,0.631,58.12,13.12,0.0,-0.04,5.27,True,1.777,Normal,,,,backfill,
2024-10-02 23:00,2676.6,62.6,67.15,54.73,58.15,100,65,55,70.0,1.161,57.25,11.96,-4.55,-0.19,5.93,True,1.648,Normal,,⚠️ Mild Reversal,,backfill,
2024-10-04 00:00,2683.9,66.8,66.8,61.41,34.41,70,100,55,80.0,1.041,74.77,11.48,0.0,-0.41,6.69,True,1.669,Normal,,,,backfill,
2024-10-07 01:00,2660.3,46.34,50.88,28.68,41.62,60,65,20,90.0,1.534,30.17,19.12,-4.55,-0.85,4.88,True,1.338,Normal,,⚠️ Mild Reversal,,backfill,
2024-10-08 02:00,2655.8,47.48,52.03,31.21,35.94,80,65,10,90.0,2.314,40.29,16.51,-4.55,-0.21,4.24,True,1.236,Normal,,⚠️ Mild Reversal,,backfill,
2024-10-09 03:00,2630.0,43.28,47.83,13.22,43.75,100,30,10,90.0,2.245,53.64,16.01,-4.55,-1.91,4.15,True,0.902,Normal,,⚠️ Mild Reversal,,backfill,
2024-10-10 04:00,2632.4,52.23,52.23,23.97,29.39,100,30,40,90.0,1.491,57.82,10.08,0.0,-1.65,3.86,True,0.906,Normal,,,,backfill,
2024-10-11 05:00,2654.9,76.72,76.72,27.27,58.03,100,100,85,90.0,0.637,63.42,11.93,0.0,-1.08,4.07,True,1.171,Normal,,,,backfill,
2024-10-14 06:00,2673.1,72.52,72.52,38.93,31.2,100,100,85,80.0,0.732,50.26,10.53,0.0,0.48,4.55,True,1.362,Normal,,,,backfill,
2024-10-15 07:00,2664.5,45.72,50.26,21.88,19.69,80,70,20,90.0,1.515,48.07,10.19,-4.55,0.33,2.25,False,1.199,Normal,,💀 Death Cross,,backfill,
2024-10-16 08:00,2698.2,70.73,70.73,50.15,24.23,70,100,100,80.0,0.512,74.26,10.99,0.0,2.59,3.47,True,1.583,Normal,,,,backfill,
2024-10-17 09:00,2704.3,76.67,76.67,56.62,38.41,100,100,85,80.0,0.723,64.6,10.95,0.0,2.73,4.32,True,1.598,Normal,,,,backfill,
2024-10-18 10:00,2732.4,78.29,78.29,68.82,50.91,70,100,100,80.0,0.54,75.0,10.39,0.0,2.92,5.02,True,1.9,Normal,,,,backfill,
2024-10-21 11:00,2734.8,61.45,61.45,50.35,48.33,80,100,10,80.0,2.309,43.07,11.46,0.0,2.31,4.54,True,1.858,Normal,,,,backfill,
2024-10-22 12:00,2759.7,74.72,74.72,70.0,43.32,100,100,55,80.0,1.152,64.76,11.0,0.0,3.57,4.26,True,2.122,Extended,,,,backfill,
2024-10-23 13:00,2730.3,46.75,46.75,33.04,62.46,30,65,10,80.0,2.509,25.37,14.75,0.0,1.19,2.99,True,1.642,Normal,,,,backfill,
2024-10-24 14:00,2748.4,72.01,72.01,50.93,46.1,100,100,55,80.0,1.124,65.84,6.67,0.0,1.63,2.47,True,1.811,Normal,,,,backfill,
2024-10-25 15:00,2755.3,76.16,76.16,49.92,32.06,100,100,85,90.0,0.618,63.03,10.97,0.0,0.84,2.74,True,1.821,Normal,,,,backfill,
2024-10-28 16:00,2754.7,59.84,59.84,42.14,26.89,100,100,10,80.0,2.12,52.98,12.13,0.0,0.73,2.22,True,1.738,Normal,,,,backfill,
2024-10-29 18:00,2787.0,77.35,77.35,68.93,45.2,70,100,100,80.0,0.525,72.3,11.62,0.0,0.99,3.87,True,2.072,Extended,,,,backfill,
2024-10-30 19:00,2796.4,75.96,75.96,70.27,40.47,100,100,55,90.0,1.148,53.73,7.64,0.0,2.42,5.08,True,2.078,Extended,,,,backfill,
2024-10-31 20:00,2754.6,47.05,47.05,28.07,59.22,30,65,10,90.0,2.88,25.74,17.35,0.0,0.23,2.74,True,1.463,Normal,,,,backfill,
2024-11-03 21:00,2749.3,50.58,55.12,28.85,66.88,60,65,20,90.0,1.906,35.33,8.94,-4.55,-0.22,2.72,True,1.334,Normal,,⚠️ Mild Reversal,,backfill,
2024-11-04 22:00,2744.1,58.27,62.82,21.22,55.67,60,65,85,90.0,0.695,38.5,10.78,-4.55,-0.38,2.24,True,1.217,Normal,,⚠️ Mild Reversal,,backfill,
2024-11-05 23:00,2751.0,67.32,67.32,34.13,64.82,80,65,70,90.0,0.955,47.37,13.25,0.0,-1.29,3.41,True,1.254,Normal,,,,backfill,
2024-11-07 00:00,2666.7,47.61,52.15,10.84,92.08,80,30,20,80.0,1.586,48.92,33.45,-4.55,-4.64,0.41,True,0.179,Normal,,⚠️ Mild Reversal,,backfill,
2024-11-08 01:00,2693.6,61.19,61.19,21.88,90.26,60,30,85,80.0,0.708,37.17,15.07,0.0,-2.21,2.42,True,0.487,Normal,,,,backfill,
2024-11-11 02:00,2676.3,33.74,42.83,9.67,87.31,60,0,20,80.0,1.544,32.53,10.72,-9.09,-2.66,1.67,False,0.235,Normal,,⚠️ Mild Reversal | 💀💀 Death Cross + Below MAs,,backfill,
2024-11-12 03:00,2606.7,27.51,32.06,1.29,96.04,60,0,10,25.0,2.88,36.44,17.87,-4.55,-5.01,-1.82,False,-0.704,Normal,,💀💀 Death Cross + Below MAs,,backfill,
2024-11-13 04:00,2614.4,40.88,45.43,16.89,90.67,100,0,40,25.0,1.373,66.54,12.92,-4.55,-4.97,-2.2,False,-0.627,Normal,,💀💀 Death Cross + Below MAs,,backfill,
2024-11-14 05:00,2552.0,22.9,27.44,5.06,94.58,30,0,10,25.0,4.283,20.47,17.2,-4.55,-4.3,-4.22,False,-1.499,Normal,,💀💀 Death Cross + Below MAs,,backfill,
2024-11-15 06:00,2575.3,43.35,47.89,26.15,81.2,100,0,55,25.0,1.051,53.7,13.35,-4.55,-4.39,-4.55,False,-1.218,Normal,,💀💀 Death Cross + Below MAs,,backfill,
2024-11-18 07:00,2599.7,50.81,55.35,34.76,82.35,70,35,85,25.0,0.698,76.87,15.07,-4.55,-2.86,-3.87,False,-0.919,Normal,,💀 Death Cross,,backfill,
2024-11-19 08:00,2639.2,58.34,62.89,47.7,84.61,100,35,85,25.0,0.697,69.48,12.13,-4.55,1.25,-3.41,False,-0.387,Normal,,💀 Death Cross,,backfill,
2024-11-20 09:00,2646.7,44.5,49.04,49.03,75.23,100,35,10,25.0,2.475,55.92,12.6,-4.55,1.24,-3.22,False,-0.32,Normal,,💀 Death Cross,,backfill,
2024-11-21 10:00,2670.4,44.31,48.85,55.93,67.17,70,35,40,25.0,1.414,72.22,9.43,-4.55,4.64,-3.24,False,0.002,Normal,,💀 Death Cross,,backfill,
2024-11-22 11:00,2707.3,57.79,62.33,67.58,71.42,100,70,40,25.0,1.23,65.51,13.79,-4.55,5.13,-0.84,False,0.568,Normal,,💀 Death Cross,,backfill,
2024-11-25 12:00,2629.2,25.05,29.59,27.6,84.97,30,0,10,25.0,3.351,26.81,29.21,-4.55,1.13,-4.34,False,-0.814,Normal,,💀💀 Death Cross + Below MAs,,backfill,
2024-11-26 13:00,2623.8,35.7,44.79,39.07,69.68,80,0,55,25.0,1.132,47.42,18.89,-9.09,-0.58,-4.77,False,-0.934,Normal,,⚠️ Mild Reversal | 💀💀 Death Cross + Below MAs,,backfill,
2024-11-27 14:00,2659.9,53.52,58.06,56.55,81.82,100,0,85,25.0,0.739,57.01,29.94,-4.55,0.5,-3.44,False,-0.313,Normal,,💀💀 Death Cross + Below MAs,,backfill,
2024-12-02 05:00,2658.8,33.74,42.83,50.85,51.15,60,0,70,25.0,0.864,30.71,19.81,-9.09,-0.43,-4.6,False,-0.358,Normal,,⚠️ Mild Reversal | 💀💀 Death Cross + Below MAs,,backfill,
2024-12-03 06:00,2666.2,59.71,64.25,46.34,44.19,100,70,100,25.0,0.518,60.2,8.43,-4.55,-1.52,-4.66,False,-0.252,Normal,,💀 Death Cross,,backfill,
2024-12-04 07:00,2659.2,54.16,58.71,58.45,33.78,80,70,85,25.0,0.783,41.24,14.05,-4.55,1.14,-3.46,False,-0.417,Normal,,💀 Death Cross,,backfill,
2024-12-05 08:00,2672.5,65.33,65.33,69.86,32.1,80,100,85,25.0,0.648,48.3,12.08,0.0,1.86,-2.79,True,-0.184,Normal,,,,backfill,
2024-12-06 09:00,2657.1,56.88,61.43,54.08,39.48,100,65,85,25.0,0.757,54.15,16.07,-4.55,-0.11,-3.17,True,-0.483,Normal,,⚠️ Mild Reversal,,backfill,
2024-12-09 10:00,2691.2,71.07,71.07,78.1,38.3,100,100,85,25.0,0.694,68.99,16.63,0.0,1.22,-2.17,True,0.17,Normal,,,,backfill,
2024-12-10 11:00,2717.9,76.45,76.45,82.8,25.89,70,100,100,80.0,0.483,76.57,10.84,0.0,1.94,1.92,True,0.68,Normal,,,,backfill,
2024-12-11 12:00,2757.1,82.56,82.56,95.76,34.59,100,100,85,80.0,0.735,65.75,12.87,0.0,3.68,2.36,True,1.406,Normal,,,,backfill,
2024-12-12 13:00,2707.9,54.14,54.14,67.63,37.18,30,100,10,80.0,2.147,23.66,14.95,0.0,1.32,1.18,True,0.441,Normal,,,,backfill,
2024-12-13 14:00,2672.8,49.0,49.0,57.98,21.04,30,65,40,80.0,1.342,19.29,12.61,0.0,0.59,2.54,True,-0.232,Normal,,,,backfill,
2024-12-16 15:00,2670.1,52.83,57.37,55.12,9.12,80,65,55,80.0,1.18,47.81,9.89,-4.55,-0.78,2.13,True,-0.282,Normal,,⚠️ Mild Reversal,,backfill,
2024-12-17 16:00,2663.5,43.61,48.16,50.28,8.67,80,30,40,80.0,1.358,43.09,12.01,-4.55,-2.0,4.37,True,-0.401,Normal,,⚠️ Mild Reversal,,backfill,
2024-12-18 18:00,2601.5,29.42,33.97,26.11,17.7,30,30,10,90.0,7.437,7.91,21.25,-4.55,-5.64,1.02,True,-1.552,Depressed,,⚠️ Mild Reversal,,backfill,
2024-12-19 19:00,2604.9,37.38,41.92,31.62,14.93,30,0,85,90.0,0.725,22.99,16.14,-4.55,-3.8,0.2,False,-1.447,Normal,,💀💀 Death Cross + Below MAs,,backfill,
2024-12-22 20:00,2638.1,41.22,45.76,42.19,7.37,100,0,100,25.0,0.524,65.67,16.72,-4.55,-1.3,-0.04,False,-0.813,Normal,,💀💀 Death Cross + Below MAs,,backfill,
2024-12-23 21:00,2630.7,33.26,37.81,31.62,0.24,100,0,70,25.0,0.952,51.19,8.95,-4.55,-1.48,-0.6,False,-0.943,Normal,,💀💀 Death Cross + Below MAs,,backfill,
2024-12-26 18:00,2652.8,40.38,44.92,39.03,0.52,100,35,70,25.0,0.883,64.71,11.01,-4.55,-0.4,-0.66,False,-0.546,Normal,,💀 Death Cross,,backfill,
2024-12-29 19:00,2636.6,28.52,33.07,36.42,1.97,80,35,20,25.0,1.944,47.74,10.05,-4.55,1.35,-2.61,False,-0.838,Normal,,💀 Death Cross,,backfill,
2024-12-30 20:00,2620.7,21.76,26.31,40.34,2.5,80,0,10,25.0,2.015,47.96,15.08,-4.55,0.61,-0.32,False,-1.101,Normal,,💀💀 Death Cross + Below MAs,,backfill,
2025-01-02 03:00,2648.8,50.63,55.18,62.35,3.71,50,35,100,80.0,0.32,92.05,10.6,-4.55,0.41,0.95,False,-0.575,Normal,,💀 Death Cross,,backfill,
2025-01-03 04:00,2667.7,59.7,64.24,57.12,13.34,80,70,85,80.0,0.674,47.29,8.77,-4.55,1.41,0.29,False,-0.23,Normal,,💀 Death Cross,,backfill,
2025-01-06 05:00,2645.8,35.63,40.18,38.06,13.02,60,35,70,25.0,0.946,39.44,8.74,-4.55,-0.26,-0.49,False,-0.608,Normal,,💀 Death Cross,,backfill,
2025-01-07 06:00,2659.6,34.71,39.26,67.33,18.22,70,35,20,25.0,1.751,72.64,18.83,-4.55,0.87,-0.25,False,-0.337,Normal,,💀 Death Cross,,backfill,
2025-01-08 07:00,2665.7,64.42,68.97,69.14,24.66,100,70,70,80.0,0.949,56.37,12.03,-4.55,1.72,0.24,False,-0.203,Normal,,💀 Death Cross,,backfill,
2025-01-09 08:00,2691.4,69.94,69.94,77.96,41.66,100,100,20,80.0,1.649,68.71,13.35,0.0,1.61,0.71,True,0.293,Normal,,,,backfill,
2025-01-10 09:00,2723.4,82.84,82.84,90.9,56.13,70,100,100,80.0,0.445,77.31,10.78,0.0,2.09,2.5,True,0.925,Normal,,,,backfill,
2025-01-13 10:00,2680.9,46.33,46.33,39.27,63.73,30,100,20,25.0,1.506,15.67,11.69,0.0,1.33,-0.38,True,0.136,Normal,,,,backfill,
2025-01-14 11:00,2685.6,57.84,57.84,49.13,57.94,80,65,70,25.0,0.943,49.26,7.97,0.0,0.98,-1.19,True,0.254,Normal,,,,backfill,
2025-01-15 12:00,2715.9,68.23,68.23,62.08,67.3,100,100,55,25.0,1.06,67.63,13.91,0.0,1.88,-1.49,True,0.881,Normal,,,,backfill,
2025-01-16 13:00,2748.1,86.4,86.4,82.62,70.75,100,100,85,80.0,0.684,68.58,10.79,0.0,2.11,1.48,True,1.573,Normal,,,,backfill,
2025-01-17 14:00,2742.0,80.13,80.13,67.03,63.77,100,100,70,80.0,0.845,50.67,12.82,0.0,0.68,2.59,True,1.535,Normal,,,,backfill,
2025-01-21 15:00,2755.8,88.44,88.44,85.58,65.08,100,100,100,80.0,0.341,65.14,12.83,0.0,2.79,3.21,True,1.894,Normal,,,,backfill,
2025-01-22 16:00,2766.3,76.31,76.31,83.16,64.68,100,100,40,70.0,1.306,56.7,9.57,0.0,3.0,3.86,True,2.1,Extended,,,,backfill,
2025-01-23 18:00,2762.2,85.15,85.15,75.13,70.74,100,100,85,80.0,0.788,52.87,9.49,0.0,1.7,6.18,True,1.987,Normal,,,,backfill,
2025-01-26 19:00,2774.9,78.74,78.74,66.35,71.09,80,100,85,70.0,0.649,44.65,10.0,0.0,0.98,6.53,True,2.189,Extended,,,,backfill,
2025-01-27 20:00,2744.8,54.93,54.93,46.72,77.86,30,65,40,70.0,1.477,25.14,14.61,0.0,0.1,4.04,True,1.493,Normal,,,,backfill,
2025-01-28 21:00,2771.9,75.91,75.91,70.77,64.69,50,100,100,70.0,0.352,88.89,6.55,0.0,0.58,5.37,True,1.966,Normal,,,,backfill,
2025-01-29 22:00,2773.4,80.84,80.84,58.66,56.41,100,100,100,70.0,0.529,56.51,8.01,0.0,0.26,4.55,True,1.898,Normal,,,,backfill,
2025-01-30 23:00,2849.3,86.41,86.41,90.55,72.89,100,100,85,70.0,0.608,66.44,26.17,0.0,3.15,8.07,True,3.047,Extreme Extended,,,,backfill,
2025-02-03 00:00,2814.1,55.42,55.42,51.55,70.95,30,100,10,70.0,2.046,17.61,13.21,0.0,1.41,7.38,True,2.207,Extended,,,,backfill,
2025-02-04 01:00,2843.1,81.33,81.33,77.8,80.17,60,100,100,70.0,0.534,34.48,12.21,0.0,3.58,7.34,True,2.503,Extreme Extended,,,,backfill,
2025-02-05 02:00,2890.5,76.97,76.97,94.94,61.89,50,100,85,70.0,0.609,82.5,11.11,0.0,4.28,8.35,True,3.041,Extreme Extended,,,,backfill,
2025-02-06 03:00,2878.9,72.18,72.18,70.46,77.6,60,100,55,70.0,1.057,30.2,13.06,0.0,3.8,8.81,True,2.622,Extreme Extended,,,,backfill,
2025-02-07 04:00,2892.5,65.87,65.87,73.56,61.69,70,100,20,70.0,1.667,73.95,14.54,0.0,1.52,8.76,True,2.604,Extreme Extended,,,,backfill,
2025-02-10 05:00,2930.8,68.58,68.58,96.65,74.86,50,100,20,70.0,1.891,98.13,15.52,0.0,4.15,9.94,True,2.891,Extreme Extended,,,,backfill,
2025-02-11 06:00,2930.2,73.3,73.3,72.64,62.16,80,100,55,70.0,1.185,46.57,13.64,0.0,3.06,8.87,True,2.606,Extreme Extended,,,,backfill,
2025-02-12 07:00,2911.6,67.52,67.52,47.02,58.1,60,100,70,70.0,0.89,32.95,13.27,0.0,0.73,6.91,True,2.197,Extended,,,,backfill,
2025-02-13 08:00,2935.6,79.95,79.95,74.12,80.56,100,100,55,70.0,1.004,56.45,11.92,0.0,1.97,9.5,True,2.291,Extended,,,,backfill,
2025-02-14 09:00,2938.9,59.62,59.62,45.46,72.29,60,100,10,70.0,2.012,31.02,11.98,0.0,1.6,9.43,True,2.156,Extended,,,,backfill,
2025-02-18 10:00,2944.8,66.92,66.92,57.62,83.9,50,100,40,70.0,1.341,85.5,19.1,0.0,0.48,8.43,True,2.104,Extended,,,,backfill,
2025-02-19 11:00,2944.5,57.91,57.91,31.45,55.99,80,100,10,70.0,2.042,46.94,13.52,0.0,0.49,7.15,True,1.966,Normal,,,,backfill,
2025-02-20 12:00,2956.6,63.14,63.14,39.68,69.15,80,100,20,70.0,1.553,46.78,11.06,0.0,1.55,7.83,True,1.957,Normal,,,,backfill,
2025-02-21 13:00,2958.5,68.28,68.28,35.07,49.62,100,100,55,70.0,1.183,67.43,12.11,0.0,0.78,7.36,True,1.871,Normal,,,,backfill,
2025-02-24 14:00,2964.3,63.16,63.16,36.41,52.56,100,100,20,70.0,1.518,61.31,15.85,0.0,0.86,7.16,True,1.824,Normal,,,,backfill,
2025-02-25 15:00,2925.5,45.79,50.34,15.37,71.67,60,65,20,70.0,1.703,37.12,20.64,-4.55,-0.66,5.91,True,1.399,Normal,,⚠️ Mild Reversal,,backfill,
2025-02-26 16:00,2931.7,62.67,62.67,20.78,50.21,100,65,70,70.0,0.89,55.24,12.31,0.0,-0.43,5.65,True,1.392,Normal,,,,backfill,
2025-02-27 18:00,2886.2,39.29,43.83,4.74,58.24,80,30,10,80.0,2.597,45.95,17.19,-4.55,-2.38,5.15,True,0.953,Normal,,⚠️ Mild Reversal,,backfill,
2025-03-02 19:00,2877.1,60.92,65.46,15.68,82.1,100,30,85,80.0,0.684,52.01,17.47,-4.55,-2.75,3.8,True,0.846,Normal,,⚠️ Mild Reversal,,backfill,
2025-03-03 20:00,2899.3,55.29,59.83,20.72,73.26,100,0,85,80.0,0.775,65.01,12.29,-4.55,-2.19,4.54,False,1.004,Normal,,💀💀 Death Cross + Below MAs,,backfill,
2025-03-04 21:00,2915.0,47.4,51.94,17.66,64.01,60,35,55,80.0,1.148,37.44,18.15,-4.55,-0.36,2.31,False,1.092,Normal,,💀 Death Cross,,backfill,
2025-03-05 22:00,2929.8,58.79,63.34,29.62,60.4,100,70,40,80.0,1.41,52.2,15.42,-4.55,-0.06,4.11,False,1.169,Normal,,💀 Death Cross,,backfill,
2025-03-06 23:00,2913.2,50.49,55.04,22.99,37.24,100,35,55,80.0,1.041,50.88,13.11,-4.55,0.94,2.47,False,0.988,Normal,,💀 Death Cross,,backfill,
2025-03-10 00:00,2917.0,48.86,53.41,26.28,64.18,30,35,85,80.0,0.736,28.54,12.87,-4.55,1.39,0.92,False,0.979,Normal,,💀 Death Cross,,backfill,
2025-03-11 01:00,2899.7,47.24,51.78,20.24,80.45,60,0,70,80.0,0.878,34.85,15.25,-4.55,0.01,0.72,False,0.798,Normal,,💀💀 Death Cross + Below MAs,,backfill,
2025-03-12 02:00,2917.3,51.34,55.88,32.54,62.77,60,0,100,80.0,0.428,33.33,8.26,-4.55,0.08,0.86,False,0.915,Normal,,💀💀 Death Cross + Below MAs,,backfill,
2025-03-13 03:00,2944.9,72.75,77.29,37.41,76.34,100,70,100,80.0,0.581,51.74,10.38,-4.55,0.52,0.48,False,1.119,Normal,,💀 Death Cross,,backfill,
2025-03-14 04:00,3005.8,90.57,90.57,72.26,91.13,100,100,100,80.0,0.3,66.75,14.02,0.0,3.18,2.58,True,1.607,Normal,,,,backfill,
2025-03-17 05:00,3003.1,78.97,78.97,67.3,71.51,100,100,55,80.0,1.022,64.35,9.11,0.0,2.95,3.14,True,1.528,Normal,,,,backfill,
2025-03-18 06:00,3032.2,74.09,74.09,77.0,62.56,70,100,55,80.0,1.18,78.66,11.07,0.0,4.57,3.29,True,1.739,Normal,,,,backfill,
2025-03-19 07:00,3046.8,70.01,70.01,74.66,55.38,100,100,20,70.0,1.703,54.88,10.89,0.0,4.44,3.67,True,1.808,Normal,,,,backfill,
2025-03-20 08:00,3048.9,73.0,73.0,64.8,43.2,60,100,100,70.0,0.45,37.59,12.5,0.0,3.53,3.54,True,1.75,Normal,,,,backfill,
2025-03-21 09:00,3010.9,41.43,41.43,34.24,39.34,30,65,10,70.0,3.626,14.64,17.58,0.0,0.17,2.26,True,1.344,Normal,,,,backfill,
2025-03-24 10:00,3016.7,59.22,59.22,42.56,57.74,80,65,40,70.0,1.223,43.86,11.67,0.0,0.45,2.03,True,1.355,Normal,,,,backfill,
2025-03-25 11:00,3026.5,72.57,72.57,51.62,63.81,100,65,85,70.0,0.634,59.89,10.24,0.0,-0.19,2.3,True,1.409,Normal,,,,backfill,
2025-03-26 12:00,3021.5,52.75,57.3,32.53,56.27,80,65,40,70.0,1.409,43.82,10.68,-4.55,-0.83,1.93,True,1.32,Normal,,⚠️ Mild Reversal,,backfill,
2025-03-27 13:00,3066.7,79.25,79.25,81.05,24.47,100,100,100,70.0,0.52,68.85,14.44,0.0,0.58,4.83,True,1.715,Normal,,,,backfill,
2025-03-28 14:00,3111.8,81.21,81.21,83.14,39.14,100,100,85,80.0,0.62,65.79,18.8,0.0,3.35,6.14,True,2.074,Extended,,,,backfill,
2025-03-31 15:00,3157.2,79.16,79.16,95.45,44.49,100,100,55,80.0,1.081,55.62,15.42,0.0,4.66,9.39,True,2.414,Extended,,,,backfill,
2025-04-01 16:00,3148.5,61.18,61.18,72.53,34.55,60,100,20,80.0,1.942,39.83,13.72,0.0,4.03,9.43,True,2.213,Extended,,,,backfill,
2025-04-02 18:00,3171.7,82.66,82.66,81.86,64.1,100,100,70,80.0,0.818,57.88,21.58,0.0,4.97,9.4,True,2.313,Extended,,,,backfill,
2025-04-03 19:00,3134.3,79.28,79.28,50.04,90.66,80,65,100,90.0,0.506,44.43,33.55,0.0,2.2,7.52,True,1.866,Normal,,,,backfill,
2025-04-06 20:00,2994.5,42.02,46.56,13.04,96.34,30,30,20,90.0,1.7,21.55,34.61,-4.55,-3.77,2.21,True,0.496,Normal,,⚠️ Mild Reversal,,backfill,
2025-04-07 21:00,3013.9,68.9,68.9,42.85,90.56,60,30,100,90.0,0.318,35.42,43.34,0.0,-4.54,3.46,True,0.646,Normal,,,,backfill,
2025-04-08 22:00,3016.5,68.68,68.68,39.4,87.67,80,30,85,90.0,0.725,40.79,22.7,0.0,-4.19,3.41,True,0.642,Normal,,,,backfill,
2025-04-09 23:00,3141.4,79.78,79.78,70.32,93.34,70,100,55,90.0,1.129,70.09,36.71,0.0,-0.96,8.34,True,1.865,Normal,,,,backfill,
2025-04-11 00:00,3226.8,85.33,85.33,85.8,86.17,50,100,100,90.0,0.461,89.37,25.08,0.0,2.95,10.61,True,2.643,Extreme Extended,,,,backfill,
2025-04-14 01:00,3249.9,86.73,86.73,79.38,81.0,100,100,70,90.0,0.91,51.23,25.73,0.0,8.53,10.36,True,2.705,Extreme Extended,,,,backfill,
2025-04-15 02:00,3241.1,70.65,70.65,56.02,67.89,70,100,40,90.0,1.343,72.88,16.03,0.0,7.54,7.83,True,2.48,Extended,,,,backfill,
2025-04-16 03:00,3316.7,84.4,84.4,95.43,70.98,50,100,100,90.0,0.592,97.03,13.28,0.0,9.95,10.44,True,3.001,Extreme Extended,,,,backfill,
2025-04-17 04:00,3337.6,76.12,76.12,76.29,80.42,80,100,40,80.0,1.209,46.51,18.45,0.0,6.25,10.07,True,2.883,Extreme Extended,,,,backfill,
2025-04-21 05:00,3406.7,76.41,76.41,90.68,72.78,50,100,55,90.0,1.137,86.27,22.71,0.0,5.58,11.81,True,3.17,Extreme Extended,,,,backfill,
2025-04-22 06:00,3463.7,87.62,87.62,83.45,82.27,100,100,70,90.0,0.937,59.3,24.48,0.0,6.58,13.6,True,3.212,Extreme Extended,,,,backfill,
2025-04-23 07:00,3335.3,62.71,62.71,65.38,85.89,60,65,20,80.0,1.678,38.24,42.52,0.0,2.91,10.77,True,2.086,Extended,,,,backfill,
2025-04-24 08:00,3347.3,73.86,73.86,68.08,90.1,100,65,40,80.0,1.258,62.35,29.75,0.0,0.92,10.96,True,2.052,Extended,,,,backfill,
2025-04-25 09:00,3290.7,47.16,51.7,37.03,88.18,30,65,10,80.0,2.056,23.89,27.63,-4.55,-1.41,8.73,True,1.566,Normal,,⚠️ Mild Reversal,,backfill,
2025-04-28 10:00,3339.6,75.79,75.79,56.37,83.34,100,65,70,80.0,0.968,55.16,29.95,0.0,-1.97,10.53,True,1.805,Normal,,,,backfill,
2025-04-29 11:00,3323.4,63.27,67.82,27.27,69.63,80,65,85,80.0,0.797,40.08,14.62,-4.55,-4.05,8.37,True,1.612,Normal,,⚠️ Mild Reversal,,backfill,
2025-04-30 12:00,3321.3,67.82,72.37,32.39,71.82,100,65,85,80.0,0.799,52.61,21.74,-4.55,-0.42,6.73,True,1.526,Normal,,⚠️ Mild Reversal,,backfill,
2025-05-01 13:00,3221.9,48.84,53.38,5.24,70.07,80,30,55,80.0,1.03,42.44,23.2,-4.55,-3.75,2.05,True,0.862,Normal,,⚠️ Mild Reversal,,backfill,
2025-05-02 14:00,3234.2,43.37,43.37,16.91,63.29,60,30,10,80.0,2.115,36.95,22.88,0.0,-1.72,2.72,True,0.897,Normal,,,,backfill,
2025-05-05 15:00,3337.6,67.07,67.07,40.85,46.58,50,100,85,80.0,0.719,88.42,19.75,0.0,-0.06,5.23,True,1.487,Normal,,,,backfill,
2025-05-06 16:00,3441.8,70.91,70.91,60.99,49.44,50,100,85,80.0,0.614,88.98,27.69,0.0,3.56,9.81,True,2.031,Extended,,,,backfill,
2025-05-07 18:00,3376.8,58.82,58.82,51.6,41.3,60,100,20,80.0,1.807,39.02,32.98,0.0,1.67,12.77,True,1.555,Normal,,,,backfill,
2025-05-08 19:00,3321.0,58.13,58.13,45.36,43.45,60,65,55,80.0,1.158,39.42,31.74,0.0,3.08,10.19,True,1.166,Normal,,,,backfill,
2025-05-11 20:00,3283.3,41.92,41.92,30.0,41.51,60,30,10,80.0,2.414,33.21,34.26,0.0,1.52,8.84,True,0.898,Normal,,,,backfill,
2025-05-12 21:00,3229.5,41.06,45.61,7.05,46.61,100,30,10,80.0,3.105,59.57,32.47,-4.55,-3.24,2.8,True,0.551,Normal,,⚠️ Mild Reversal,,backfill,
2025-05-13 22:00,3236.8,40.62,45.17,10.99,35.03,60,0,85,80.0,0.692,39.98,17.17,-4.55,-5.96,0.31,False,0.562,Normal,,💀💀 Death Cross + Below MAs,,backfill,
2025-05-14 22:00,3156.9,18.91,23.45,2.44,43.27,60,0,10,25.0,2.992,32.83,24.61,-4.55,-6.51,-2.86,False,0.044,Normal,,💀💀 Death Cross + Below MAs,,backfill,
2025-05-15 23:00,3215.5,42.22,46.77,29.05,56.55,100,0,70,25.0,0.849,60.1,25.85,-4.55,-3.18,-0.79,False,0.376,Normal,,💀💀 Death Cross + Below MAs,,backfill,
2025-05-19 00:00,3218.4,39.41,43.95,26.82,56.89,100,0,55,25.0,1.143,61.78,33.38,-4.55,-1.98,-2.96,False,0.366,Normal,,💀💀 Death Cross + Below MAs,,backfill,
2025-05-20 01:00,3216.1,25.97,30.51,22.63,35.45,60,0,40,25.0,1.254,31.34,15.13,-4.55,-0.41,-3.64,False,0.319,Normal,,💀💀 Death Cross + Below MAs,,backfill,
2025-05-21 02:00,3321.9,53.68,58.22,43.3,46.03,70,70,100,20.0,0.364,73.4,19.04,-4.55,2.63,-2.49,False,0.995,Normal,,💀 Death Cross,,backfill,
2025-05-22 03:00,3328.3,51.82,56.37,42.74,20.47,100,70,85,20.0,0.762,66.11,14.39,-4.55,5.43,-3.91,False,1.006,Normal,,💀 Death Cross,,backfill,
2025-05-23 04:00,3326.2,49.58,54.13,59.23,20.55,70,70,70,35.0,0.965,72.7,22.56,-4.55,3.44,-0.27,False,0.967,Normal,,💀 Death Cross,,backfill,
2025-05-26 05:00,3328.3,54.47,54.47,55.18,16.64,30,100,85,40.0,0.764,18.25,19.09,0.0,3.41,-0.57,True,0.947,Normal,,,,backfill,
2025-05-27 08:00,3292.1,41.63,41.63,53.3,11.49,30,65,10,80.0,2.213,16.63,13.41,0.0,2.36,0.04,True,0.643,Normal,,,,backfill,
2025-05-28 09:00,3303.9,46.71,46.71,49.19,6.08,80,65,55,25.0,1.049,46.59,12.44,0.0,-0.54,-1.07,True,0.701,Normal,,,,backfill,
2025-05-29 10:00,3334.7,67.84,67.84,68.28,18.77,50,100,100,70.0,0.553,83.27,28.58,0.0,0.19,0.34,True,0.918,Normal,,,,backfill,
2025-05-30 11:00,3312.6,37.84,42.38,52.05,17.23,60,65,20,40.0,1.954,37.57,18.33,-4.55,-0.41,-0.26,True,0.707,Normal,,⚠️ Mild Reversal,,backfill,
2025-06-02 12:00,3396.9,69.36,69.36,84.14,12.04,50,100,100,70.0,0.317,89.06,17.85,0.0,2.06,5.43,True,1.36,Normal,,,,backfill,
2025-06-03 13:00,3377.6,55.84,55.84,72.23,12.82,60,100,20,70.0,1.696,39.47,11.49,0.0,2.6,4.43,True,1.153,Normal,,,,backfill,
2025-06-04 14:00,3400.7,74.44,74.44,67.62,9.04,100,100,100,70.0,0.408,61.75,20.17,0.0,2.93,1.89,True,1.306,Normal,,,,backfill,
2025-06-05 15:00,3380.5,54.17,54.17,45.32,19.67,80,100,40,40.0,1.4,46.79,17.5,0.0,1.37,-1.78,True,1.096,Normal,,,,backfill,
2025-06-06 16:00,3331.0,31.63,31.63,32.48,12.27,30,65,10,40.0,2.68,19.11,13.94,0.0,0.56,-1.36,True,0.63,Normal,,,,backfill,
2025-06-09 18:00,3344.1,51.25,51.25,49.63,2.86,80,65,40,70.0,1.226,48.88,13.33,0.0,-1.55,0.7,True,0.72,Normal,,,,backfill,
2025-06-10 19:00,3348.5,50.16,50.16,61.29,4.65,80,65,20,70.0,1.502,48.84,14.27,0.0,-0.86,1.99,True,0.734,Normal,,,,backfill,
2025-06-11 20:00,3386.4,77.42,77.42,76.06,18.43,100,100,100,70.0,0.494,67.75,16.18,0.0,-0.42,4.86,True,1.074,Normal,,,,backfill,
2025-06-12 21:00,3449.0,67.79,67.79,88.12,38.59,70,100,40,70.0,1.442,77.21,21.5,0.0,2.03,6.56,True,1.648,Normal,,,,backfill,
2025-06-15 22:00,3458.0,76.68,76.68,79.77,40.34,100,100,70,70.0,0.816,60.31,17.9,0.0,3.81,9.54,True,1.662,Normal,,,,backfill,
2025-06-16 23:00,3405.4,55.67,55.67,48.92,35.08,60,100,20,70.0,1.588,35.33,17.73,0.0,1.83,5.91,True,1.093,Normal,,,,backfill,
2025-06-18 00:00,3413.7,77.58,77.58,64.84,35.63,100,100,85,80.0,0.778,53.13,14.37,0.0,1.95,6.07,True,1.137,Normal,,,,backfill,
2025-06-19 01:00,3381.7,44.1,48.65,36.62,30.27,60,65,20,80.0,1.987,30.58,11.55,-4.55,-0.14,5.15,True,0.788,Normal,,⚠️ Mild Reversal,,backfill,
2025-06-20 04:00,3367.3,46.72,51.26,27.59,54.99,60,65,20,80.0,1.555,32.18,11.37,-4.55,-2.37,1.37,True,0.619,Normal,,⚠️ Mild Reversal,,backfill,
2025-06-23 05:00,3382.1,65.38,65.38,45.5,31.79,80,65,100,70.0,0.447,49.84,16.43,0.0,-2.19,1.62,True,0.801,Normal,,,,backfill,
2025-06-24 06:00,3339.5,41.12,45.66,20.16,53.82,30,30,70,70.0,0.955,24.36,21.3,-4.55,-1.94,0.4,True,0.195,Normal,,⚠️ Mild Reversal,,backfill,
2025-06-25 07:00,3336.7,45.48,50.02,22.21,42.92,80,30,55,70.0,1.188,47.58,11.03,-4.55,-2.26,0.25,True,0.115,Normal,,⚠️ Mild Reversal,,backfill,
2025-06-26 08:00,3338.3,42.48,47.02,25.85,36.29,80,0,70,70.0,0.934,44.43,13.15,-4.55,-1.28,1.4,False,0.109,Normal,,💀💀 Death Cross + Below MAs,,backfill,
2025-06-27 09:00,3286.3,20.3,24.84,7.49,51.58,30,0,20,40.0,1.819,20.95,13.51,-4.55,-2.41,-0.53,False,-0.733,Normal,,💀💀 Death Cross + Below MAs,,backfill,
2025-06-30 10:00,3299.4,30.81,35.35,20.0,27.11,70,0,55,40.0,1.181,70.6,10.9,-4.55,-2.45,-1.06,False,-0.542,Normal,,💀💀 Death Cross + Below MAs,,backfill,
2025-07-01 11:00,3352.1,50.05,54.6,42.64,24.95,70,35,85,70.0,0.62,71.09,10.35,-4.55,0.38,1.19,False,0.297,Normal,,💀 Death Cross,,backfill,
2025-07-02 12:00,3359.5,41.39,45.94,32.3,13.33,100,35,55,40.0,1.033,61.12,10.03,-4.55,0.68,-1.1,False,0.419,Normal,,💀 Death Cross,,backfill,
2025-07-04 09:00,3343.8,25.63,30.18,28.74,7.31,60,35,10,40.0,2.257,37.9,13.38,-4.55,0.16,-1.0,False,0.208,Normal,,💀 Death Cross,,backfill,
2025-07-07 14:00,3344.1,35.94,40.48,42.98,14.91,70,35,40,40.0,1.325,70.75,12.32,-4.55,1.76,-1.66,False,0.232,Normal,,💀 Death Cross,,backfill,
2025-07-08 15:00,3312.7,17.01,21.55,25.87,23.45,30,0,10,40.0,3.659,26.57,13.3,-4.55,0.4,-2.01,False,-0.296,Normal,,💀💀 Death Cross + Below MAs,,backfill,
2025-07-09 16:00,3322.5,34.95,39.49,43.97,12.99,100,0,40,40.0,1.228,64.89,14.08,-4.55,-0.88,-0.26,False,-0.123,Normal,,💀💀 Death Cross + Below MAs,,backfill,
2025-07-10 18:00,3333.4,41.12,45.66,49.31,9.66,100,35,40,40.0,1.288,53.65,10.29,-4.55,-0.78,-0.32,False,0.051,Normal,,💀 Death Cross,,backfill,
2025-07-14 01:00,3370.6,61.02,65.56,67.29,31.08,70,70,85,70.0,0.735,74.27,11.94,-4.55,0.8,0.66,False,0.666,Normal,,💀 Death Cross,,backfill,
2025-07-15 02:00,3367.0,44.69,49.24,57.53,22.91,100,70,20,25.0,1.777,67.83,13.65,-4.55,0.68,-0.57,False,0.588,Normal,,💀 Death Cross,,backfill,
2025-07-16 03:00,3344.6,36.43,40.98,45.63,20.24,100,35,20,25.0,1.887,60.63,12.38,-4.55,0.96,-3.03,False,0.186,Normal,,💀 Death Cross,,backfill,
2025-07-17 04:00,3334.0,37.3,37.3,29.83,38.97,30,30,70,25.0,0.829,19.65,11.61,0.0,0.35,-3.59,True,-0.028,Normal,,,,backfill,
2025-07-18 05:00,3358.0,68.85,68.85,61.34,26.79,100,100,85,40.0,0.655,65.57,12.25,0.0,0.74,-1.39,True,0.376,Normal,,,,backfill,
2025-07-21 06:00,3373.1,64.51,64.51,57.2,19.85,70,100,100,40.0,0.502,77.84,7.31,0.0,0.07,-1.19,True,0.654,Normal,,,,backfill,
2025-07-22 07:00,3401.1,74.67,74.67,81.06,36.98,60,100,100,70.0,0.441,38.67,11.47,0.0,1.01,0.57,True,1.14,Normal,,,,backfill,
2025-07-23 08:00,3429.9,78.69,78.69,85.55,51.61,80,100,85,70.0,0.604,40.2,14.95,0.0,2.55,1.86,True,1.574,Normal,,,,backfill,
2025-07-24 09:00,3370.6,55.23,55.23,57.66,68.7,30,65,70,40.0,0.932,28.24,13.22,0.0,1.1,-0.34,True,0.532,Normal,,,,backfill,
2025-07-25 10:00,3333.1,38.23,38.23,40.3,69.08,30,30,20,40.0,1.723,11.38,9.84,0.0,-0.74,-0.19,True,-0.151,Normal,,,,backfill,
2025-07-28 13:00,3309.7,32.99,32.99,30.62,72.32,30,30,10,25.0,3.062,27.67,16.05,0.0,-1.88,-0.81,True,-0.603,Normal,,,,backfill,
2025-07-29 14:00,3323.8,56.05,56.05,40.46,55.87,100,30,85,25.0,0.742,56.83,11.62,0.0,-2.27,-0.43,True,-0.419,Normal,,,,backfill,
2025-07-30 15:00,3322.1,56.1,65.19,45.28,65.88,100,0,100,80.0,0.424,50.03,33.18,-9.09,-3.14,1.09,False,-0.556,Normal,,⚠️ Mild Reversal | 💀💀 Death Cross + Below MAs,,backfill,
2025-07-31 16:00,3342.3,53.64,58.18,58.73,40.38,80,35,55,80.0,1.027,43.18,10.88,-4.55,-0.84,1.3,False,-0.21,Normal,,💀 Death Cross,,backfill,
2025-08-03 18:00,3412.2,71.56,76.1,92.03,64.59,50,70,100,80.0,0.24,93.67,21.57,-4.55,2.37,1.79,False,1.472,Normal,,💀 Death Cross,,backfill,
2025-08-04 19:00,3431.5,82.32,82.32,85.09,43.81,100,100,85,80.0,0.694,67.12,13.29,0.0,3.68,2.14,True,1.924,Normal,,,,backfill,
2025-08-05 20:00,3438.3,81.85,81.85,80.97,45.14,100,100,85,80.0,0.639,69.46,13.39,0.0,3.44,2.83,True,1.997,Normal,,,,backfill,
2025-08-06 21:00,3445.4,64.53,64.53,79.27,37.9,50,100,40,80.0,1.294,86.06,8.99,0.0,3.71,3.03,True,2.091,Extended,,,,backfill,
2025-08-07 22:00,3488.9,80.17,80.17,92.32,68.69,100,100,40,80.0,1.354,69.37,19.83,0.0,4.39,5.32,True,2.942,Extreme Extended,,,,backfill,
2025-08-10 23:00,3440.6,69.74,69.74,63.16,80.26,60,65,70,80.0,0.933,35.9,29.33,0.0,0.83,3.55,True,1.645,Normal,,,,backfill,
2025-08-12 00:00,3404.6,55.86,60.41,54.98,72.47,80,65,10,80.0,2.255,42.8,13.81,-4.55,-0.78,2.14,True,0.804,Normal,,⚠️ Mild Reversal,,backfill,
2025-08-13 01:00,3398.8,69.13,73.68,47.19,74.88,100,65,85,70.0,0.788,64.03,11.93,-4.55,-1.15,0.84,True,0.644,Normal,,⚠️ Mild Reversal,,backfill,
2025-08-14 02:00,3410.7,72.39,72.39,53.51,60.85,100,65,85,70.0,0.696,52.8,9.46,0.0,-1.01,1.3,True,0.886,Normal,,,,backfill,
2025-08-15 03:00,3392.5,57.5,62.05,42.34,54.94,100,65,40,70.0,1.485,68.05,12.03,-4.55,-2.76,1.43,True,0.447,Normal,,⚠️ Mild Reversal,,backfill,
2025-08-18 04:00,3393.7,64.53,64.53,35.97,31.22,100,65,85,70.0,0.652,58.98,12.25,0.0,-1.36,1.79,True,0.476,Normal,,,,backfill,
2025-08-19 04:00,3382.4,38.53,47.62,29.61,21.09,100,0,55,80.0,1.075,59.53,5.85,-9.09,-0.65,0.73,False,0.213,Normal,,⚠️ Mild Reversal | 💀💀 Death Cross + Below MAs,,backfill,
2025-08-20 05:00,3368.6,31.28,35.83,23.46,26.49,100,0,40,25.0,1.437,65.07,7.05,-4.55,-0.89,-0.13,False,-0.098,Normal,,💀💀 Death Cross + Below MAs,,backfill,
2025-08-21 06:00,3371.0,16.34,20.89,16.32,14.02,30,0,40,25.0,1.239,21.76,10.16,-4.55,-1.16,-0.89,False,-0.048,Normal,,💀💀 Death Cross + Below MAs,,backfill,
2025-08-22 07:00,3370.8,26.19,30.73,25.05,4.35,30,0,100,25.0,0.571,22.75,7.01,-4.55,-0.64,-1.72,False,-0.071,Normal,,💀💀 Death Cross + Below MAs,,backfill,
2025-08-25 08:00,3409.0,61.79,66.33,53.02,14.99,80,70,100,80.0,0.188,45.06,22.18,-4.55,0.45,1.14,False,0.802,Normal,,💀 Death Cross,,backfill,
2025-08-26 09:00,3422.2,67.13,71.68,71.02,19.06,100,70,100,70.0,0.277,66.42,16.87,-4.55,1.18,2.67,False,1.078,Normal,,💀 Death Cross,,backfill,
2025-08-27 10:00,3435.7,75.03,75.03,77.93,22.28,80,100,100,70.0,0.485,46.77,9.08,0.0,1.99,3.81,True,1.365,Normal,,,,backfill,
2025-08-28 11:00,3465.8,75.46,75.46,82.78,30.01,70,100,100,70.0,0.531,71.35,9.52,0.0,2.81,4.27,True,2.061,Extended,,,,backfill,
2025-08-29 12:00,3517.5,75.58,75.58,97.93,35.55,50,100,100,70.0,0.202,84.66,10.81,0.0,4.35,5.88,True,3.102,Extreme Extended,,,,backfill,
2025-09-02 20:00,3603.1,77.82,77.82,96.86,50.05,50,100,100,70.0,0.33,82.11,26.68,0.0,5.69,7.8,True,4.27,Extreme Extended,,,,backfill,
2025-09-03 21:00,3605.0,70.41,70.41,76.47,55.97,80,100,40,70.0,1.317,47.46,13.42,0.0,5.34,5.65,True,3.583,Extreme Extended,,,,backfill,
2025-09-04 22:00,3610.3,78.49,78.49,83.42,62.54,100,100,55,70.0,1.121,56.27,13.29,0.0,5.08,5.21,True,3.226,Extreme Extended,,,,backfill,
2025-09-07 23:00,3626.8,81.25,81.25,79.01,78.51,60,100,100,70.0,0.241,39.13,16.57,0.0,4.65,5.48,True,3.046,Extreme Extended,,,,backfill,
2025-09-09 00:00,3693.4,88.21,88.21,93.13,81.12,100,100,85,70.0,0.768,68.24,10.26,0.0,5.0,7.2,True,3.439,Extreme Extended,,,,backfill,
2025-09-10 01:00,3680.6,75.31,75.31,70.39,76.47,80,100,55,70.0,1.096,46.83,16.02,0.0,2.15,5.49,True,2.929,Extreme Extended,,,,backfill,
2025-09-11 02:00,3670.7,77.01,77.01,64.98,67.08,60,100,100,70.0,0.542,36.23,9.03,0.0,1.82,6.69,True,2.555,Extreme Extended,,,,backfill,
2025-09-12 03:00,3686.3,85.23,85.23,72.81,68.57,100,100,100,70.0,0.375,63.6,9.15,0.0,2.11,8.27,True,2.504,Extreme Extended,,,,backfill,
2025-09-15 04:00,3682.4,68.59,68.59,64.02,57.51,80,100,40,70.0,1.302,44.71,9.0,0.0,1.53,8.34,True,2.298,Extended,,,,backfill,
2025-09-16 06:00,3731.0,84.87,84.87,70.27,68.94,100,100,100,70.0,0.475,61.76,12.67,0.0,1.02,9.39,True,2.53,Extreme Extended,,,,backfill,
2025-09-17 07:00,3701.2,54.4,54.4,48.39,68.02,30,100,10,70.0,2.395,25.24,10.04,0.0,0.56,9.1,True,2.104,Extended,,,,backfill,
2025-09-18 08:00,3696.9,64.77,64.77,50.38,83.23,100,65,20,70.0,1.636,50.56,22.14,0.0,0.71,8.93,True,1.942,Normal,,,,backfill,
2025-09-19 09:00,3696.1,64.58,64.58,53.63,78.84,100,65,20,70.0,1.545,66.76,14.27,0.0,0.27,9.27,True,1.84,Normal,,,,backfill,
2025-09-22 10:00,3760.2,79.61,79.61,71.13,81.52,70,100,85,70.0,0.616,75.87,13.66,0.0,2.11,11.63,True,2.201,Extended,,,,backfill,
2025-09-23 11:00,3811.5,85.52,85.52,67.04,91.05,100,100,85,70.0,0.761,63.65,14.28,0.0,2.16,13.07,True,2.411,Extended,,,,backfill,
2025-09-24 12:00,3768.3,64.27,64.27,43.85,91.79,60,100,20,70.0,1.568,37.21,14.14,0.0,1.81,11.79,True,1.957,Normal,,,,backfill,
2025-09-25 13:00,3772.9,75.36,75.36,57.01,95.16,100,100,20,80.0,1.604,54.63,12.78,0.0,2.06,10.67,True,1.876,Normal,,,,backfill,
2025-09-26 14:00,3808.6,84.85,84.85,66.15,87.98,100,100,85,70.0,0.729,69.96,13.78,0.0,3.04,11.29,True,2.002,Extended,,,,backfill,
2025-09-29 15:00,3857.1,85.03,85.03,68.01,92.16,100,100,70,80.0,0.917,57.67,19.25,0.0,2.58,12.27,True,2.179,Extended,,,,backfill,
2025-09-30 16:00,3887.6,78.05,78.05,64.04,94.26,100,100,40,70.0,1.242,51.21,23.91,0.0,2.0,12.17,True,2.223,Extended,,,,backfill,
2025-10-01 18:00,3887.5,79.29,79.29,57.0,88.75,60,100,100,70.0,0.581,35.75,13.62,0.0,3.16,10.52,True,2.078,Extended,,,,backfill,
2025-10-02 19:00,3886.8,65.79,65.79,49.81,84.9,80,100,10,70.0,2.791,44.12,19.08,0.0,3.02,7.87,True,1.952,Normal,,,,backfill,
2025-10-05 20:00,3926.1,83.36,83.36,63.79,86.39,70,100,100,80.0,0.597,71.01,14.21,0.0,3.09,8.91,True,2.054,Extended,,,,backfill,
2025-10-07 06:00,3983.1,82.1,82.1,66.65,90.96,100,100,55,80.0,1.052,59.98,13.51,0.0,3.27,10.33,True,2.209,Extended,,,,backfill,
2025-10-08 07:00,4060.0,71.05,71.05,81.83,94.49,50,100,20,80.0,1.858,82.52,14.33,0.0,4.43,11.94,True,2.432,Extended,,,,backfill,
2025-10-09 08:00,4072.9,78.15,78.15,76.02,92.86,100,100,20,80.0,1.559,68.54,15.66,0.0,4.77,10.28,True,2.326,Extended,,,,backfill,
2025-10-10 09:00,3996.1,69.33,69.33,38.74,97.24,80,100,10,90.0,2.2,44.54,29.81,0.0,2.81,8.57,True,1.854,Normal,,,,backfill,
2025-10-13 10:00,4117.6,84.54,84.54,94.51,97.73,50,100,85,80.0,0.697,84.76,28.19,0.0,4.88,12.17,True,2.298,Extended,,,,backfill,
2025-10-14 11:00,4154.3,80.4,80.4,83.81,98.6,100,100,10,90.0,3.013,50.05,25.79,0.0,4.3,12.7,True,2.304,Extended,,,,backfill,
2025-10-15 12:00,4215.5,92.77,92.77,86.81,94.83,100,100,85,90.0,0.761,59.12,15.93,0.0,3.83,14.48,True,2.399,Extended,,,,backfill,
2025-10-16 13:00,4309.5,79.41,79.41,99.16,97.3,70,100,20,90.0,1.57,71.68,17.78,0.0,5.81,15.51,True,2.605,Extreme Extended,,,,backfill,
2025-10-17 14:00,4249.6,67.07,67.07,73.15,99.27,30,100,10,90.0,2.136,24.52,40.08,0.0,6.34,14.82,True,2.164,Extended,,,,backfill,
2025-10-20 15:00,4394.3,84.07,84.07,97.49,91.9,50,100,85,80.0,0.643,84.23,37.71,0.0,6.72,18.86,True,2.547,Extreme Extended,,,,backfill,
2025-10-21 16:00,4138.5,47.52,52.07,30.7,96.7,30,65,10,80.0,2.971,7.13,32.14,-4.55,-0.38,11.97,True,1.492,Normal,,⚠️ Mild Reversal,,backfill,
2025-10-22 18:00,4119.2,54.43,58.98,18.01,90.85,80,65,20,80.0,1.911,45.6,48.57,-4.55,-2.28,9.55,True,1.366,Normal,,⚠️ Mild Reversal,,backfill,
2025-10-23 19:00,4136.8,69.57,69.57,12.57,74.82,100,65,85,80.0,0.798,52.05,22.6,0.0,-4.01,8.53,True,1.368,Normal,,,,backfill,
2025-10-26 20:00,4095.2,54.38,58.92,12.24,76.3,100,65,20,80.0,1.602,54.61,29.69,-4.55,-3.63,8.67,True,1.171,Normal,,⚠️ Mild Reversal,,backfill,
2025-10-27 21:00,4024.4,44.41,48.96,11.05,72.7,80,30,20,80.0,1.828,41.97,24.17,-4.55,-8.42,6.67,True,0.884,Normal,,⚠️ Mild Reversal,,backfill,
2025-10-28 22:00,3975.0,43.69,52.78,14.75,66.9,100,0,55,80.0,1.042,61.88,31.65,-9.09,-3.95,4.37,False,0.678,Normal,,⚠️ Mild Reversal | 💀💀 Death Cross + Below MAs,,backfill,
2025-10-29 23:00,3947.3,27.04,36.13,8.64,58.13,30,0,40,80.0,1.393,22.19,26.4,-9.09,-4.17,2.34,False,0.545,Normal,,⚠️ Mild Reversal | 💀💀 Death Cross + Below MAs,,backfill,
2025-10-31 00:00,4018.4,53.63,58.17,19.3,49.74,100,0,100,80.0,0.437,55.45,28.57,-4.55,-2.86,3.36,False,0.771,Normal,,💀💀 Death Cross + Below MAs,,backfill,
2025-11-03 01:00,4028.4,42.26,46.8,25.76,40.06,80,35,20,80.0,1.514,48.56,23.76,-4.55,-1.63,3.62,False,0.777,Normal,,💀 Death Cross,,backfill,
2025-11-04 02:00,4004.0,38.65,47.74,18.94,32.51,80,35,40,80.0,1.438,40.96,15.9,-9.09,-0.51,3.02,False,0.653,Normal,,⚠️ Mild Reversal | 💀 Death Cross,,backfill,
2025-11-05 03:00,3990.0,41.4,45.95,28.73,26.94,100,0,40,80.0,1.402,63.71,17.42,-4.55,0.38,1.63,False,0.57,Normal,,💀💀 Death Cross + Below MAs,,backfill,
2025-11-06 04:00,4020.3,49.46,54.01,36.93,17.1,70,35,85,80.0,0.793,70.8,11.36,-4.55,1.85,0.93,False,0.665,Normal,,💀 Death Cross,,backfill,
2025-11-07 05:00,4015.7,38.79,43.34,30.22,14.8,100,35,55,25.0,1.176,64.9,15.52,-4.55,-0.07,-1.09,False,0.617,Normal,,💀 Death Cross,,backfill,
2025-11-10 06:00,4093.8,50.19,54.74,45.56,17.87,50,35,100,80.0,0.298,90.89,14.82,-4.55,1.62,0.51,False,0.93,Normal,,💀 Death Cross,,backfill,
2025-11-11 07:00,4140.7,60.04,64.58,53.25,14.26,100,70,70,80.0,0.976,62.66,12.06,-4.55,3.41,3.62,False,1.11,Normal,,💀 Death Cross,,backfill,
2025-11-12 08:00,4132.9,50.71,55.25,45.2,16.33,80,70,40,80.0,1.248,40.86,17.06,-4.55,3.58,0.37,False,1.047,Normal,,💀 Death Cross,,backfill,
2025-11-13 09:00,4199.9,70.6,70.6,53.22,30.35,80,100,70,90.0,0.866,46.63,27.41,0.0,4.47,1.1,True,1.328,Normal,,,,backfill,
2025-11-14 10:00,4095.5,27.55,27.55,29.09,41.19,30,30,10,25.0,2.557,28.17,36.38,0.0,1.99,-2.85,True,0.777,Normal,,,,backfill,
2025-11-17 11:00,4071.1,38.18,42.72,31.07,25.26,80,30,70,20.0,0.9,45.52,18.52,-4.55,-0.55,-5.53,True,0.624,Normal,,⚠️ Mild Reversal,,backfill,
2025-11-18 12:00,4072.1,44.6,44.6,38.94,33.68,70,65,40,20.0,1.202,72.79,31.73,0.0,-1.66,-4.18,True,0.602,Normal,,,,backfill,
2025-11-19 13:00,4087.9,54.12,54.12,37.58,32.13,100,65,70,20.0,0.967,53.88,25.35,0.0,-1.09,-6.97,True,0.654,Normal,,,,backfill,
2025-11-20 14:00,4084.4,51.27,55.81,42.44,37.44,100,65,70,20.0,0.87,56.64,25.77,-4.55,-2.75,-1.31,True,0.606,Normal,,⚠️ Mild Reversal,,backfill,
2025-11-21 15:00,4064.5,52.5,57.05,38.01,34.3,100,65,85,20.0,0.737,60.43,25.56,-4.55,-0.76,-1.33,True,0.467,Normal,,⚠️ Mild Reversal,,backfill,
2025-11-24 16:00,4133.8,53.19,53.19,62.82,31.3,50,100,55,20.0,1.052,85.1,18.84,0.0,1.54,-0.07,True,0.834,Normal,,,,backfill,
2025-11-25 18:00,4167.6,81.25,81.25,67.4,55.12,100,100,85,80.0,0.715,57.76,47.61,0.0,2.35,1.77,True,1.001,Normal,,,,backfill,
2025-11-26 19:00,4197.1,75.21,75.21,73.35,27.9,100,100,70,80.0,0.807,50.0,15.32,0.0,2.67,4.29,True,1.142,Normal,,,,backfill,
2025-12-01 09:00,4273.2,80.52,80.52,79.48,33.66,100,100,100,70.0,0.384,52.72,24.45,0.0,4.62,7.5,True,1.557,Normal,,,,backfill,
2025-12-02 10:00,4200.8,55.9,55.9,64.76,30.66,60,100,10,70.0,2.32,32.3,23.01,0.0,3.35,6.42,True,1.064,Normal,,,,backfill,
2025-12-03 11:00,4231.9,63.52,63.52,72.58,23.55,60,100,55,70.0,1.11,38.24,18.71,0.0,2.37,5.31,True,1.226,Normal,,,,backfill,
2025-12-04 12:00,4246.6,68.44,68.44,74.92,10.69,100,100,55,70.0,1.008,62.28,14.65,0.0,1.9,5.42,True,1.305,Normal,,,,backfill,
2025-12-05 13:00,4239.3,50.05,50.05,59.95,15.34,80,65,10,70.0,4.079,45.9,13.92,0.0,1.01,5.88,True,1.226,Normal,,,,backfill,
2025-12-08 14:00,4216.1,44.44,48.99,52.58,6.34,60,65,40,70.0,1.462,31.76,12.45,-4.55,-1.34,5.67,True,1.028,Normal,,⚠️ Mild Reversal,,backfill,
2025-12-09 15:00,4240.8,63.92,63.92,66.15,7.35,70,100,70,70.0,0.996,75.58,10.28,0.0,0.95,5.48,True,1.176,Normal,,,,backfill,
2025-12-10 16:00,4258.3,75.24,75.24,64.91,16.56,100,100,100,70.0,0.426,65.21,13.57,0.0,0.62,6.04,True,1.289,Normal,,,,backfill,
2025-12-11 18:00,4305.9,66.54,66.54,59.83,14.4,70,100,85,70.0,0.662,79.62,16.2,0.0,1.4,5.18,True,1.642,Normal,,,,backfill,
2025-12-14 19:00,4339.5,58.09,58.09,61.02,27.5,80,100,10,70.0,3.401,46.47,27.08,0.0,2.36,4.8,True,1.854,Normal,,,,backfill,
2025-12-15 20:00,4336.3,53.84,53.84,48.16,19.86,30,100,55,70.0,1.131,28.21,15.12,0.0,2.85,4.92,True,1.752,Normal,,,,backfill,
2025-12-16 21:00,4343.3,66.49,66.49,57.97,15.95,100,100,55,70.0,1.055,64.4,17.19,0.0,2.42,3.41,True,1.749,Normal,,,,backfill,
2025-12-17 22:00,4363.4,75.9,75.9,68.23,17.14,100,100,100,70.0,0.45,60.67,12.89,0.0,2.47,6.54,True,1.843,Normal,,,,backfill,
2025-12-18 23:00,4350.8,67.29,67.29,54.6,29.16,80,100,70,70.0,0.983,42.76,17.36,0.0,1.04,6.87,True,1.679,Normal,,,,backfill,
2025-12-22 00:00,4433.5,71.42,71.42,86.45,22.05,50,100,100,70.0,0.355,83.22,12.12,0.0,2.17,8.88,True,2.257,Extended,,,,backfill,
2025-12-23 01:00,4513.9,75.29,75.29,87.95,23.81,70,100,100,70.0,0.423,75.13,12.63,0.0,4.1,10.42,True,2.691,Extreme Extended,,,,backfill,
2025-12-24 11:30,4502.8,65.96,65.96,73.12,42.64,100,100,10,70.0,2.598,50.39,26.44,0.0,3.67,10.24,True,2.39,Extended,,,,backfill,
2025-12-28 23:00,4538.6,73.67,73.67,86.31,35.69,80,100,70,70.0,0.868,43.89,23.63,0.0,4.02,11.66,True,2.442,Extended,,,,backfill,
2025-12-30 00:00,4392.0,55.07,55.07,36.13,49.27,100,65,10,70.0,2.544,54.86,35.03,0.0,0.95,6.25,True,1.364,Normal,,,,backfill,
2025-12-31 01:00,4339.0,47.51,52.06,5.46,41.9,60,65,70,70.0,0.959,39.56,30.87,-4.55,-2.13,4.11,True,0.961,Normal,,⚠️ Mild Reversal,,backfill,
2026-01-02 08:00,4377.6,63.65,63.65,17.96,28.92,100,65,100,70.0,0.543,63.77,32.15,0.0,-3.02,4.3,True,1.183,Normal,,,,backfill,
2026-01-05 09:00,4447.8,68.52,68.52,31.71,39.43,70,100,100,70.0,0.345,70.1,26.08,0.0,-1.22,4.09,True,1.6,Normal,,,,backfill,
2026-01-06 10:00,4488.5,68.41,68.41,53.46,32.01,100,100,55,70.0,1.152,60.53,17.36,0.0,-1.1,6.85,True,1.807,Normal,,,,backfill,
2026-01-07 11:00,4474.2,64.33,64.33,47.88,33.12,80,100,55,70.0,1.12,45.0,18.15,0.0,1.87,5.73,True,1.65,Normal,,,,backfill,
2026-01-08 12:00,4472.8,71.68,71.68,44.41,30.66,100,100,85,70.0,0.727,64.27,13.59,0.0,3.08,5.33,True,1.591,Normal,,,,backfill,
2026-01-09 13:00,4505.9,73.4,73.4,51.95,48.42,100,100,70,70.0,0.886,63.26,18.05,0.0,2.93,6.29,True,1.71,Normal,,,,backfill,
2026-01-12 14:00,4620.6,85.29,85.29,71.89,59.85,100,100,100,80.0,0.343,62.47,28.96,0.0,3.89,9.59,True,2.239,Extended,,,,backfill,
2026-01-13 15:00,4594.1,76.95,76.95,41.26,70.45,100,100,70,80.0,0.957,51.48,17.92,0.0,2.35,8.33,True,1.956,Normal,,,,backfill,
2026-01-14 16:00,4633.9,84.33,84.33,76.11,84.87,80,100,85,80.0,0.792,46.58,14.75,0.0,3.57,8.82,True,2.043,Extended,,,,backfill,
2026-01-15 18:00,4614.6,77.71,77.71,60.45,70.82,100,100,55,80.0,1.054,52.5,18.1,0.0,3.17,7.17,True,1.85,Normal,,,,backfill,
2026-01-20 00:00,4720.6,88.46,88.46,90.27,80.49,70,100,100,90.0,0.492,73.49,34.4,0.0,4.76,8.78,True,2.318,Extended,,,,backfill,
2026-01-21 01:00,4850.2,83.64,83.64,93.95,92.91,50,100,85,80.0,0.609,83.48,20.08,0.0,4.97,11.85,True,2.786,Extreme Extended,,,,backfill,
2026-01-22 02:00,4833.5,73.88,73.88,81.86,91.42,80,100,20,70.0,1.973,49.47,38.03,0.0,5.21,11.29,True,2.497,Extended,,,,backfill,
2026-01-23 03:00,4915.3,88.36,88.36,84.45,90.73,100,100,85,70.0,0.767,52.7,21.92,0.0,6.07,12.65,True,2.652,Extreme Extended,,,,backfill,
2026-01-26 04:00,5082.2,85.05,85.05,94.94,95.36,50,100,100,70.0,0.335,87.43,20.82,0.0,10.13,16.81,True,3.11,Extreme Extended,,,,backfill,
2026-01-27 05:00,5082.5,80.57,80.57,79.45,93.95,100,100,40,70.0,1.364,62.89,31.27,0.0,7.67,14.64,True,2.836,Extreme Extended,,,,backfill,
2026-01-28 06:00,5294.2,88.52,88.52,93.55,97.56,70,100,100,70.0,0.321,78.82,32.99,0.0,9.15,17.29,True,3.324,Extreme Extended,,,,backfill,
2026-01-29 07:00,5564.5,93.59,93.59,96.08,95.49,100,100,100,70.0,0.49,69.75,39.21,0.0,15.12,23.58,True,3.731,Extreme Extended,,,,backfill,
2026-01-30 08:00,5045.6,55.34,55.34,49.98,97.04,30,65,20,70.0,1.916,22.16,120.43,0.0,2.65,11.17,True,1.844,Normal,,,,backfill,
2026-02-03 11:00,4978.2,52.19,56.74,51.88,93.56,50,65,10,70.0,4.249,84.48,134.54,-4.55,-2.05,13.35,True,1.579,Normal,,⚠️ Mild Reversal,,backfill,
2026-02-04 12:00,4921.3,52.73,57.28,34.7,88.95,30,65,55,70.0,1.129,13.89,43.15,-4.55,-3.17,13.42,True,1.326,Normal,,⚠️ Mild Reversal,,backfill,
2026-02-05 13:00,4880.4,54.07,58.61,27.78,78.9,80,65,20,80.0,1.743,48.72,68.27,-4.55,-7.82,11.49,True,1.152,Normal,,⚠️ Mild Reversal,,backfill,
2026-02-06 14:00,4980.7,67.9,67.9,43.5,63.88,100,65,55,80.0,1.054,66.73,52.07,0.0,-10.49,11.98,True,1.4,Normal,,,,backfill,
2026-02-09 15:00,5102.9,75.97,75.97,51.84,48.98,100,100,85,70.0,0.729,60.42,35.14,0.0,1.14,13.69,True,1.692,Normal,,,,backfill,
2026-02-10 16:00,5047.9,59.22,59.22,28.81,36.5,80,100,40,70.0,1.342,47.42,20.1,0.0,1.4,12.82,True,1.465,Normal,,,,backfill,
2026-02-11 18:00,5083.5,66.18,66.18,40.52,31.56,100,100,55,70.0,1.121,51.7,21.19,0.0,3.3,13.65,True,1.502,Normal,,,,backfill,
2026-02-12 19:00,4946.7,38.52,38.52,17.93,28.2,30,65,10,80.0,4.57,23.38,38.02,0.0,1.36,9.78,True,1.054,Normal,,,,backfill,
2026-02-15 20:00,5047.6,60.12,60.12,26.36,19.35,70,65,100,80.0,0.588,72.91,27.05,0.0,1.34,9.24,True,1.302,Normal,,,,backfill,
2026-02-17 21:00,4923.8,34.24,38.79,17.57,15.16,80,30,10,80.0,2.748,44.43,40.85,-4.55,-3.51,7.18,True,0.904,Normal,,⚠️ Mild Reversal,,backfill,
2026-02-18 22:00,5000.4,62.54,62.54,29.82,10.44,100,65,100,70.0,0.429,63.32,19.44,0.0,-0.94,7.91,True,1.089,Normal,,,,backfill,
2026-02-19 23:00,5017.5,46.96,51.5,30.81,8.19,100,35,55,80.0,1.045,50.34,17.23,-4.55,-1.3,8.73,False,1.096,Normal,,💀 Death Cross,,backfill,
2026-02-23 00:00,5179.9,64.25,68.79,50.5,12.25,100,70,100,80.0,0.452,68.77,39.15,-4.55,4.71,9.73,False,1.524,Normal,,💀 Death Cross,,backfill,
2026-02-24 01:00,5193.6,52.51,57.05,33.44,8.88,80,70,70,80.0,0.989,43.4,26.13,-4.55,2.89,7.08,False,1.495,Normal,,💀 Death Cross,,backfill,
2026-02-25 02:00,5203.8,61.2,61.2,37.51,9.67,100,100,40,80.0,1.225,65.54,21.71,0.0,5.69,7.66,True,1.466,Normal,,,,backfill,
2026-02-26 03:00,5195.8,48.93,48.93,33.0,10.56,60,100,10,80.0,2.382,39.15,21.25,0.0,3.91,5.71,True,1.384,Normal,,,,backfill,
2026-02-27 04:00,5192.3,65.53,65.53,29.96,18.24,80,100,85,80.0,0.77,47.89,16.97,0.0,3.48,2.17,True,1.321,Normal,,,,backfill,
2026-03-02 05:00,5404.1,79.88,79.88,57.6,31.7,100,100,100,90.0,0.364,67.75,51.23,0.0,4.33,6.33,True,1.872,Normal,,,,backfill,
2026-03-03 06:00,5154.0,26.09,30.64,18.36,40.48,30,65,10,20.0,3.353,21.84,42.87,-4.55,-0.76,-2.65,True,1.073,Normal,,⚠️ Mild Reversal,,backfill,
2026-03-04 07:00,5182.0,45.91,45.91,40.33,40.12,70,65,40,20.0,1.389,70.95,60.01,0.0,-0.42,-6.87,True,1.118,Normal,,,,backfill,
2026-03-05 08:00,5126.5,45.82,50.36,25.92,41.26,60,65,20,90.0,1.534,34.4,21.74,-4.55,-1.33,1.6,True,0.913,Normal,,⚠️ Mild Reversal,,backfill,
2026-03-06 09:00,5139.3,73.77,73.77,40.45,47.16,100,65,100,90.0,0.465,62.3,26.14,0.0,-1.02,3.24,True,0.918,Normal,,,,backfill,
2026-03-09 10:00,5102.6,50.93,55.48,21.76,51.11,100,30,40,90.0,1.431,61.71,29.6,-4.55,-5.58,3.68,True,0.773,Normal,,⚠️ Mild Reversal,,backfill,
2026-03-10 11:00,5238.0,83.03,83.03,57.62,50.58,100,100,100,90.0,0.406,68.48,22.68,0.0,1.63,7.33,True,1.156,Normal,,,,backfill,
2026-03-11 12:00,5183.1,53.08,53.08,30.62,47.86,30,100,20,90.0,1.809,28.31,16.61,0.0,0.02,4.06,True,0.947,Normal,,,,backfill,
2026-03-12 13:00,5112.4,40.63,45.18,17.63,53.42,60,30,20,90.0,1.831,35.05,21.36,-4.55,-0.28,0.19,True,0.686,Normal,,⚠️ Mild Reversal,,backfill,
2026-03-13 14:00,5050.9,40.03,44.57,18.13,59.31,60,30,10,90.0,2.918,31.22,23.84,-4.55,-1.72,0.06,True,0.455,Normal,,⚠️ Mild Reversal,,backfill,
2026-03-13 16:00,5023.1,26.42,26.42,11.71,56.81,30,30,10,20.0,3.08,29.02,25.01,0.0,-2.45,-0.75,True,0.361,Normal,,,,backfill,
2026-03-16 01:00,5021.7,38.68,38.68,19.65,47.46,80,30,40,15.0,1.379,44.74,31.82,0.0,-0.7,-1.09,True,0.347,Normal,-0.306,None,Weak ↓,16/03/2026 06:06 UTC,Topping
