Date,Price,Net_Score,Gross_Score,D1_Return,D2_Volume,D3_RSI,D4_MA,D5_DirVol,D6_External,Vol_Ratio,RSI,Volatility_Pct,Penalty_Scaled,Ret_1W,Ret_1M,Death_Cross,Golden_Cross,Z_Score_50d,Z_Zone,Z_Delta_5d,Warning_Flags,Tier,As_Of_Running,Exhaust_Scenario
2024-01-04 08:00,2047.4,62.48,67.02,79.84,57.28,65,70,70,60.0,1.492,43.66,9.6,-4.55,-1.4,-0.56,False,True,0.793,Normal,,✨ Golden Cross (bad for sell),,backfill,
2024-01-05 09:00,2054.2,40.68,45.22,70.3,56.05,40,35,10,60.0,0.371,57.07,8.37,-4.55,-2.04,-2.4,False,True,0.932,Normal,,✨ Golden Cross (bad for sell),,backfill,
2024-01-08 10:00,2040.9,55.17,59.72,73.55,49.75,65,70,40,60.0,0.903,41.74,17.99,-4.55,-1.85,-0.47,False,True,0.568,Normal,,✨ Golden Cross (bad for sell),,backfill,
2024-01-09 11:00,2037.2,63.43,67.98,79.56,48.3,65,70,85,60.0,1.796,44.13,9.6,-4.55,-1.97,-0.32,False,True,0.45,Normal,,✨ Golden Cross (bad for sell),,backfill,
2024-01-10 12:00,2029.6,60.92,60.92,82.41,48.1,65,100,10,60.0,0.59,42.24,9.13,0.0,-1.17,-0.81,True,False,0.231,Normal,,None,,backfill,
2024-01-11 13:00,2021.1,81.13,81.13,86.21,40.57,100,100,100,60.0,5.433,27.22,11.31,0.0,-1.28,-1.15,True,False,-0.007,Normal,,None,,backfill,
2024-01-12 14:00,2051.7,32.46,32.46,60.31,29.46,20,30,20,35.0,0.641,64.22,14.41,0.0,-0.12,2.12,True,False,0.756,Normal,,None,,backfill,
2024-01-16 15:00,2031.8,73.24,73.24,77.1,27.31,100,100,85,50.0,1.689,20.73,13.3,0.0,-0.45,1.52,True,False,0.222,Normal,,None,,backfill,
2024-01-17 16:00,2008.8,71.1,71.1,80.79,25.78,100,100,70,50.0,1.448,27.6,13.62,0.0,-1.39,0.54,True,False,-0.38,Normal,,None,,backfill,
2024-01-18 18:00,2025.7,68.61,68.61,61.38,40.31,50,100,85,75.0,1.762,75.09,8.9,0.0,-0.19,-1.35,True,False,0.045,Normal,,None,,backfill,
2024-01-21 19:00,2030.9,66.09,66.09,58.78,42.78,65,100,55,75.0,1.107,48.07,8.38,0.0,0.48,-0.72,True,False,0.161,Normal,,None,,backfill,
2024-01-22 20:00,2022.9,71.85,71.85,74.34,46.78,65,100,70,75.0,1.476,46.91,8.1,0.0,-1.4,-0.75,True,False,-0.064,Normal,,None,,backfill,
2024-01-23 21:00,2025.1,56.81,56.81,67.86,47.99,65,65,20,75.0,0.661,49.77,9.26,0.0,-0.33,-1.49,True,False,-0.024,Normal,,None,,backfill,
2024-01-24 22:00,2015.5,80.61,80.61,66.88,41.79,100,100,100,75.0,3.014,26.48,12.59,0.0,0.33,-1.59,True,False,-0.308,Normal,,None,,backfill,
2024-01-25 23:00,2020.9,59.23,59.23,58.12,42.28,40,100,40,75.0,0.975,52.87,10.08,0.0,-0.24,-1.55,True,False,-0.193,Normal,,None,,backfill,
2024-01-29 00:00,2024.5,55.52,55.52,54.82,48.28,20,65,70,75.0,1.24,63.58,7.22,0.0,-0.32,-2.16,True,False,-0.134,Normal,,None,,backfill,
2024-01-30 01:00,2032.8,57.8,57.8,52.2,49.6,20,65,85,75.0,1.67,66.15,14.4,0.0,0.49,-2.1,True,False,0.065,Normal,,None,,backfill,
2024-01-31 02:00,2054.6,40.65,40.65,35.33,43.55,40,30,20,75.0,0.681,51.66,21.08,0.0,1.46,-2.02,True,False,0.705,Normal,,None,,backfill,
2024-02-01 03:00,2059.1,50.65,50.65,32.25,41.67,85,30,40,75.0,0.825,36.56,13.31,0.0,2.16,-0.98,True,False,0.829,Normal,,None,,backfill,
2024-02-02 04:00,2070.1,39.29,43.83,22.17,40.83,85,0,40,75.0,0.963,33.73,13.06,-4.55,2.43,-0.39,False,True,1.188,Normal,,✨✨ Golden Cross + Above MAs (bad for sell),,backfill,
2024-02-05 05:00,2040.6,68.61,73.16,45.34,83.6,100,35,100,75.0,5.642,27.61,19.71,-4.55,0.8,-0.63,False,True,0.082,Normal,,✨ Golden Cross (bad for sell),,backfill,
2024-02-06 06:00,2042.7,41.52,46.06,26.26,45.11,40,35,55,75.0,1.014,52.94,12.6,-4.55,0.49,-0.23,False,True,0.125,Normal,,✨ Golden Cross (bad for sell),,backfill,
2024-02-07 07:00,2049.2,43.07,47.62,31.41,49.29,85,35,10,75.0,0.516,38.78,5.98,-4.55,-0.26,-0.24,False,True,0.343,Normal,,✨ Golden Cross (bad for sell),,backfill,
2024-02-08 08:00,2035.8,60.33,64.87,53.17,51.05,100,70,40,75.0,0.952,24.68,10.88,-4.55,-1.13,-0.25,False,True,-0.26,Normal,,✨ Golden Cross (bad for sell),,backfill,
2024-02-09 09:00,2039.6,37.56,42.1,47.61,10.0,100,35,10,50.0,0.367,27.33,7.92,-4.55,-1.47,0.12,False,True,-0.145,Normal,,✨ Golden Cross (bad for sell),,backfill,
2024-02-12 10:00,2026.8,67.03,71.57,57.4,57.03,100,70,70,75.0,1.318,23.38,6.3,-4.55,-0.68,-0.14,False,True,-0.783,Normal,,✨ Golden Cross (bad for sell),,backfill,
2024-02-13 11:00,2008.0,74.9,79.45,78.72,52.98,100,70,100,75.0,7.222,26.22,21.2,-4.55,-1.7,-0.65,False,True,-1.696,Depressed,,✨ Golden Cross (bad for sell),,backfill,
2024-02-14 12:00,2007.1,59.93,59.93,78.87,55.74,40,100,10,75.0,0.489,54.67,6.79,0.0,-2.05,-2.17,True,False,-1.676,Depressed,,None,,backfill,
2024-02-15 13:00,2016.2,59.5,59.5,58.04,53.95,50,100,20,75.0,0.768,78.9,7.16,0.0,-0.96,-0.77,True,False,-1.188,Normal,,None,,backfill,
2024-02-16 14:00,2024.4,32.54,32.54,40.24,10.0,20,65,10,50.0,0.527,62.78,10.77,0.0,-0.75,0.78,True,False,-0.776,Normal,,None,,backfill,
2024-02-20 15:00,2035.8,25.14,25.14,30.81,10.0,20,30,10,50.0,0.545,63.82,6.79,0.0,0.44,0.5,True,False,-0.234,Normal,,None,,backfill,
2024-02-21 16:00,2036.8,37.79,37.79,31.75,10.0,65,30,40,50.0,0.818,44.0,6.96,0.0,1.43,0.29,True,False,-0.165,Normal,,None,,backfill,
2024-02-22 18:00,2034.4,52.81,52.81,36.84,10.0,100,65,55,50.0,1.177,23.7,5.9,0.0,1.36,0.57,True,False,-0.275,Normal,,None,,backfill,
2024-02-25 19:00,2040.0,25.57,25.57,33.41,10.0,20,30,10,50.0,0.483,66.91,11.69,0.0,1.18,0.74,True,False,-0.002,Normal,,None,,backfill,
2024-02-26 20:00,2042.8,43.19,43.19,29.16,10.0,40,30,100,50.0,2.112,52.88,6.33,0.0,0.91,1.35,True,False,0.138,Normal,,None,,backfill,
2024-02-27 21:00,2039.8,34.96,39.51,37.03,10.0,100,0,40,50.0,0.925,24.5,5.37,-4.55,0.2,0.94,False,True,-0.025,Normal,,✨✨ Golden Cross + Above MAs (bad for sell),,backfill,
2024-02-28 22:00,2044.8,15.92,20.46,22.78,10.0,20,0,20,50.0,0.613,64.59,7.62,-4.55,0.39,1.0,False,True,0.185,Normal,,✨✨ Golden Cross + Above MAs (bad for sell),,backfill,
2024-02-29 23:00,2053.9,21.18,25.73,19.38,10.0,65,0,10,50.0,0.258,40.65,14.79,-4.55,0.96,1.04,False,True,0.619,Normal,,✨✨ Golden Cross + Above MAs (bad for sell),,backfill,
2024-03-04 00:00,2090.0,19.02,23.57,6.41,10.0,65,0,10,50.0,0.259,86.39,22.47,-4.55,2.45,1.72,False,True,2.427,Extended,,✨✨ Golden Cross + Above MAs (bad for sell),,backfill,
2024-03-05 01:00,2125.4,11.49,16.04,3.15,28.08,20,0,10,35.0,0.292,62.3,14.63,-4.55,4.04,3.22,False,True,3.731,Extreme Extended,,✨✨ Golden Cross + Above MAs (bad for sell),,backfill,
2024-03-06 02:00,2136.4,19.6,24.14,8.02,26.84,65,0,10,35.0,0.434,49.07,7.36,-4.55,4.74,3.2,False,True,3.59,Extreme Extended,,✨✨ Golden Cross + Above MAs (bad for sell),,backfill,
2024-03-07 03:00,2162.4,12.07,16.61,10.72,23.96,20,0,10,35.0,0.376,63.61,12.94,-4.55,5.75,5.97,False,True,3.901,Extreme Extended,,✨✨ Golden Cross + Above MAs (bad for sell),,backfill,
2024-03-08 04:00,2175.9,26.03,30.58,4.27,24.19,50,0,70,35.0,1.426,70.65,8.33,-4.55,5.94,6.52,False,True,3.732,Extreme Extended,,✨✨ Golden Cross + Above MAs (bad for sell),,backfill,
2024-03-11 05:00,2186.9,27.7,32.24,11.9,21.54,40,0,85,35.0,1.93,54.35,14.14,-4.55,4.64,6.72,False,True,3.476,Extreme Extended,,✨✨ Golden Cross + Above MAs (bad for sell),,backfill,
2024-03-12 06:00,2182.3,30.48,35.03,24.45,25.7,85,0,40,35.0,0.962,39.2,7.54,-4.55,2.68,7.2,False,True,2.967,Extreme Extended,,✨✨ Golden Cross + Above MAs (bad for sell),,backfill,
2024-03-13 07:00,2169.3,35.9,40.45,28.88,23.82,20,35,100,35.0,2.525,65.52,12.64,-4.55,1.54,6.36,False,True,2.465,Extended,,✨ Golden Cross (bad for sell),,backfill,
2024-03-14 08:00,2167.0,48.95,53.5,41.21,24.77,100,35,85,35.0,1.855,20.3,7.13,-4.55,0.21,6.92,False,True,2.236,Extended,,✨ Golden Cross (bad for sell),,backfill,
2024-03-15 09:00,2164.0,41.64,46.19,46.87,25.25,65,35,70,35.0,1.494,47.35,8.24,-4.55,-0.55,7.77,False,True,2.044,Extended,,✨ Golden Cross (bad for sell),,backfill,
2024-03-18 10:00,2161.8,32.75,37.29,47.77,25.98,40,35,40,35.0,0.944,53.05,9.16,-4.55,-1.15,7.71,False,True,1.901,Normal,,✨ Golden Cross (bad for sell),,backfill,
2024-03-19 11:00,2157.4,49.76,54.31,56.18,29.67,85,35,85,35.0,1.745,37.4,6.6,-4.55,-1.14,7.0,False,True,1.722,Normal,,✨ Golden Cross (bad for sell),,backfill,
2024-03-20 12:00,2160.9,29.61,34.16,49.93,10.0,65,35,10,35.0,0.597,47.0,5.85,-4.55,-0.39,6.74,False,True,1.697,Normal,,✨ Golden Cross (bad for sell),,backfill,
2024-03-21 13:00,2183.0,34.09,38.64,47.25,24.56,85,0,40,35.0,0.873,31.08,27.87,-4.55,0.74,7.23,False,True,1.941,Normal,,✨✨ Golden Cross + Above MAs (bad for sell),,backfill,
2024-03-22 14:00,2164.5,52.89,57.43,75.85,28.74,85,35,70,50.0,1.225,38.44,13.93,-4.55,0.02,6.27,False,True,1.535,Normal,,✨ Golden Cross (bad for sell),,backfill,
2024-03-25 15:00,2172.1,31.47,36.02,61.12,10.0,40,35,20,50.0,0.616,52.7,10.12,-4.55,0.48,6.77,False,True,1.581,Normal,,✨ Golden Cross (bad for sell),,backfill,
2024-03-26 16:00,2179.5,27.04,31.58,49.48,10.0,40,0,40,50.0,0.804,57.01,14.8,-4.55,1.02,6.84,False,True,1.618,Normal,,✨✨ Golden Cross + Above MAs (bad for sell),,backfill,
2024-03-27 18:00,2212.7,15.31,19.86,29.15,10.0,20,0,10,50.0,0.148,61.48,21.83,-4.55,2.4,8.32,False,True,2.033,Extended,,✨✨ Golden Cross + Above MAs (bad for sell),,backfill,
2024-03-31 19:00,2266.2,22.26,26.8,15.82,10.0,65,0,20,50.0,0.708,83.49,17.67,-4.55,3.81,11.1,False,True,2.678,Extreme Extended,,✨✨ Golden Cross + Above MAs (bad for sell),,backfill,
2024-04-01 20:00,2270.8,29.6,34.15,24.88,10.0,65,0,55,50.0,1.119,48.62,15.6,-4.55,4.91,11.05,False,True,2.509,Extreme Extended,,✨✨ Golden Cross + Above MAs (bad for sell),,backfill,
2024-04-02 21:00,2302.9,17.33,21.87,11.23,10.0,50,0,10,50.0,0.561,71.43,11.96,-4.55,6.02,12.12,False,True,2.717,Extreme Extended,,✨✨ Golden Cross + Above MAs (bad for sell),,backfill,
2024-04-03 22:00,2319.2,33.29,37.83,16.98,10.0,65,0,85,50.0,1.523,82.47,12.36,-4.55,6.41,10.97,False,True,2.688,Extreme Extended,,✨✨ Golden Cross + Above MAs (bad for sell),,backfill,
2024-04-04 23:00,2295.4,35.96,40.51,48.05,10.0,65,0,70,50.0,1.486,42.82,20.23,-4.55,3.74,8.0,False,True,2.207,Extended,,✨✨ Golden Cross + Above MAs (bad for sell),,backfill,
2024-04-08 00:00,2360.7,17.51,22.06,12.35,10.0,20,0,40,50.0,0.849,67.77,29.91,-4.55,4.17,10.5,False,True,2.746,Extreme Extended,,✨✨ Golden Cross + Above MAs (bad for sell),,backfill,
2024-04-09 01:00,2363.6,29.63,34.18,25.06,10.0,65,0,55,50.0,1.113,81.6,11.3,-4.55,4.09,9.3,False,True,2.553,Extreme Extended,,✨✨ Golden Cross + Above MAs (bad for sell),,backfill,
2024-04-10 02:00,2373.4,30.08,34.63,27.77,10.0,50,0,70,50.0,1.468,71.47,15.14,-4.55,3.06,9.08,False,True,2.448,Extended,,✨✨ Golden Cross + Above MAs (bad for sell),,backfill,
2024-04-11 03:00,2353.9,37.12,41.67,51.75,28.24,65,0,55,50.0,1.081,47.57,16.31,-4.55,1.5,7.64,False,True,2.107,Extended,,✨✨ Golden Cross + Above MAs (bad for sell),,backfill,
2024-04-12 04:00,2414.1,26.76,31.31,8.48,24.36,65,0,40,50.0,0.911,83.58,16.33,-4.55,5.17,10.62,False,True,2.504,Extreme Extended,,✨✨ Golden Cross + Above MAs (bad for sell),,backfill,
2024-04-15 05:00,2366.1,44.94,49.48,65.28,21.63,40,35,85,50.0,1.63,58.36,36.75,-4.55,0.23,9.07,False,True,1.928,Normal,,✨ Golden Cross (bad for sell),,backfill,
2024-04-16 06:00,2386.4,38.13,42.68,43.09,22.97,85,0,55,50.0,1.197,30.98,18.02,-4.55,0.96,10.12,False,True,1.977,Normal,,✨✨ Golden Cross + Above MAs (bad for sell),,backfill,
2024-04-17 07:00,2403.6,24.1,28.64,37.71,24.15,40,0,20,50.0,0.771,55.81,20.79,-4.55,1.27,11.07,False,True,1.995,Normal,,✨✨ Golden Cross + Above MAs (bad for sell),,backfill,
2024-04-18 08:00,2400.7,37.32,41.87,41.43,24.76,50,0,85,50.0,1.537,77.9,16.11,-4.55,1.99,11.05,False,True,1.865,Normal,,✨✨ Golden Cross + Above MAs (bad for sell),,backfill,
2024-04-19 09:00,2393.4,29.89,34.43,57.83,23.78,65,0,10,50.0,0.305,49.28,25.11,-4.55,-0.86,10.94,False,True,1.71,Normal,,✨✨ Golden Cross + Above MAs (bad for sell),,backfill,
2024-04-22 10:00,2355.2,56.38,60.93,84.63,25.93,100,35,70,50.0,1.201,18.18,20.04,-4.55,-0.46,8.99,False,True,1.338,Normal,,✨ Golden Cross (bad for sell),,backfill,
2024-04-23 11:00,2336.9,45.1,49.65,81.78,26.1,20,35,85,50.0,1.95,64.55,30.52,-4.55,-2.07,7.05,False,True,1.152,Normal,,✨ Golden Cross (bad for sell),,backfill,
2024-04-24 12:00,2338.6,34.48,39.02,79.14,10.0,40,35,20,50.0,0.735,53.61,13.55,-4.55,-2.7,8.04,False,True,1.12,Normal,,✨ Golden Cross (bad for sell),,backfill,
2024-04-25 13:00,2344.5,33.18,37.72,71.35,10.0,20,35,40,50.0,0.885,66.72,16.0,-4.55,-2.34,7.94,False,True,1.123,Normal,,✨ Golden Cross (bad for sell),,backfill,
2024-04-26 14:00,2352.6,38.82,43.37,75.21,10.0,40,0,85,50.0,1.6,55.27,9.35,-4.55,-1.7,7.94,False,True,1.14,Normal,,✨✨ Golden Cross + Above MAs (bad for sell),,backfill,
2024-04-29 15:00,2347.4,47.79,47.79,81.73,10.0,40,65,40,50.0,0.813,56.44,12.49,0.0,-0.33,6.09,True,False,1.059,Normal,,None,,backfill,
2024-04-30 16:00,2297.3,75.6,75.6,93.62,10.0,100,100,100,50.0,4.451,12.76,10.24,0.0,-1.69,1.37,True,False,0.634,Normal,,None,,backfill,
2024-05-01 18:00,2330.4,49.59,49.59,67.52,10.0,50,100,20,50.0,0.676,71.29,23.29,0.0,-0.35,2.62,True,False,0.867,Normal,,None,,backfill,
2024-05-02 19:00,2313.5,49.54,49.54,87.21,10.0,40,100,10,50.0,0.375,50.11,13.81,0.0,-1.32,0.46,True,False,0.699,Normal,,None,,backfill,
2024-05-05 20:00,2304.9,81.1,81.1,87.55,59.03,65,100,100,75.0,2.288,44.93,15.3,0.0,-2.03,-0.62,True,False,0.596,Normal,,None,,backfill,
2024-05-06 21:00,2331.5,41.09,41.09,61.54,10.0,40,65,20,50.0,0.72,54.36,14.37,0.0,-0.68,1.57,True,False,0.789,Normal,,None,,backfill,
2024-05-07 22:00,2324.8,54.6,54.6,63.32,64.3,40,65,20,75.0,0.637,55.88,10.38,0.0,1.2,-1.52,True,False,0.701,Normal,,None,,backfill,
2024-05-08 23:00,2319.4,73.75,73.75,67.41,65.08,65,100,70,75.0,1.257,45.23,11.19,0.0,-0.47,-1.87,True,False,0.622,Normal,,None,,backfill,
2024-05-10 00:00,2360.8,46.88,46.88,40.26,61.01,65,30,10,75.0,0.46,88.54,12.43,0.0,2.04,-0.53,True,False,0.979,Normal,,None,,backfill,
2024-05-13 01:00,2358.8,42.14,42.14,52.86,10.0,85,30,40,35.0,0.81,38.1,13.5,0.0,2.34,0.21,True,False,0.928,Normal,,None,,backfill,
2024-05-14 02:00,2343.7,62.67,62.67,65.35,60.68,40,65,85,60.0,1.601,53.36,10.04,0.0,0.52,-2.92,True,False,0.754,Normal,,None,,backfill,
2024-05-15 03:00,2368.0,18.96,23.5,36.01,10.0,20,0,40,35.0,0.909,67.7,9.12,-4.55,1.86,0.08,False,True,0.984,Normal,,✨✨ Golden Cross + Above MAs (bad for sell),,backfill,
2024-05-16 04:00,2390.9,26.65,31.19,37.16,10.0,65,0,40,35.0,0.825,43.84,19.99,-4.55,3.08,0.19,False,True,1.206,Normal,,✨✨ Golden Cross + Above MAs (bad for sell),,backfill,
2024-05-17 05:00,2386.8,31.82,36.37,47.23,60.97,40,0,10,60.0,0.561,55.2,9.31,-4.55,1.1,-0.7,False,True,1.128,Normal,,✨✨ Golden Cross + Above MAs (bad for sell),,backfill,
2024-05-20 06:00,2440.5,16.34,20.88,20.31,10.0,20,0,40,35.0,0.992,66.39,16.86,-4.55,3.46,1.66,False,True,1.688,Normal,,✨✨ Golden Cross + Above MAs (bad for sell),,backfill,
2024-05-21 07:00,2427.5,32.92,37.47,29.82,10.0,65,0,85,35.0,1.684,47.3,18.95,-4.55,3.58,1.42,False,True,1.483,Normal,,✨✨ Golden Cross + Above MAs (bad for sell),,backfill,
2024-05-22 08:00,2415.9,37.18,41.73,35.37,10.0,85,0,85,35.0,1.59,34.38,9.15,-4.55,2.02,2.58,False,True,1.296,Normal,,✨✨ Golden Cross + Above MAs (bad for sell),,backfill,
2024-05-23 09:00,2360.6,49.48,54.02,59.15,10.0,85,35,100,35.0,4.164,31.09,21.18,-4.55,-1.27,1.01,False,True,0.616,Normal,,✨ Golden Cross (bad for sell),,backfill,
2024-05-24 10:00,2339.6,46.71,51.26,72.55,10.0,20,70,100,35.0,2.201,64.42,13.5,-4.55,-1.98,0.04,False,True,0.34,Normal,,✨ Golden Cross (bad for sell),,backfill,
2024-05-28 11:00,2361.3,34.37,38.92,48.51,10.0,50,35,55,35.0,1.167,74.45,11.34,-4.55,-3.25,0.72,False,True,0.576,Normal,,✨ Golden Cross (bad for sell),,backfill,
2024-05-29 12:00,2341.5,55.49,60.03,70.5,54.7,85,70,20,60.0,0.702,33.26,10.31,-4.55,-3.54,-0.47,False,True,0.295,Normal,,✨ Golden Cross (bad for sell),,backfill,
2024-05-30 13:00,2365.8,25.93,25.93,50.6,10.0,20,30,10,35.0,0.408,69.81,21.61,0.0,-2.07,0.78,True,False,0.581,Normal,,None,,backfill,
2024-05-31 14:00,2343.5,59.64,59.64,57.83,10.0,85,100,70,35.0,1.202,33.64,15.26,0.0,-0.72,2.01,True,False,0.242,Normal,,None,,backfill,
2024-06-03 15:00,2368.0,32.61,32.61,35.64,10.0,65,30,20,35.0,0.673,88.33,10.16,0.0,1.21,1.61,True,False,0.56,Normal,,None,,backfill,
2024-06-04 16:00,2346.4,60.15,60.15,60.87,10.0,85,100,70,35.0,1.313,34.99,14.2,0.0,-0.63,1.42,True,False,0.197,Normal,,None,,backfill,
2024-06-05 18:00,2375.9,31.03,31.03,36.19,10.0,65,30,10,35.0,0.587,86.47,9.08,0.0,1.47,3.08,True,False,0.64,Normal,,None,,backfill,
2024-06-06 19:00,2395.5,28.16,28.16,33.98,10.0,50,30,10,35.0,0.426,73.47,13.2,0.0,1.26,2.75,True,False,0.961,Normal,,None,,backfill,
2024-06-09 20:00,2313.9,75.12,75.12,78.51,57.18,85,100,70,60.0,1.23,30.88,30.79,0.0,-1.26,-0.47,True,False,-0.608,Normal,,None,,backfill,
2024-06-10 21:00,2319.9,51.63,51.63,69.79,10.0,40,100,55,35.0,1.002,55.17,11.5,0.0,-2.03,0.02,True,False,-0.615,Normal,,None,,backfill,
2024-06-11 22:00,2330.3,60.2,60.2,74.07,67.11,40,100,20,60.0,0.601,58.13,9.77,0.0,-0.69,-1.29,True,False,-0.502,Normal,,None,,backfill,
2024-06-12 23:00,2329.7,64.68,64.68,74.25,58.86,85,100,10,60.0,0.512,30.09,21.35,0.0,-1.94,-1.23,True,False,-0.632,Normal,,None,,backfill,
2024-06-14 00:00,2320.9,75.84,75.84,81.91,63.12,65,100,70,75.0,1.327,41.67,19.61,0.0,-3.11,-0.97,True,False,-0.949,Normal,,None,,backfill,
2024-06-17 01:00,2333.1,65.51,65.51,62.14,65.92,85,65,40,75.0,0.821,31.69,10.96,0.0,0.83,-1.47,True,False,-0.654,Normal,,None,,backfill,
2024-06-18 02:00,2334.6,66.66,66.66,71.14,68.83,20,65,100,75.0,2.515,65.69,10.9,0.0,0.63,-2.35,True,False,-0.637,Normal,,None,,backfill,
2024-06-20 03:00,2352.1,46.43,46.43,43.75,64.84,20,65,10,75.0,0.42,61.33,14.41,0.0,0.94,-1.45,True,False,-0.12,Normal,,None,,backfill,
2024-06-21 04:00,2379.0,45.15,45.15,42.46,63.43,20,30,40,75.0,0.874,62.78,16.41,0.0,2.12,-2.52,True,False,0.706,Normal,,None,,backfill,
2024-06-24 05:00,2337.3,75.62,75.62,77.63,61.07,40,100,100,75.0,2.519,54.12,17.6,0.0,0.71,-3.72,True,False,-0.605,Normal,,None,,backfill,
2024-06-25 06:00,2347.9,45.42,45.42,40.0,67.53,40,30,20,75.0,0.696,54.78,8.19,0.0,0.63,-2.81,True,False,-0.252,Normal,,None,,backfill,
2024-06-26 07:00,2324.8,71.3,71.3,55.16,62.67,65,100,70,75.0,1.207,41.88,12.26,0.0,-0.42,-1.52,True,False,-0.958,Normal,,None,,backfill,
2024-06-27 08:00,2333.4,72.58,72.58,34.87,60.6,65,100,100,75.0,2.4,86.87,12.87,0.0,-0.8,-0.27,True,False,-0.643,Normal,,None,,backfill,
2024-06-28 09:00,2341.1,57.37,57.37,45.51,63.7,40,65,55,75.0,1.038,53.93,9.32,0.0,-1.59,-0.86,True,False,-0.377,Normal,,None,,backfill,
2024-07-01 10:00,2333.8,65.96,65.96,42.77,62.99,65,65,85,75.0,1.516,48.71,11.56,0.0,-0.15,-0.33,True,False,-0.583,Normal,,None,,backfill,
2024-07-02 11:00,2333.6,67.73,67.73,50.29,61.12,85,65,70,75.0,1.234,39.66,11.6,0.0,-0.61,-1.36,True,False,-0.563,Normal,,None,,backfill,
2024-07-05 08:00,2380.2,28.83,28.83,7.98,10.0,65,30,10,50.0,0.368,82.49,18.19,0.0,2.38,1.57,True,False,1.005,Normal,,None,,backfill,
2024-07-08 09:00,2383.2,26.21,30.76,19.54,10.0,85,0,20,50.0,0.668,34.29,12.57,-4.55,2.13,0.64,False,True,1.122,Normal,,✨✨ Golden Cross + Above MAs (bad for sell),,backfill,
2024-07-09 10:00,2361.6,41.2,45.74,49.45,10.0,65,0,100,50.0,2.669,41.72,16.74,-4.55,0.88,0.65,False,True,0.412,Normal,,✨✨ Golden Cross + Above MAs (bad for sell),,backfill,
2024-07-10 11:00,2385.4,23.21,27.75,16.52,10.0,20,0,70,50.0,1.433,63.73,12.83,-4.55,2.21,0.4,False,True,1.192,Normal,,✨✨ Golden Cross + Above MAs (bad for sell),,backfill,
2024-07-11 12:00,2417.5,16.56,21.1,6.4,25.21,50,0,10,35.0,0.245,79.9,19.05,-4.55,3.6,0.92,False,True,2.21,Extended,,✨✨ Golden Cross + Above MAs (bad for sell),,backfill,
2024-07-12 13:00,2422.8,20.19,24.74,11.23,27.19,20,0,55,35.0,1.124,60.44,9.87,-4.55,1.79,4.71,False,True,2.246,Extended,,✨✨ Golden Cross + Above MAs (bad for sell),,backfill,
2024-07-15 14:00,2427.1,19.31,23.86,21.64,26.51,40,0,20,35.0,0.711,58.98,13.67,-4.55,1.84,4.62,False,True,2.241,Extended,,✨✨ Golden Cross + Above MAs (bad for sell),,backfill,
2024-07-16 15:00,2473.5,15.91,20.46,2.55,25.2,50,0,10,35.0,0.591,78.2,13.86,-4.55,4.74,6.15,False,True,3.369,Extreme Extended,,✨✨ Golden Cross + Above MAs (bad for sell),,backfill,
2024-07-17 16:00,2463.1,31.24,35.78,19.53,25.16,65,0,70,35.0,1.42,43.92,19.12,-4.55,3.26,5.73,False,True,2.729,Extreme Extended,,✨✨ Golden Cross + Above MAs (bad for sell),,backfill,
2024-07-18 18:00,2446.8,42.74,47.29,36.69,27.03,100,0,85,35.0,1.816,17.09,11.3,-4.55,1.21,5.42,False,True,2.107,Extended,,✨✨ Golden Cross + Above MAs (bad for sell),,backfill,
2024-07-21 19:00,2413.3,33.76,38.31,49.04,25.81,65,35,20,35.0,0.639,40.72,13.7,-4.55,-0.39,3.44,False,True,1.215,Normal,,✨ Golden Cross (bad for sell),,backfill,
2024-07-22 20:00,2401.2,40.96,45.5,54.85,28.18,65,35,55,35.0,1.063,44.59,10.59,-4.55,-1.07,2.85,False,True,0.879,Normal,,✨ Golden Cross (bad for sell),,backfill,
2024-07-23 21:00,2409.2,25.53,30.08,50.46,10.0,40,35,10,35.0,0.548,50.96,8.48,-4.55,-2.6,2.43,False,True,1.042,Normal,,✨ Golden Cross (bad for sell),,backfill,
2024-07-24 22:00,2371.7,79.84,84.38,87.34,88.96,100,70,100,60.0,2.234,18.72,19.25,-4.55,-3.71,-0.31,False,True,0.054,Normal,,✨ Golden Cross (bad for sell),,backfill,
2024-07-25 23:00,2370.3,50.88,55.43,66.28,26.28,65,70,70,35.0,1.24,49.77,15.37,-4.55,-3.13,1.41,False,True,-0.005,Normal,,✨ Golden Cross (bad for sell),,backfill,
2024-07-29 00:00,2393.3,25.87,30.41,62.47,10.0,20,0,55,35.0,1.099,66.58,10.97,-4.55,-0.83,1.93,False,True,0.566,Normal,,✨✨ Golden Cross + Above MAs (bad for sell),,backfill,
2024-07-30 01:00,2384.1,55.05,55.05,60.31,10.0,40,100,85,35.0,1.956,58.94,10.5,0.0,-0.71,2.55,True,False,0.321,Normal,,None,,backfill,
2024-07-31 02:00,2466.2,29.77,29.77,28.63,10.0,65,30,10,35.0,0.151,84.25,33.54,0.0,2.37,5.69,True,False,2.314,Extended,,None,,backfill,
2024-08-01 03:00,2484.4,14.2,18.75,27.49,10.0,20,0,20,35.0,0.611,60.92,15.46,-4.55,4.75,6.12,False,True,2.543,Extreme Extended,,✨✨ Golden Cross + Above MAs (bad for sell),,backfill,
2024-08-02 04:00,2506.0,16.33,20.87,15.24,10.0,50,0,10,40.0,0.584,76.89,13.8,-4.55,5.73,7.38,False,True,2.802,Extreme Extended,,✨✨ Golden Cross + Above MAs (bad for sell),,backfill,
2024-08-05 05:00,2464.9,40.26,44.8,44.36,24.46,65,0,85,50.0,1.972,46.58,34.24,-4.55,2.99,5.63,False,True,1.765,Normal,,✨✨ Golden Cross + Above MAs (bad for sell),,backfill,
2024-08-06 06:00,2453.0,37.51,42.05,42.15,25.16,40,35,70,40.0,1.29,53.51,27.15,-4.55,2.89,3.06,False,True,1.497,Normal,,✨ Golden Cross (bad for sell),,backfill,
2024-08-07 07:00,2441.4,42.62,47.16,59.04,28.93,20,35,100,40.0,3.083,60.5,16.33,-4.55,-1.01,2.44,False,True,1.252,Normal,,✨ Golden Cross (bad for sell),,backfill,
2024-08-08 08:00,2447.4,34.41,38.96,43.74,10.0,65,35,40,40.0,0.948,80.8,12.91,-4.55,-1.49,3.63,False,True,1.365,Normal,,✨ Golden Cross (bad for sell),,backfill,
2024-08-09 09:00,2466.1,27.14,31.68,45.09,10.0,40,0,55,40.0,1.048,52.54,11.26,-4.55,-1.59,3.38,False,True,1.67,Normal,,✨✨ Golden Cross + Above MAs (bad for sell),,backfill,
2024-08-12 10:00,2492.8,22.35,26.89,36.37,10.0,65,0,10,40.0,0.449,84.74,9.13,-4.55,1.13,3.11,False,True,2.097,Extended,,✨✨ Golden Cross + Above MAs (bad for sell),,backfill,
2024-08-13 11:00,2508.3,18.81,23.36,35.15,10.0,40,0,20,35.0,0.602,52.3,10.4,-4.55,2.25,3.53,False,True,2.233,Extended,,✨✨ Golden Cross + Above MAs (bad for sell),,backfill,
2024-08-14 12:00,2482.5,45.94,50.48,72.9,10.0,85,0,100,35.0,2.173,33.2,11.79,-4.55,1.68,2.28,False,True,1.632,Normal,,✨✨ Golden Cross + Above MAs (bad for sell),,backfill,
2024-08-15 13:00,2493.2,36.86,41.41,63.45,10.0,40,0,100,35.0,2.942,51.91,17.15,-4.55,1.87,0.8,False,True,1.733,Normal,,✨✨ Golden Cross + Above MAs (bad for sell),,backfill,
2024-08-16 14:00,2541.9,20.57,25.11,30.67,10.0,65,0,10,35.0,0.465,87.88,15.69,-4.55,3.07,3.2,False,True,2.452,Extended,,✨✨ Golden Cross + Above MAs (bad for sell),,backfill,
2024-08-19 15:00,2543.9,26.56,31.11,31.66,10.0,40,0,70,35.0,1.317,54.67,11.46,-4.55,2.05,3.97,False,True,2.308,Extended,,✨✨ Golden Cross + Above MAs (bad for sell),,backfill,
2024-08-20 16:00,2552.1,22.44,26.99,26.92,10.0,20,0,70,35.0,1.492,60.0,14.59,-4.55,1.75,5.75,False,True,2.266,Extended,,✨✨ Golden Cross + Above MAs (bad for sell),,backfill,
2024-08-21 18:00,2550.8,20.36,24.91,24.43,10.0,40,0,40,35.0,0.855,53.95,10.28,-4.55,2.75,6.23,False,True,2.099,Extended,,✨✨ Golden Cross + Above MAs (bad for sell),,backfill,
2024-08-22 19:00,2522.9,47.13,51.68,45.07,10.0,85,35,100,35.0,3.327,31.74,12.25,-4.55,1.19,4.72,False,True,1.594,Normal,,✨ Golden Cross (bad for sell),,backfill,
2024-08-25 20:00,2549.0,17.81,22.36,29.14,10.0,50,0,10,35.0,0.368,75.26,8.51,-4.55,0.28,7.48,False,True,1.874,Normal,,✨✨ Golden Cross + Above MAs (bad for sell),,backfill,
2024-08-26 21:00,2545.1,34.25,38.8,47.79,10.0,100,0,40,35.0,0.975,24.6,8.72,-4.55,0.05,7.37,False,True,1.725,Normal,,✨✨ Golden Cross + Above MAs (bad for sell),,backfill,
2024-08-27 22:00,2551.5,29.77,34.32,50.91,10.0,40,0,70,35.0,1.378,57.54,11.29,-4.55,-0.02,6.61,False,True,1.728,Normal,,✨✨ Golden Cross + Above MAs (bad for sell),,backfill,
2024-08-28 23:00,2549.9,29.73,34.28,40.67,10.0,50,0,70,35.0,1.339,71.73,9.54,-4.55,-0.04,6.95,False,True,1.634,Normal,,✨✨ Golden Cross + Above MAs (bad for sell),,backfill,
2024-08-30 00:00,2546.8,37.35,41.9,66.39,10.0,65,35,40,35.0,0.997,42.47,10.92,-4.55,0.95,3.27,False,True,1.521,Normal,,✨ Golden Cross (bad for sell),,backfill,
2024-09-03 01:00,2526.8,58.01,62.55,90.33,10.0,100,35,100,40.0,2.064,28.57,11.26,-4.55,-0.87,1.71,False,True,1.196,Normal,,✨ Golden Cross (bad for sell),,backfill,
2024-09-04 02:00,2515.6,50.09,54.63,92.8,10.0,65,35,85,40.0,1.575,41.91,14.54,-4.55,-1.16,0.38,False,True,1.003,Normal,,✨ Golden Cross (bad for sell),,backfill,
2024-09-05 03:00,2536.5,19.99,24.54,62.24,10.0,20,0,20,35.0,0.657,64.91,13.22,-4.55,-0.59,2.9,False,True,1.243,Normal,,✨✨ Golden Cross + Above MAs (bad for sell),,backfill,
2024-09-06 04:00,2547.8,23.75,28.29,59.76,10.0,40,0,20,40.0,0.682,55.61,8.85,-4.55,-0.08,3.86,False,True,1.338,Normal,,✨✨ Golden Cross + Above MAs (bad for sell),,backfill,
2024-09-09 05:00,2525.3,49.68,54.22,70.33,10.0,40,70,100,35.0,2.562,51.9,16.46,-4.55,-0.84,3.44,False,True,0.995,Normal,,✨ Golden Cross (bad for sell),,backfill,
2024-09-10 06:00,2534.5,27.78,32.33,63.97,10.0,65,0,20,35.0,0.713,48.19,7.46,-4.55,0.3,3.56,False,True,1.081,Normal,,✨✨ Golden Cross + Above MAs (bad for sell),,backfill,
2024-09-11 07:00,2551.0,21.76,26.31,52.84,10.0,20,0,40,35.0,0.89,60.47,9.42,-4.55,1.41,3.44,False,True,1.268,Normal,,✨✨ Golden Cross + Above MAs (bad for sell),,backfill,
2024-09-12 08:00,2556.8,32.43,36.97,56.85,10.0,50,0,70,35.0,1.388,71.39,12.48,-4.55,0.8,2.57,False,True,1.326,Normal,,✨✨ Golden Cross + Above MAs (bad for sell),,backfill,
2024-09-13 09:00,2605.8,23.47,28.01,28.12,29.96,65,0,10,35.0,0.171,82.76,12.42,-4.55,2.28,3.89,False,True,1.961,Normal,,✨✨ Golden Cross + Above MAs (bad for sell),,backfill,
2024-09-16 10:00,2607.7,30.6,35.15,30.87,10.0,65,0,70,35.0,1.488,48.36,9.67,-4.55,3.26,5.04,False,True,1.906,Normal,,✨✨ Golden Cross + Above MAs (bad for sell),,backfill,
2024-09-17 11:00,2592.4,36.98,41.52,49.15,10.0,85,0,70,35.0,1.445,33.33,11.24,-4.55,2.28,3.98,False,True,1.619,Normal,,✨✨ Golden Cross + Above MAs (bad for sell),,backfill,
2024-09-18 12:00,2601.7,26.55,31.09,46.55,10.0,40,0,55,35.0,1.012,52.22,8.9,-4.55,1.99,2.35,False,True,1.694,Normal,,✨✨ Golden Cross + Above MAs (bad for sell),,backfill,
2024-09-19 13:00,2616.0,36.78,41.32,36.59,26.34,50,0,100,35.0,2.194,70.75,24.13,-4.55,2.32,2.83,False,True,1.829,Normal,,✨✨ Golden Cross + Above MAs (bad for sell),,backfill,
2024-09-20 14:00,2646.9,25.52,30.07,28.67,26.73,50,0,40,35.0,0.885,72.12,12.66,-4.55,1.58,3.71,False,True,2.184,Extended,,✨✨ Golden Cross + Above MAs (bad for sell),,backfill,
2024-09-23 15:00,2651.0,37.05,41.59,35.6,28.96,65,0,85,35.0,1.616,45.16,9.12,-4.55,1.66,3.93,False,True,2.128,Extended,,✨✨ Golden Cross + Above MAs (bad for sell),,backfill,
2024-09-24 16:00,2682.1,27.27,31.82,10.26,25.66,50,0,70,35.0,1.428,75.99,14.07,-4.55,3.46,6.31,False,True,2.43,Extended,,✨✨ Golden Cross + Above MAs (bad for sell),,backfill,
2024-09-25 18:00,2681.8,22.87,27.42,26.71,27.81,40,0,20,50.0,0.776,51.01,11.12,-4.55,3.08,5.21,False,True,2.261,Extended,,✨✨ Golden Cross + Above MAs (bad for sell),,backfill,
2024-09-26 19:00,2694.9,32.86,37.41,21.58,27.86,40,0,85,50.0,1.912,52.08,14.47,-4.55,3.02,5.89,False,True,2.274,Extended,,✨✨ Golden Cross + Above MAs (bad for sell),,backfill,
2024-09-29 20:00,2683.1,39.59,44.13,36.6,28.19,65,0,100,35.0,2.459,47.19,13.58,-4.55,1.37,5.16,False,True,1.994,Normal,,✨✨ Golden Cross + Above MAs (bad for sell),,backfill,
2024-09-30 21:00,2661.3,41.31,45.86,55.16,10.0,40,35,100,35.0,2.325,54.24,12.58,-4.55,0.39,4.37,False,True,1.636,Normal,,✨ Golden Cross (bad for sell),,backfill,
2024-10-01 22:00,2681.1,22.13,26.67,37.03,28.0,40,0,20,35.0,0.631,58.12,13.12,-4.55,-0.04,5.27,False,True,1.777,Normal,,✨✨ Golden Cross + Above MAs (bad for sell),,backfill,
2024-10-02 23:00,2676.6,32.17,36.71,45.27,10.0,40,35,55,35.0,1.161,57.25,11.96,-4.55,-0.19,5.93,False,True,1.648,Normal,,✨ Golden Cross (bad for sell),,backfill,
2024-10-04 00:00,2683.9,29.39,33.93,38.59,10.0,50,0,55,50.0,1.041,74.77,11.48,-4.55,-0.41,6.69,False,True,1.669,Normal,,✨✨ Golden Cross + Above MAs (bad for sell),,backfill,
2024-10-07 01:00,2660.3,52.34,56.89,71.32,10.0,85,35,85,55.0,1.534,30.17,19.12,-4.55,-0.85,4.88,False,True,1.338,Normal,,✨ Golden Cross (bad for sell),,backfill,
2024-10-08 02:00,2655.8,51.09,55.63,68.79,10.0,65,35,100,55.0,2.314,40.29,16.51,-4.55,-0.21,4.24,False,True,1.236,Normal,,✨ Golden Cross (bad for sell),,backfill,
2024-10-09 03:00,2630.0,55.75,60.3,86.78,10.0,40,70,100,55.0,2.245,53.64,16.01,-4.55,-1.91,4.15,False,True,0.902,Normal,,✨ Golden Cross (bad for sell),,backfill,
2024-10-10 04:00,2632.4,48.96,53.51,76.03,10.0,40,70,70,55.0,1.491,57.82,10.08,-4.55,-1.65,3.86,False,True,0.906,Normal,,✨ Golden Cross (bad for sell),,backfill,
2024-10-11 05:00,2654.9,25.08,29.62,72.73,10.0,20,0,20,55.0,0.637,63.42,11.93,-4.55,-1.08,4.07,False,True,1.171,Normal,,✨✨ Golden Cross + Above MAs (bad for sell),,backfill,
2024-10-14 06:00,2673.1,25.63,30.18,61.07,10.0,40,0,20,50.0,0.732,50.26,10.53,-4.55,0.48,4.55,False,True,1.362,Normal,,✨✨ Golden Cross + Above MAs (bad for sell),,backfill,
2024-10-15 07:00,2664.5,53.85,53.85,78.12,10.0,65,30,85,55.0,1.515,48.07,10.19,0.0,0.33,2.25,True,False,1.199,Normal,,None,,backfill,
2024-10-16 08:00,2698.2,23.76,28.31,49.85,10.0,50,0,10,50.0,0.512,74.26,10.99,-4.55,2.59,3.47,False,True,1.583,Normal,,✨✨ Golden Cross + Above MAs (bad for sell),,backfill,
2024-10-17 09:00,2704.3,19.35,23.9,43.38,10.0,20,0,20,50.0,0.723,64.6,10.95,-4.55,2.73,4.32,False,True,1.598,Normal,,✨✨ Golden Cross + Above MAs (bad for sell),,backfill,
2024-10-18 10:00,2732.4,20.65,25.2,31.18,10.0,50,0,10,50.0,0.54,75.0,10.39,-4.55,2.92,5.02,False,True,1.9,Normal,,✨✨ Golden Cross + Above MAs (bad for sell),,backfill,
2024-10-21 11:00,2734.8,41.23,45.78,49.65,10.0,65,0,100,50.0,2.309,43.07,11.46,-4.55,2.31,4.54,False,True,1.858,Normal,,✨✨ Golden Cross + Above MAs (bad for sell),,backfill,
2024-10-22 12:00,2759.7,22.95,27.5,30.0,10.0,20,0,55,50.0,1.152,64.76,11.0,-4.55,3.57,4.26,False,True,2.122,Extended,,✨✨ Golden Cross + Above MAs (bad for sell),,backfill,
2024-10-23 13:00,2730.3,55.78,60.33,66.96,10.0,100,35,100,50.0,2.509,25.37,14.75,-4.55,1.19,2.99,False,True,1.642,Normal,,✨ Golden Cross (bad for sell),,backfill,
2024-10-24 14:00,2748.4,26.13,30.68,49.07,10.0,20,0,55,50.0,1.124,65.84,6.67,-4.55,1.63,2.47,False,True,1.811,Normal,,✨✨ Golden Cross + Above MAs (bad for sell),,backfill,
2024-10-25 15:00,2755.3,21.3,25.85,50.08,10.0,20,0,20,55.0,0.618,63.03,10.97,-4.55,0.84,2.74,False,True,1.821,Normal,,✨✨ Golden Cross + Above MAs (bad for sell),,backfill,
2024-10-28 16:00,2754.7,38.43,42.98,57.86,10.0,40,0,100,50.0,2.12,52.98,12.13,-4.55,0.73,2.22,False,True,1.738,Normal,,✨✨ Golden Cross + Above MAs (bad for sell),,backfill,
2024-10-29 18:00,2787.0,20.63,25.18,31.07,10.0,50,0,10,50.0,0.525,72.3,11.62,-4.55,0.99,3.87,False,True,2.072,Extended,,✨✨ Golden Cross + Above MAs (bad for sell),,backfill,
2024-10-30 19:00,2796.4,27.08,31.62,29.73,10.0,40,0,55,55.0,1.148,53.73,7.64,-4.55,2.42,5.08,False,True,2.078,Extended,,✨✨ Golden Cross + Above MAs (bad for sell),,backfill,
2024-10-31 20:00,2754.6,57.44,61.99,71.93,10.0,100,35,100,55.0,2.88,25.74,17.35,-4.55,0.23,2.74,False,True,1.463,Normal,,✨ Golden Cross (bad for sell),,backfill,
2024-11-03 21:00,2749.3,52.31,56.86,71.15,10.0,85,35,85,55.0,1.906,35.33,8.94,-4.55,-0.22,2.72,False,True,1.334,Normal,,✨ Golden Cross (bad for sell),,backfill,
2024-11-04 22:00,2744.1,42.75,47.3,78.78,10.0,85,35,20,55.0,0.695,38.5,10.78,-4.55,-0.38,2.24,False,True,1.217,Normal,,✨ Golden Cross (bad for sell),,backfill,
2024-11-05 23:00,2751.0,40.6,45.15,65.87,10.0,65,35,40,55.0,0.955,47.37,13.25,-4.55,-1.29,3.41,False,True,1.254,Normal,,✨ Golden Cross (bad for sell),,backfill,
2024-11-07 00:00,2666.7,59.09,63.63,89.16,22.64,65,70,85,50.0,1.586,48.92,33.45,-4.55,-4.64,0.41,False,True,0.179,Normal,,✨ Golden Cross (bad for sell),,backfill,
2024-11-08 01:00,2693.6,49.85,54.39,78.12,23.25,85,70,20,50.0,0.708,37.17,15.07,-4.55,-2.21,2.42,False,True,0.487,Normal,,✨ Golden Cross (bad for sell),,backfill,
2024-11-11 02:00,2676.3,72.43,72.43,90.33,24.23,85,100,85,50.0,1.544,32.53,10.72,0.0,-2.66,1.67,True,False,0.235,Normal,,None,,backfill,
2024-11-12 03:00,2606.7,92.68,92.68,98.71,97.36,85,100,100,75.0,2.88,36.44,17.87,0.0,-5.01,-1.82,True,False,-0.704,Normal,,None,,backfill,
2024-11-13 04:00,2614.4,73.65,73.65,83.11,93.78,20,100,70,75.0,1.373,66.54,12.92,0.0,-4.97,-2.2,True,False,-0.627,Normal,,None,,backfill,
2024-11-14 05:00,2552.0,94.39,94.39,94.94,96.39,100,100,100,75.0,4.283,20.47,17.2,0.0,-4.3,-4.22,True,False,-1.499,Normal,,None,,backfill,
2024-11-15 06:00,2575.3,71.89,71.89,73.85,87.47,40,100,55,75.0,1.051,53.7,13.35,0.0,-4.39,-4.55,True,False,-1.218,Normal,,None,,backfill,
2024-11-18 07:00,2599.7,60.58,60.58,65.24,88.23,50,65,20,75.0,0.698,76.87,15.07,0.0,-2.86,-3.87,True,False,-0.919,Normal,,None,,backfill,
2024-11-19 08:00,2639.2,53.67,53.67,52.3,89.74,20,65,20,75.0,0.697,69.48,12.13,0.0,1.25,-3.41,True,False,-0.387,Normal,,None,,backfill,
2024-11-20 09:00,2646.7,69.08,69.08,50.97,83.49,40,65,100,75.0,2.475,55.92,12.6,0.0,1.24,-3.22,True,False,-0.32,Normal,,None,,backfill,
2024-11-21 10:00,2670.4,57.55,57.55,44.07,41.21,50,65,70,75.0,1.414,72.22,9.43,0.0,4.64,-3.24,True,False,0.002,Normal,,None,,backfill,
2024-11-22 11:00,2707.3,51.39,51.39,32.42,80.95,20,30,70,75.0,1.23,65.51,13.79,0.0,5.13,-0.84,True,False,0.568,Normal,,None,,backfill,
2024-11-25 12:00,2629.2,89.56,89.56,72.4,89.98,100,100,100,75.0,3.351,26.81,29.21,0.0,1.13,-4.34,True,False,-0.814,Normal,,None,,backfill,
2024-11-26 13:00,2623.8,66.01,66.01,60.93,40.14,65,100,55,75.0,1.132,47.42,18.89,0.0,-0.58,-4.77,True,False,-0.934,Normal,,None,,backfill,
2024-11-27 14:00,2659.9,61.05,61.05,43.45,87.88,40,100,20,75.0,0.739,57.01,29.94,0.0,0.5,-3.44,True,False,-0.313,Normal,,None,,backfill,
2024-12-02 05:00,2658.8,66.2,66.2,49.15,48.08,85,100,40,75.0,0.864,30.71,19.81,0.0,-0.43,-4.6,True,False,-0.358,Normal,,None,,backfill,
2024-12-03 06:00,2666.2,39.95,39.95,53.66,51.06,20,30,10,75.0,0.518,60.2,8.43,0.0,-1.52,-4.66,True,False,-0.252,Normal,,None,,backfill,
2024-12-04 07:00,2659.2,47.85,47.85,41.55,55.52,65,30,20,75.0,0.783,41.24,14.05,0.0,1.14,-3.46,True,False,-0.417,Normal,,None,,backfill,
2024-12-05 08:00,2672.5,36.52,41.06,30.14,56.24,65,0,20,75.0,0.648,48.3,12.08,-4.55,1.86,-2.79,False,True,-0.184,Normal,,✨✨ Golden Cross + Above MAs (bad for sell),,backfill,
2024-12-06 09:00,2657.1,40.29,44.83,45.92,53.08,40,35,20,75.0,0.757,54.15,16.07,-4.55,-0.11,-3.17,False,True,-0.483,Normal,,✨ Golden Cross (bad for sell),,backfill,
2024-12-09 10:00,2691.2,27.2,31.75,21.9,53.58,20,0,20,75.0,0.694,68.99,16.63,-4.55,1.22,-2.17,False,True,0.17,Normal,,✨✨ Golden Cross + Above MAs (bad for sell),,backfill,
2024-12-10 11:00,2717.9,18.32,22.87,17.2,10.0,50,0,10,50.0,0.483,76.57,10.84,-4.55,1.94,1.92,False,True,0.68,Normal,,✨✨ Golden Cross + Above MAs (bad for sell),,backfill,
2024-12-11 12:00,2757.1,12.83,17.37,4.24,10.0,20,0,20,50.0,0.735,65.75,12.87,-4.55,3.68,2.36,False,True,1.406,Normal,,✨✨ Golden Cross + Above MAs (bad for sell),,backfill,
2024-12-12 13:00,2707.9,44.18,48.73,32.37,10.0,100,0,100,50.0,2.147,23.66,14.95,-4.55,1.32,1.18,False,True,0.441,Normal,,✨✨ Golden Cross + Above MAs (bad for sell),,backfill,
2024-12-13 14:00,2672.8,46.63,51.17,42.02,10.0,100,35,70,50.0,1.342,19.29,12.61,-4.55,0.59,2.54,False,True,-0.232,Normal,,✨ Golden Cross (bad for sell),,backfill,
2024-12-16 15:00,2670.1,38.77,43.31,44.88,10.0,65,35,55,50.0,1.18,47.81,9.89,-4.55,-0.78,2.13,False,True,-0.282,Normal,,✨ Golden Cross (bad for sell),,backfill,
2024-12-17 16:00,2663.5,47.91,52.45,49.72,10.0,65,70,70,50.0,1.358,43.09,12.01,-4.55,-2.0,4.37,False,True,-0.401,Normal,,✨ Golden Cross (bad for sell),,backfill,
2024-12-18 18:00,2601.5,63.6,68.15,73.89,10.0,100,70,100,55.0,7.437,7.91,21.25,-4.55,-5.64,1.02,False,True,-1.552,Depressed,,✨ Golden Cross (bad for sell),,backfill,
2024-12-19 19:00,2604.9,58.9,58.9,68.38,10.0,100,100,20,55.0,0.725,22.99,16.14,0.0,-3.8,0.2,True,False,-1.447,Normal,,None,,backfill,
2024-12-22 20:00,2638.1,54.94,54.94,57.81,66.84,20,100,10,75.0,0.524,65.67,16.72,0.0,-1.3,-0.04,True,False,-0.813,Normal,,None,,backfill,
2024-12-23 21:00,2630.7,65.55,65.55,68.38,69.9,40,100,40,75.0,0.952,51.19,8.95,0.0,-1.48,-0.6,True,False,-0.943,Normal,,None,,backfill,
2024-12-26 18:00,2652.8,55.13,55.13,60.97,69.78,20,65,40,75.0,0.883,64.71,11.01,0.0,-0.4,-0.66,True,False,-0.546,Normal,,None,,backfill,
2024-12-29 19:00,2636.6,70.46,70.46,63.58,69.15,65,65,85,75.0,1.944,47.74,10.05,0.0,1.35,-2.61,True,False,-0.838,Normal,,None,,backfill,
2024-12-30 20:00,2620.7,78.1,78.1,59.66,68.93,65,100,100,75.0,2.015,47.96,15.08,0.0,0.61,-0.32,True,False,-1.101,Normal,,None,,backfill,
2025-01-02 03:00,2648.8,39.61,39.61,37.65,10.0,65,65,10,50.0,0.32,92.05,10.6,0.0,0.41,0.95,True,False,-0.575,Normal,,None,,backfill,
2025-01-03 04:00,2667.7,36.31,36.31,42.88,10.0,65,30,20,50.0,0.674,47.29,8.77,0.0,1.41,0.29,True,False,-0.23,Normal,,None,,backfill,
2025-01-06 05:00,2645.8,65.23,65.23,61.94,64.42,85,65,40,75.0,0.946,39.44,8.74,0.0,-0.26,-0.49,True,False,-0.608,Normal,,None,,backfill,
2025-01-07 06:00,2659.6,61.64,61.64,32.67,62.19,50,65,85,75.0,1.751,72.64,18.83,0.0,0.87,-0.25,True,False,-0.337,Normal,,None,,backfill,
2025-01-08 07:00,2665.7,33.48,33.48,30.86,10.0,40,30,40,50.0,0.949,56.37,12.03,0.0,1.72,0.24,True,False,-0.203,Normal,,None,,backfill,
2025-01-09 08:00,2691.4,26.63,31.17,22.04,10.0,20,0,85,50.0,1.649,68.71,13.35,-4.55,1.61,0.71,False,True,0.293,Normal,,✨✨ Golden Cross + Above MAs (bad for sell),,backfill,
2025-01-10 09:00,2723.4,16.97,21.52,9.1,10.0,50,0,10,50.0,0.445,77.31,10.78,-4.55,2.09,2.5,False,True,0.925,Normal,,✨✨ Golden Cross + Above MAs (bad for sell),,backfill,
2025-01-13 10:00,2680.9,56.02,60.57,60.73,42.69,100,0,85,75.0,1.506,15.67,11.69,-4.55,1.33,-0.38,False,True,0.136,Normal,,✨✨ Golden Cross + Above MAs (bad for sell),,backfill,
2025-01-14 11:00,2685.6,47.3,51.84,50.87,45.17,65,35,40,75.0,0.943,49.26,7.97,-4.55,0.98,-1.19,False,True,0.254,Normal,,✨ Golden Cross (bad for sell),,backfill,
2025-01-15 12:00,2715.9,33.63,38.18,37.92,41.16,20,0,55,75.0,1.06,67.63,13.91,-4.55,1.88,-1.49,False,True,0.881,Normal,,✨✨ Golden Cross + Above MAs (bad for sell),,backfill,
2025-01-16 13:00,2748.1,18.31,22.85,17.38,29.75,20,0,20,50.0,0.684,68.58,10.79,-4.55,2.11,1.48,False,True,1.573,Normal,,✨✨ Golden Cross + Above MAs (bad for sell),,backfill,
2025-01-17 14:00,2742.0,24.28,28.83,32.97,10.0,40,0,40,50.0,0.845,50.67,12.82,-4.55,0.68,2.59,False,True,1.535,Normal,,✨✨ Golden Cross + Above MAs (bad for sell),,backfill,
2025-01-21 15:00,2755.8,12.86,17.4,14.42,10.0,20,0,10,50.0,0.341,65.14,12.83,-4.55,2.79,3.21,False,True,1.894,Normal,,✨✨ Golden Cross + Above MAs (bad for sell),,backfill,
2025-01-22 16:00,2766.3,24.09,28.64,16.84,10.0,40,0,70,35.0,1.306,56.7,9.57,-4.55,3.0,3.86,False,True,2.1,Extended,,✨✨ Golden Cross + Above MAs (bad for sell),,backfill,
2025-01-23 18:00,2762.2,22.89,27.44,24.87,29.75,40,0,20,50.0,0.788,52.87,9.49,-4.55,1.7,6.18,False,True,1.987,Normal,,✨✨ Golden Cross + Above MAs (bad for sell),,backfill,
2025-01-26 19:00,2774.9,26.0,30.55,33.65,29.64,65,0,20,35.0,0.649,44.65,10.0,-4.55,0.98,6.53,False,True,2.189,Extended,,✨✨ Golden Cross + Above MAs (bad for sell),,backfill,
2025-01-27 20:00,2744.8,48.9,53.44,53.28,27.38,100,35,70,35.0,1.477,25.14,14.61,-4.55,0.1,4.04,False,True,1.493,Normal,,✨ Golden Cross (bad for sell),,backfill,
2025-01-28 21:00,2771.9,20.33,24.87,29.23,10.0,65,0,10,35.0,0.352,88.89,6.55,-4.55,0.58,5.37,False,True,1.966,Normal,,✨✨ Golden Cross + Above MAs (bad for sell),,backfill,
2025-01-29 22:00,2773.4,18.18,22.72,41.34,10.0,40,0,10,35.0,0.529,56.51,8.01,-4.55,0.26,4.55,False,True,1.898,Normal,,✨✨ Golden Cross + Above MAs (bad for sell),,backfill,
2025-01-30 23:00,2849.3,14.37,18.92,9.45,29.04,20,0,20,35.0,0.608,66.44,26.17,-4.55,3.15,8.07,False,True,3.047,Extreme Extended,,✨✨ Golden Cross + Above MAs (bad for sell),,backfill,
2025-02-03 00:00,2814.1,47.64,52.19,48.45,29.68,100,0,100,35.0,2.046,17.61,13.21,-4.55,1.41,7.38,False,True,2.207,Extended,,✨✨ Golden Cross + Above MAs (bad for sell),,backfill,
2025-02-04 01:00,2843.1,25.26,29.8,22.2,26.61,85,0,10,35.0,0.534,34.48,12.21,-4.55,3.58,7.34,False,True,2.503,Extreme Extended,,✨✨ Golden Cross + Above MAs (bad for sell),,backfill,
2025-02-05 02:00,2890.5,17.96,22.51,5.06,10.0,65,0,20,35.0,0.609,82.5,11.11,-4.55,4.28,8.35,False,True,3.041,Extreme Extended,,✨✨ Golden Cross + Above MAs (bad for sell),,backfill,
2025-02-06 03:00,2878.9,34.12,38.67,29.54,27.47,85,0,55,35.0,1.057,30.2,13.06,-4.55,3.8,8.81,False,True,2.622,Extreme Extended,,✨✨ Golden Cross + Above MAs (bad for sell),,backfill,
2025-02-07 04:00,2892.5,29.86,34.41,26.44,10.0,50,0,85,35.0,1.667,73.95,14.54,-4.55,1.52,8.76,False,True,2.604,Extreme Extended,,✨✨ Golden Cross + Above MAs (bad for sell),,backfill,
2025-02-10 05:00,2930.8,31.58,36.12,3.35,28.38,65,0,85,35.0,1.891,98.13,15.52,-4.55,4.15,9.94,False,True,2.891,Extreme Extended,,✨✨ Golden Cross + Above MAs (bad for sell),,backfill,
2025-02-11 06:00,2930.2,27.51,32.06,27.36,10.0,65,0,55,35.0,1.185,46.57,13.64,-4.55,3.06,8.87,False,True,2.606,Extreme Extended,,✨✨ Golden Cross + Above MAs (bad for sell),,backfill,
2025-02-12 07:00,2911.6,32.62,37.16,52.98,10.0,85,0,40,35.0,0.89,32.95,13.27,-4.55,0.73,6.91,False,True,2.197,Extended,,✨✨ Golden Cross + Above MAs (bad for sell),,backfill,
2025-02-13 08:00,2935.6,25.85,30.39,25.88,26.48,40,0,55,35.0,1.004,56.45,11.92,-4.55,1.97,9.5,False,True,2.291,Extended,,✨✨ Golden Cross + Above MAs (bad for sell),,backfill,
2025-02-14 09:00,2938.9,46.08,50.63,54.54,29.24,85,0,100,35.0,2.012,31.02,11.98,-4.55,1.6,9.43,False,True,2.156,Extended,,✨✨ Golden Cross + Above MAs (bad for sell),,backfill,
2025-02-18 10:00,2944.8,35.08,39.62,42.38,25.37,65,0,70,35.0,1.341,85.5,19.1,-4.55,0.48,8.43,False,True,2.104,Extended,,✨✨ Golden Cross + Above MAs (bad for sell),,backfill,
2025-02-19 11:00,2944.5,41.88,46.43,68.55,10.0,65,0,100,35.0,2.042,46.94,13.52,-4.55,0.49,7.15,False,True,1.966,Normal,,✨✨ Golden Cross + Above MAs (bad for sell),,backfill,
2025-02-20 12:00,2956.6,38.01,42.55,60.32,10.0,65,0,85,35.0,1.553,46.78,11.06,-4.55,1.55,7.83,False,True,1.957,Normal,,✨✨ Golden Cross + Above MAs (bad for sell),,backfill,
2025-02-21 13:00,2958.5,26.28,30.82,64.93,10.0,20,0,55,35.0,1.183,67.43,12.11,-4.55,0.78,7.36,False,True,1.871,Normal,,✨✨ Golden Cross + Above MAs (bad for sell),,backfill,
2025-02-24 14:00,2964.3,31.05,35.6,63.59,10.0,20,0,85,35.0,1.518,61.31,15.85,-4.55,0.86,7.16,False,True,1.824,Normal,,✨✨ Golden Cross + Above MAs (bad for sell),,backfill,
2025-02-25 15:00,2925.5,54.47,59.01,84.63,29.44,85,35,85,35.0,1.703,37.12,20.64,-4.55,-0.66,5.91,False,True,1.399,Normal,,✨ Golden Cross (bad for sell),,backfill,
2025-02-26 16:00,2931.7,35.32,39.87,79.22,10.0,40,35,40,35.0,0.89,55.24,12.31,-4.55,-0.43,5.65,False,True,1.392,Normal,,✨ Golden Cross (bad for sell),,backfill,
2025-02-27 18:00,2886.2,58.83,63.38,95.26,10.0,65,70,100,40.0,2.597,45.95,17.19,-4.55,-2.38,5.15,False,True,0.953,Normal,,✨ Golden Cross (bad for sell),,backfill,
2025-03-02 19:00,2877.1,42.17,46.71,84.32,25.97,40,70,20,40.0,0.684,52.01,17.47,-4.55,-2.75,3.8,False,True,0.846,Normal,,✨ Golden Cross (bad for sell),,backfill,
2025-03-03 20:00,2899.3,48.03,48.03,79.28,28.91,20,100,20,40.0,0.775,65.01,12.29,0.0,-2.19,4.54,True,False,1.004,Normal,,None,,backfill,
2025-03-04 21:00,2915.0,56.22,56.22,82.34,10.0,85,65,55,40.0,1.148,37.44,18.15,0.0,-0.36,2.31,True,False,1.092,Normal,,None,,backfill,
2025-03-05 22:00,2929.8,43.4,43.4,70.38,10.0,40,30,70,40.0,1.41,52.2,15.42,0.0,-0.06,4.11,True,False,1.169,Normal,,None,,backfill,
2025-03-06 23:00,2913.2,47.84,47.84,77.01,10.0,40,65,55,40.0,1.041,50.88,13.11,0.0,0.94,2.47,True,False,0.988,Normal,,None,,backfill,
2025-03-10 00:00,2917.0,51.45,51.45,73.72,10.0,100,65,20,40.0,0.736,28.54,12.87,0.0,1.39,0.92,True,False,0.979,Normal,,None,,backfill,
2025-03-11 01:00,2899.7,61.88,61.88,79.76,26.52,85,100,40,40.0,0.878,34.85,15.25,0.0,0.01,0.72,True,False,0.798,Normal,,None,,backfill,
2025-03-12 02:00,2917.3,52.08,52.08,67.46,10.0,85,100,10,40.0,0.428,33.33,8.26,0.0,0.08,0.86,True,False,0.915,Normal,,None,,backfill,
2025-03-13 03:00,2944.9,35.08,35.08,62.59,27.89,40,30,10,40.0,0.581,51.74,10.38,0.0,0.52,0.48,True,False,1.119,Normal,,None,,backfill,
2025-03-14 04:00,3005.8,15.57,20.12,27.74,22.96,20,0,10,40.0,0.3,66.75,14.02,-4.55,3.18,2.58,False,True,1.607,Normal,,✨✨ Golden Cross + Above MAs (bad for sell),,backfill,
2025-03-17 05:00,3003.1,24.99,29.53,32.7,29.5,20,0,55,40.0,1.022,64.35,9.11,-4.55,2.95,3.14,False,True,1.528,Normal,,✨✨ Golden Cross + Above MAs (bad for sell),,backfill,
2025-03-18 06:00,3032.2,25.12,29.67,23.0,10.0,50,0,55,40.0,1.18,78.66,11.07,-4.55,4.57,3.29,False,True,1.739,Normal,,✨✨ Golden Cross + Above MAs (bad for sell),,backfill,
2025-03-19 07:00,3046.8,28.01,32.56,25.34,10.0,40,0,85,35.0,1.703,54.88,10.89,-4.55,4.44,3.67,False,True,1.808,Normal,,✨✨ Golden Cross + Above MAs (bad for sell),,backfill,
2025-03-20 08:00,3048.9,24.65,29.2,35.2,10.0,85,0,10,35.0,0.45,37.59,12.5,-4.55,3.53,3.54,False,True,1.75,Normal,,✨✨ Golden Cross + Above MAs (bad for sell),,backfill,
2025-03-21 09:00,3010.9,53.08,57.63,65.76,10.0,100,35,100,35.0,3.626,14.64,17.58,-4.55,0.17,2.26,False,True,1.344,Normal,,✨ Golden Cross (bad for sell),,backfill,
2025-03-24 10:00,3016.7,40.86,45.41,57.44,10.0,65,35,70,35.0,1.223,43.86,11.67,-4.55,0.45,2.03,False,True,1.355,Normal,,✨ Golden Cross (bad for sell),,backfill,
2025-03-25 11:00,3026.5,26.85,31.4,48.38,10.0,40,35,20,35.0,0.634,59.89,10.24,-4.55,-0.19,2.3,False,True,1.409,Normal,,✨ Golden Cross (bad for sell),,backfill,
2025-03-26 12:00,3021.5,42.53,47.08,67.47,10.0,65,35,70,35.0,1.409,43.82,10.68,-4.55,-0.83,1.93,False,True,1.32,Normal,,✨ Golden Cross (bad for sell),,backfill,
2025-03-27 13:00,3066.7,11.11,15.66,18.95,10.0,20,0,10,35.0,0.52,68.85,14.44,-4.55,0.58,4.83,False,True,1.715,Normal,,✨✨ Golden Cross + Above MAs (bad for sell),,backfill,
2025-03-28 14:00,3111.8,13.26,17.81,16.86,10.0,20,0,20,40.0,0.62,65.79,18.8,-4.55,3.35,6.14,False,True,2.074,Extended,,✨✨ Golden Cross + Above MAs (bad for sell),,backfill,
2025-03-31 15:00,3157.2,20.38,24.93,4.55,10.0,40,0,55,40.0,1.081,55.62,15.42,-4.55,4.66,9.39,False,True,2.414,Extended,,✨✨ Golden Cross + Above MAs (bad for sell),,backfill,
2025-04-01 16:00,3148.5,36.7,41.25,27.47,10.0,85,0,85,40.0,1.942,39.83,13.72,-4.55,4.03,9.43,False,True,2.213,Extended,,✨✨ Golden Cross + Above MAs (bad for sell),,backfill,
2025-04-02 18:00,3171.7,20.15,24.69,18.14,10.0,40,0,40,40.0,0.818,57.88,21.58,-4.55,4.97,9.4,False,True,2.313,Extended,,✨✨ Golden Cross + Above MAs (bad for sell),,backfill,
2025-04-03 19:00,3134.3,34.3,38.85,49.96,23.11,65,35,10,50.0,0.506,44.43,33.55,-4.55,2.2,7.52,False,True,1.866,Normal,,✨ Golden Cross (bad for sell),,backfill,
2025-04-06 20:00,2994.5,64.32,68.86,86.96,21.22,100,70,85,50.0,1.7,21.55,34.61,-4.55,-3.77,2.21,False,True,0.496,Normal,,✨ Golden Cross (bad for sell),,backfill,
2025-04-07 21:00,3013.9,44.67,49.22,57.15,23.15,85,70,10,50.0,0.318,35.42,43.34,-4.55,-4.54,3.46,False,True,0.646,Normal,,✨ Golden Cross (bad for sell),,backfill,
2025-04-08 22:00,3016.5,43.74,48.28,60.6,24.11,65,70,20,50.0,0.725,40.79,22.7,-4.55,-4.19,3.41,False,True,0.642,Normal,,✨ Golden Cross (bad for sell),,backfill,
2025-04-09 23:00,3141.4,29.94,34.48,29.68,22.22,50,0,55,50.0,1.129,70.09,36.71,-4.55,-0.96,8.34,False,True,1.865,Normal,,✨✨ Golden Cross + Above MAs (bad for sell),,backfill,
2025-04-11 00:00,3226.8,22.76,27.3,14.2,24.61,65,0,10,50.0,0.461,89.37,25.08,-4.55,2.95,10.61,False,True,2.643,Extreme Extended,,✨✨ Golden Cross + Above MAs (bad for sell),,backfill,
2025-04-14 01:00,3249.9,24.95,29.49,20.62,26.33,40,0,40,50.0,0.91,51.23,25.73,-4.55,8.53,10.36,False,True,2.705,Extreme Extended,,✨✨ Golden Cross + Above MAs (bad for sell),,backfill,
2025-04-15 02:00,3241.1,32.78,37.33,43.98,10.0,50,0,70,50.0,1.343,72.88,16.03,-4.55,7.54,7.83,False,True,2.48,Extended,,✨✨ Golden Cross + Above MAs (bad for sell),,backfill,
2025-04-16 03:00,3316.7,22.0,26.54,4.57,29.67,65,0,10,50.0,0.592,97.03,13.28,-4.55,9.95,10.44,False,True,3.001,Extreme Extended,,✨✨ Golden Cross + Above MAs (bad for sell),,backfill,
2025-04-17 04:00,3337.6,32.99,37.54,23.71,26.53,65,0,70,40.0,1.209,46.51,18.45,-4.55,6.25,10.07,False,True,2.883,Extreme Extended,,✨✨ Golden Cross + Above MAs (bad for sell),,backfill,
2025-04-21 05:00,3406.7,30.19,34.73,9.32,29.07,65,0,55,50.0,1.137,86.27,22.71,-4.55,5.58,11.81,False,True,3.17,Extreme Extended,,✨✨ Golden Cross + Above MAs (bad for sell),,backfill,
2025-04-22 06:00,3463.7,24.2,28.74,16.55,25.91,40,0,40,50.0,0.937,59.3,24.48,-4.55,6.58,13.6,False,True,3.212,Extreme Extended,,✨✨ Golden Cross + Above MAs (bad for sell),,backfill,
2025-04-23 07:00,3335.3,46.18,50.72,34.62,24.7,85,35,85,40.0,1.678,38.24,42.52,-4.55,2.91,10.77,False,True,2.086,Extended,,✨ Golden Cross (bad for sell),,backfill,
2025-04-24 08:00,3347.3,32.16,36.7,31.92,23.3,20,35,70,40.0,1.258,62.35,29.75,-4.55,0.92,10.96,False,True,2.052,Extended,,✨ Golden Cross (bad for sell),,backfill,
2025-04-25 09:00,3290.7,55.77,60.32,62.97,23.94,100,35,100,40.0,2.056,23.89,27.63,-4.55,-1.41,8.73,False,True,1.566,Normal,,✨ Golden Cross (bad for sell),,backfill,
2025-04-28 10:00,3339.6,32.82,37.36,43.63,25.55,40,35,40,40.0,0.968,55.16,29.95,-4.55,-1.97,10.53,False,True,1.805,Normal,,✨ Golden Cross (bad for sell),,backfill,
2025-04-29 11:00,3323.4,35.91,40.45,72.73,10.0,65,35,20,40.0,0.797,40.08,14.62,-4.55,-4.05,8.37,False,True,1.612,Normal,,✨ Golden Cross (bad for sell),,backfill,
2025-04-30 12:00,3321.3,34.12,38.67,67.61,29.39,40,35,20,40.0,0.799,52.61,21.74,-4.55,-0.42,6.73,False,True,1.526,Normal,,✨ Golden Cross (bad for sell),,backfill,
2025-05-01 13:00,3221.9,54.58,59.12,94.76,29.98,65,70,55,40.0,1.03,42.44,23.2,-4.55,-3.75,2.05,False,True,0.862,Normal,,✨ Golden Cross (bad for sell),,backfill,
2025-05-02 14:00,3234.2,60.14,64.68,83.09,10.0,85,70,100,40.0,2.115,36.95,22.88,-4.55,-1.72,2.72,False,True,0.897,Normal,,✨ Golden Cross (bad for sell),,backfill,
2025-05-05 15:00,3337.6,27.81,32.36,59.15,10.0,65,0,20,40.0,0.719,88.42,19.75,-4.55,-0.06,5.23,False,True,1.487,Normal,,✨✨ Golden Cross + Above MAs (bad for sell),,backfill,
2025-05-06 16:00,3441.8,24.46,29.0,39.01,10.0,65,0,20,40.0,0.614,88.98,27.69,-4.55,3.56,9.81,False,True,2.031,Extended,,✨✨ Golden Cross + Above MAs (bad for sell),,backfill,
2025-05-07 18:00,3376.8,40.19,44.73,48.4,10.0,85,0,85,40.0,1.807,39.02,32.98,-4.55,1.67,12.77,False,True,1.555,Normal,,✨✨ Golden Cross + Above MAs (bad for sell),,backfill,
2025-05-08 19:00,3321.0,42.06,46.61,54.64,10.0,85,35,55,40.0,1.158,39.42,31.74,-4.55,3.08,10.19,False,True,1.166,Normal,,✨ Golden Cross (bad for sell),,backfill,
2025-05-11 20:00,3283.3,59.62,64.17,70.0,10.0,85,70,100,50.0,2.414,33.21,34.26,-4.55,1.52,8.84,False,True,0.898,Normal,,✨ Golden Cross (bad for sell),,backfill,
2025-05-12 21:00,3229.5,55.95,60.49,92.95,10.0,40,70,100,50.0,3.105,59.57,32.47,-4.55,-3.24,2.8,False,True,0.551,Normal,,✨ Golden Cross (bad for sell),,backfill,
2025-05-13 22:00,3236.8,59.0,59.0,89.01,10.0,85,100,20,50.0,0.692,39.98,17.17,0.0,-5.96,0.31,True,False,0.562,Normal,,None,,backfill,
2025-05-14 22:00,3156.9,84.84,84.84,97.56,51.45,85,100,100,75.0,2.992,32.83,24.61,0.0,-6.51,-2.86,True,False,0.044,Normal,,None,,backfill,
2025-05-15 23:00,3215.5,58.62,58.62,70.95,45.77,20,100,40,75.0,0.849,60.1,25.85,0.0,-3.18,-0.79,True,False,0.376,Normal,,None,,backfill,
2025-05-19 00:00,3218.4,61.47,61.47,73.18,45.62,20,100,55,75.0,1.143,61.78,33.38,0.0,-1.98,-2.96,True,False,0.366,Normal,,None,,backfill,
2025-05-20 01:00,3216.1,77.03,77.03,77.37,54.81,85,100,70,75.0,1.254,31.34,15.13,0.0,-0.41,-3.64,True,False,0.319,Normal,,None,,backfill,
2025-05-21 02:00,3321.9,47.83,47.83,56.7,50.27,50,30,10,90.0,0.364,73.4,19.04,0.0,2.63,-2.49,True,False,0.995,Normal,,None,,backfill,
2025-05-22 03:00,3328.3,46.42,46.42,57.26,61.23,20,30,20,90.0,0.762,66.11,14.39,0.0,5.43,-3.91,True,False,1.006,Normal,,None,,backfill,
2025-05-23 04:00,3326.2,49.49,49.49,40.77,61.19,50,30,40,75.0,0.965,72.7,22.56,0.0,3.44,-0.27,True,False,0.967,Normal,,None,,backfill,
2025-05-26 05:00,3328.3,43.4,47.95,44.82,62.87,100,0,20,60.0,0.764,18.25,19.09,-4.55,3.41,-0.57,False,True,0.947,Normal,,✨✨ Golden Cross + Above MAs (bad for sell),,backfill,
2025-05-27 08:00,3292.1,52.4,56.95,46.7,10.0,100,35,100,50.0,2.213,16.63,13.41,-4.55,2.36,0.04,False,True,0.643,Normal,,✨ Golden Cross (bad for sell),,backfill,
2025-05-28 09:00,3303.9,53.49,58.03,50.81,67.39,65,35,55,75.0,1.049,46.59,12.44,-4.55,-0.54,-1.07,False,True,0.701,Normal,,✨ Golden Cross (bad for sell),,backfill,
2025-05-29 10:00,3334.7,20.74,25.29,31.72,10.0,65,0,10,35.0,0.553,83.27,28.58,-4.55,0.19,0.34,False,True,0.918,Normal,,✨✨ Golden Cross + Above MAs (bad for sell),,backfill,
2025-05-30 11:00,3312.6,58.05,62.59,47.95,62.61,85,35,85,60.0,1.954,37.57,18.33,-4.55,-0.41,-0.26,False,True,0.707,Normal,,✨ Golden Cross (bad for sell),,backfill,
2025-06-02 12:00,3396.9,18.1,22.64,15.86,10.0,65,0,10,35.0,0.317,89.06,17.85,-4.55,2.06,5.43,False,True,1.36,Normal,,✨✨ Golden Cross + Above MAs (bad for sell),,backfill,
2025-06-03 13:00,3377.6,35.92,40.46,27.77,10.0,85,0,85,35.0,1.696,39.47,11.49,-4.55,2.6,4.43,False,True,1.153,Normal,,✨✨ Golden Cross + Above MAs (bad for sell),,backfill,
2025-06-04 14:00,3400.7,13.35,17.9,32.38,10.0,20,0,10,35.0,0.408,61.75,20.17,-4.55,2.93,1.89,False,True,1.306,Normal,,✨✨ Golden Cross + Above MAs (bad for sell),,backfill,
2025-06-05 15:00,3380.5,47.33,51.88,54.68,61.57,65,0,70,60.0,1.4,46.79,17.5,-4.55,1.37,-1.78,False,True,1.096,Normal,,✨✨ Golden Cross + Above MAs (bad for sell),,backfill,
2025-06-06 16:00,3331.0,66.66,71.21,67.52,64.74,100,35,100,60.0,2.68,19.11,13.94,-4.55,0.56,-1.36,False,True,0.63,Normal,,✨ Golden Cross (bad for sell),,backfill,
2025-06-09 18:00,3344.1,39.68,44.23,50.37,10.0,65,35,70,35.0,1.226,48.88,13.33,-4.55,-1.55,0.7,False,True,0.72,Normal,,✨ Golden Cross (bad for sell),,backfill,
2025-06-10 19:00,3348.5,40.24,44.79,38.71,10.0,65,35,85,35.0,1.502,48.84,14.27,-4.55,-0.86,1.99,False,True,0.734,Normal,,✨ Golden Cross (bad for sell),,backfill,
2025-06-11 20:00,3386.4,11.94,16.49,23.94,10.0,20,0,10,35.0,0.494,67.75,16.18,-4.55,-0.42,4.86,False,True,1.074,Normal,,✨✨ Golden Cross + Above MAs (bad for sell),,backfill,
2025-06-12 21:00,3449.0,24.93,29.48,11.88,10.0,50,0,70,35.0,1.442,77.21,21.5,-4.55,2.03,6.56,False,True,1.648,Normal,,✨✨ Golden Cross + Above MAs (bad for sell),,backfill,
2025-06-15 22:00,3458.0,16.33,20.87,20.23,10.0,20,0,40,35.0,0.816,60.31,17.9,-4.55,3.81,9.54,False,True,1.662,Normal,,✨✨ Golden Cross + Above MAs (bad for sell),,backfill,
2025-06-16 23:00,3405.4,39.8,44.35,51.08,10.0,85,0,85,35.0,1.588,35.33,17.73,-4.55,1.83,5.91,False,True,1.093,Normal,,✨✨ Golden Cross + Above MAs (bad for sell),,backfill,
2025-06-18 00:00,3413.7,19.65,24.19,35.16,10.0,40,0,20,40.0,0.778,53.13,14.37,-4.55,1.95,6.07,False,True,1.137,Normal,,✨✨ Golden Cross + Above MAs (bad for sell),,backfill,
2025-06-19 01:00,3381.7,48.52,53.06,63.38,10.0,85,35,85,40.0,1.987,30.58,11.55,-4.55,-0.14,5.15,False,True,0.788,Normal,,✨ Golden Cross (bad for sell),,backfill,
2025-06-20 04:00,3367.3,50.02,54.57,72.41,10.0,85,35,85,40.0,1.555,32.18,11.37,-4.55,-2.37,1.37,False,True,0.619,Normal,,✨ Golden Cross (bad for sell),,backfill,
2025-06-23 05:00,3382.1,30.37,34.92,54.5,10.0,65,35,10,35.0,0.447,49.84,16.43,-4.55,-2.19,1.62,False,True,0.801,Normal,,✨ Golden Cross (bad for sell),,backfill,
2025-06-24 06:00,3339.5,51.26,55.81,79.84,10.0,100,70,40,35.0,0.955,24.36,21.3,-4.55,-1.94,0.4,False,True,0.195,Normal,,✨ Golden Cross (bad for sell),,backfill,
2025-06-25 07:00,3336.7,47.59,52.13,77.79,10.0,65,70,55,35.0,1.188,47.58,11.03,-4.55,-2.26,0.25,False,True,0.115,Normal,,✨ Golden Cross (bad for sell),,backfill,
2025-06-26 08:00,3338.3,54.02,54.02,74.15,10.0,65,100,40,35.0,0.934,44.43,13.15,0.0,-1.28,1.4,True,False,0.109,Normal,,None,,backfill,
2025-06-27 09:00,3286.3,80.9,80.9,92.51,47.9,100,100,85,60.0,1.819,20.95,13.51,0.0,-2.41,-0.53,True,False,-0.733,Normal,,None,,backfill,
2025-06-30 10:00,3299.4,67.23,67.23,80.0,58.38,50,100,55,60.0,1.181,70.6,10.9,0.0,-2.45,-1.06,True,False,-0.542,Normal,,None,,backfill,
2025-07-01 11:00,3352.1,39.56,39.56,57.36,10.0,50,65,20,35.0,0.62,71.09,10.35,0.0,0.38,1.19,True,False,0.297,Normal,,None,,backfill,
2025-07-02 12:00,3359.5,55.33,55.33,67.7,64.29,20,65,55,60.0,1.033,61.12,10.03,0.0,0.68,-1.1,True,False,0.419,Normal,,None,,backfill,
2025-07-04 09:00,3343.8,74.69,74.69,71.26,66.87,85,65,100,60.0,2.257,37.9,13.38,0.0,0.16,-1.0,True,False,0.208,Normal,,None,,backfill,
2025-07-07 14:00,3344.1,60.94,60.94,57.02,63.61,50,65,70,60.0,1.325,70.75,12.32,0.0,1.76,-1.66,True,False,0.232,Normal,,None,,backfill,
2025-07-08 15:00,3312.7,82.35,82.35,74.13,59.95,100,100,100,60.0,3.659,26.57,13.3,0.0,0.4,-2.01,True,False,-0.296,Normal,,None,,backfill,
2025-07-09 16:00,3322.5,61.74,61.74,56.03,64.43,20,100,70,60.0,1.228,64.89,14.08,0.0,-0.88,-0.26,True,False,-0.123,Normal,,None,,backfill,
2025-07-10 18:00,3333.4,58.59,58.59,50.69,65.86,40,65,70,60.0,1.288,53.65,10.29,0.0,-0.78,-0.32,True,False,0.051,Normal,,None,,backfill,
2025-07-14 01:00,3370.6,29.62,29.62,32.71,10.0,50,30,20,35.0,0.735,74.27,11.94,0.0,0.8,0.66,True,False,0.666,Normal,,None,,backfill,
2025-07-15 02:00,3367.0,52.11,52.11,42.47,60.18,20,30,85,75.0,1.777,67.83,13.65,0.0,0.68,-0.57,True,False,0.588,Normal,,None,,backfill,
2025-07-16 03:00,3344.6,60.12,60.12,54.37,61.33,20,65,85,75.0,1.887,60.63,12.38,0.0,0.96,-3.03,True,False,0.186,Normal,,None,,backfill,
2025-07-17 04:00,3334.0,63.53,68.08,70.17,53.3,100,70,40,75.0,0.829,19.65,11.61,-4.55,0.35,-3.59,False,True,-0.028,Normal,,✨ Golden Cross (bad for sell),,backfill,
2025-07-18 05:00,3358.0,28.32,32.86,38.66,58.52,20,0,20,60.0,0.655,65.57,12.25,-4.55,0.74,-1.39,False,True,0.376,Normal,,✨✨ Golden Cross + Above MAs (bad for sell),,backfill,
2025-07-21 06:00,3373.1,32.84,37.38,42.8,61.49,50,0,10,60.0,0.502,77.84,7.31,-4.55,0.07,-1.19,False,True,0.654,Normal,,✨✨ Golden Cross + Above MAs (bad for sell),,backfill,
2025-07-22 07:00,3401.1,21.94,26.49,18.94,10.0,85,0,10,35.0,0.441,38.67,11.47,-4.55,1.01,0.57,False,True,1.14,Normal,,✨✨ Golden Cross + Above MAs (bad for sell),,backfill,
2025-07-23 08:00,3429.9,19.53,24.08,14.45,10.0,65,0,20,35.0,0.604,40.2,14.95,-4.55,2.55,1.86,False,True,1.574,Normal,,✨✨ Golden Cross + Above MAs (bad for sell),,backfill,
2025-07-24 09:00,3370.6,48.44,52.98,42.34,40.56,100,35,40,60.0,0.932,28.24,13.22,-4.55,1.1,-0.34,False,True,0.532,Normal,,✨ Golden Cross (bad for sell),,backfill,
2025-07-25 10:00,3333.1,64.64,69.18,59.7,40.4,100,70,85,60.0,1.723,11.38,9.84,-4.55,-0.74,-0.19,False,True,-0.151,Normal,,✨ Golden Cross (bad for sell),,backfill,
2025-07-28 13:00,3309.7,78.11,82.65,69.38,81.55,100,70,100,75.0,3.062,27.67,16.05,-4.55,-1.88,-0.81,False,True,-0.603,Normal,,✨ Golden Cross (bad for sell),,backfill,
2025-07-29 14:00,3323.8,47.22,51.77,59.54,46.05,40,70,20,75.0,0.742,56.83,11.62,-4.55,-2.27,-0.43,False,True,-0.419,Normal,,✨ Golden Cross (bad for sell),,backfill,
2025-07-30 15:00,3322.1,44.12,44.12,54.72,10.0,40,100,10,50.0,0.424,50.03,33.18,0.0,-3.14,1.09,True,False,-0.556,Normal,,None,,backfill,
2025-07-31 16:00,3342.3,47.71,47.71,41.27,10.0,65,65,55,50.0,1.027,43.18,10.88,0.0,-0.84,1.3,True,False,-0.21,Normal,,None,,backfill,
2025-08-03 18:00,3412.2,28.83,28.83,7.97,10.0,65,30,10,50.0,0.24,93.67,21.57,0.0,2.37,1.79,True,False,1.472,Normal,,None,,backfill,
2025-08-04 19:00,3431.5,14.61,19.15,14.91,10.0,20,0,20,50.0,0.694,67.12,13.29,-4.55,3.68,2.14,False,True,1.924,Normal,,✨✨ Golden Cross + Above MAs (bad for sell),,backfill,
2025-08-05 20:00,3438.3,15.29,19.84,19.03,10.0,20,0,20,50.0,0.639,69.46,13.39,-4.55,3.44,2.83,False,True,1.997,Normal,,✨✨ Golden Cross + Above MAs (bad for sell),,backfill,
2025-08-06 21:00,3445.4,31.41,35.96,20.73,10.0,65,0,70,50.0,1.294,86.06,8.99,-4.55,3.71,3.03,False,True,2.091,Extended,,✨✨ Golden Cross + Above MAs (bad for sell),,backfill,
2025-08-07 22:00,3488.9,21.73,26.28,7.68,10.0,20,0,70,50.0,1.354,69.37,19.83,-4.55,4.39,5.32,False,True,2.942,Extreme Extended,,✨✨ Golden Cross + Above MAs (bad for sell),,backfill,
2025-08-10 23:00,3440.6,41.02,45.57,36.84,26.58,85,35,40,50.0,0.933,35.9,29.33,-4.55,0.83,3.55,False,True,1.645,Normal,,✨ Golden Cross (bad for sell),,backfill,
2025-08-12 00:00,3404.6,49.49,54.03,45.02,29.18,65,35,100,50.0,2.255,42.8,13.81,-4.55,-0.78,2.14,False,True,0.804,Normal,,✨ Golden Cross (bad for sell),,backfill,
2025-08-13 01:00,3398.8,27.32,31.86,52.81,28.37,20,35,20,35.0,0.788,64.03,11.93,-4.55,-1.15,0.84,False,True,0.644,Normal,,✨ Golden Cross (bad for sell),,backfill,
2025-08-14 02:00,3410.7,26.54,31.08,46.49,10.0,40,35,20,35.0,0.696,52.8,9.46,-4.55,-1.01,1.3,False,True,0.886,Normal,,✨ Golden Cross (bad for sell),,backfill,
2025-08-15 03:00,3392.5,33.4,37.94,57.66,10.0,20,35,70,35.0,1.485,68.05,12.03,-4.55,-2.76,1.43,False,True,0.447,Normal,,✨ Golden Cross (bad for sell),,backfill,
2025-08-18 04:00,3393.7,29.46,34.0,64.03,10.0,40,35,20,35.0,0.652,58.98,12.25,-4.55,-1.36,1.79,False,True,0.476,Normal,,✨ Golden Cross (bad for sell),,backfill,
2025-08-19 04:00,3382.4,54.23,54.23,70.39,10.0,40,100,55,50.0,1.075,59.53,5.85,0.0,-0.65,0.73,True,False,0.213,Normal,,None,,backfill,
2025-08-20 05:00,3368.6,66.7,66.7,76.54,58.65,20,100,70,75.0,1.437,65.07,7.05,0.0,-0.89,-0.13,True,False,-0.098,Normal,,None,,backfill,
2025-08-21 06:00,3371.0,82.11,82.11,83.68,63.99,100,100,70,75.0,1.239,21.76,10.16,0.0,-1.16,-0.89,True,False,-0.048,Normal,,None,,backfill,
2025-08-22 07:00,3370.8,71.35,71.35,74.95,68.14,100,100,10,75.0,0.571,22.75,7.01,0.0,-0.64,-1.72,True,False,-0.071,Normal,,None,,backfill,
2025-08-25 08:00,3409.0,35.33,35.33,46.98,10.0,65,30,10,50.0,0.188,45.06,22.18,0.0,0.45,1.14,True,False,0.802,Normal,,None,,backfill,
2025-08-26 09:00,3422.2,22.33,22.33,28.98,10.0,20,30,10,35.0,0.277,66.42,16.87,0.0,1.18,2.67,True,False,1.078,Normal,,None,,backfill,
2025-08-27 10:00,3435.7,19.13,23.68,22.07,10.0,65,0,10,35.0,0.485,46.77,9.08,-4.55,1.99,3.81,False,True,1.365,Normal,,✨✨ Golden Cross + Above MAs (bad for sell),,backfill,
2025-08-28 11:00,3465.8,15.82,20.37,17.22,10.0,50,0,10,35.0,0.531,71.35,9.52,-4.55,2.81,4.27,False,True,2.061,Extended,,✨✨ Golden Cross + Above MAs (bad for sell),,backfill,
2025-08-29 12:00,3517.5,15.8,20.35,2.07,10.0,65,0,10,35.0,0.202,84.66,10.81,-4.55,4.35,5.88,False,True,3.102,Extreme Extended,,✨✨ Golden Cross + Above MAs (bad for sell),,backfill,
2025-09-02 20:00,3603.1,15.98,20.52,3.14,10.0,65,0,10,35.0,0.33,82.11,26.68,-4.55,5.69,7.8,False,True,4.27,Extreme Extended,,✨✨ Golden Cross + Above MAs (bad for sell),,backfill,
2025-09-03 21:00,3605.0,29.38,33.92,23.53,10.0,65,0,70,35.0,1.317,47.46,13.42,-4.55,5.34,5.65,False,True,3.583,Extreme Extended,,✨✨ Golden Cross + Above MAs (bad for sell),,backfill,
2025-09-04 22:00,3610.3,21.55,26.1,16.58,10.0,40,0,55,35.0,1.121,56.27,13.29,-4.55,5.08,5.21,False,True,3.226,Extreme Extended,,✨✨ Golden Cross + Above MAs (bad for sell),,backfill,
2025-09-07 23:00,3626.8,25.15,29.69,20.99,27.16,85,0,10,35.0,0.241,39.13,16.57,-4.55,4.65,5.48,False,True,3.046,Extreme Extended,,✨✨ Golden Cross + Above MAs (bad for sell),,backfill,
2025-09-09 00:00,3693.4,13.48,18.03,6.87,26.29,20,0,20,35.0,0.768,68.24,10.26,-4.55,5.0,7.2,False,True,3.439,Extreme Extended,,✨✨ Golden Cross + Above MAs (bad for sell),,backfill,
2025-09-10 01:00,3680.6,30.86,35.41,29.61,27.84,65,0,55,35.0,1.096,46.83,16.02,-4.55,2.15,5.49,False,True,2.929,Extreme Extended,,✨✨ Golden Cross + Above MAs (bad for sell),,backfill,
2025-09-11 02:00,3670.7,24.62,29.17,35.02,10.0,85,0,10,35.0,0.542,36.23,9.03,-4.55,1.82,6.69,False,True,2.555,Extreme Extended,,✨✨ Golden Cross + Above MAs (bad for sell),,backfill,
2025-09-12 03:00,3686.3,12.49,17.03,27.19,10.0,20,0,10,35.0,0.375,63.6,9.15,-4.55,2.11,8.27,False,True,2.504,Extreme Extended,,✨✨ Golden Cross + Above MAs (bad for sell),,backfill,
2025-09-15 04:00,3682.4,31.45,36.0,35.98,10.0,65,0,70,35.0,1.302,44.71,9.0,-4.55,1.53,8.34,False,True,2.298,Extended,,✨✨ Golden Cross + Above MAs (bad for sell),,backfill,
2025-09-16 06:00,3731.0,12.91,17.46,29.73,10.0,20,0,10,35.0,0.475,61.76,12.67,-4.55,1.02,9.39,False,True,2.53,Extreme Extended,,✨✨ Golden Cross + Above MAs (bad for sell),,backfill,
2025-09-17 07:00,3701.2,44.89,49.43,51.61,10.0,100,0,100,35.0,2.395,25.24,10.04,-4.55,0.56,9.1,False,True,2.104,Extended,,✨✨ Golden Cross + Above MAs (bad for sell),,backfill,
2025-09-18 08:00,3696.9,40.49,45.04,49.62,25.59,40,35,85,35.0,1.636,50.56,22.14,-4.55,0.71,8.93,False,True,1.942,Normal,,✨ Golden Cross (bad for sell),,backfill,
2025-09-19 09:00,3696.1,36.86,41.4,46.37,27.05,20,35,85,35.0,1.545,66.76,14.27,-4.55,0.27,9.27,False,True,1.84,Normal,,✨ Golden Cross (bad for sell),,backfill,
2025-09-22 10:00,3760.2,22.13,26.67,28.87,26.16,50,0,20,35.0,0.616,75.87,13.66,-4.55,2.11,11.63,False,True,2.201,Extended,,✨✨ Golden Cross + Above MAs (bad for sell),,backfill,
2025-09-23 11:00,3811.5,17.28,21.82,32.96,22.98,20,0,20,35.0,0.761,63.65,14.28,-4.55,2.16,13.07,False,True,2.411,Extended,,✨✨ Golden Cross + Above MAs (bad for sell),,backfill,
2025-09-24 12:00,3768.3,42.77,47.31,56.15,22.74,85,0,85,35.0,1.568,37.21,14.14,-4.55,1.81,11.79,False,True,1.957,Normal,,✨✨ Golden Cross + Above MAs (bad for sell),,backfill,
2025-09-25 13:00,3772.9,35.39,39.93,42.99,21.61,40,0,85,50.0,1.604,54.63,12.78,-4.55,2.06,10.67,False,True,1.876,Normal,,✨✨ Golden Cross + Above MAs (bad for sell),,backfill,
2025-09-26 14:00,3808.6,17.6,22.14,33.85,24.01,20,0,20,35.0,0.729,69.96,13.78,-4.55,3.04,11.29,False,True,2.002,Extended,,✨✨ Golden Cross + Above MAs (bad for sell),,backfill,
2025-09-29 15:00,3857.1,26.22,30.77,31.99,22.61,40,0,40,50.0,0.917,57.67,19.25,-4.55,2.58,12.27,False,True,2.179,Extended,,✨✨ Golden Cross + Above MAs (bad for sell),,backfill,
2025-09-30 16:00,3887.6,29.27,33.81,35.96,21.91,40,0,70,35.0,1.242,51.21,23.91,-4.55,2.0,12.17,False,True,2.223,Extended,,✨✨ Golden Cross + Above MAs (bad for sell),,backfill,
2025-10-01 18:00,3887.5,28.25,32.79,43.0,23.75,85,0,10,35.0,0.581,35.75,13.62,-4.55,3.16,10.52,False,True,2.078,Extended,,✨✨ Golden Cross + Above MAs (bad for sell),,backfill,
2025-10-02 19:00,3886.8,41.32,45.87,50.19,25.03,65,0,100,35.0,2.791,44.12,19.08,-4.55,3.02,7.87,False,True,1.952,Normal,,✨✨ Golden Cross + Above MAs (bad for sell),,backfill,
2025-10-05 20:00,3926.1,23.91,28.46,36.21,24.54,50,0,10,50.0,0.597,71.01,14.21,-4.55,3.09,8.91,False,True,2.054,Extended,,✨✨ Golden Cross + Above MAs (bad for sell),,backfill,
2025-10-07 06:00,3983.1,29.02,33.56,33.35,23.01,40,0,55,50.0,1.052,59.98,13.51,-4.55,3.27,10.33,False,True,2.209,Extended,,✨✨ Golden Cross + Above MAs (bad for sell),,backfill,
2025-10-08 07:00,4060.0,35.46,40.0,18.17,21.84,65,0,85,50.0,1.858,82.52,14.33,-4.55,4.43,11.94,False,True,2.432,Extended,,✨✨ Golden Cross + Above MAs (bad for sell),,backfill,
2025-10-09 08:00,4072.9,29.01,33.56,23.98,22.38,20,0,85,50.0,1.559,68.54,15.66,-4.55,4.77,10.28,False,True,2.326,Extended,,✨✨ Golden Cross + Above MAs (bad for sell),,backfill,
2025-10-10 09:00,3996.1,45.82,50.36,61.26,20.92,65,0,100,55.0,2.2,44.54,29.81,-4.55,2.81,8.57,False,True,1.854,Normal,,✨✨ Golden Cross + Above MAs (bad for sell),,backfill,
2025-10-13 10:00,4117.6,22.33,26.87,5.49,20.76,65,0,20,50.0,0.697,84.76,28.19,-4.55,4.88,12.17,False,True,2.298,Extended,,✨✨ Golden Cross + Above MAs (bad for sell),,backfill,
2025-10-14 11:00,4154.3,34.06,38.61,16.19,20.47,40,0,100,55.0,3.013,50.05,25.79,-4.55,4.3,12.7,False,True,2.304,Extended,,✨✨ Golden Cross + Above MAs (bad for sell),,backfill,
2025-10-15 12:00,4215.5,20.44,24.99,13.19,21.72,40,0,20,55.0,0.761,59.12,15.93,-4.55,3.83,14.48,False,True,2.399,Extended,,✨✨ Golden Cross + Above MAs (bad for sell),,backfill,
2025-10-16 13:00,4309.5,30.74,35.29,0.84,20.9,50,0,85,55.0,1.57,71.68,17.78,-4.55,5.81,15.51,False,True,2.605,Extreme Extended,,✨✨ Golden Cross + Above MAs (bad for sell),,backfill,
2025-10-17 14:00,4249.6,45.8,50.35,26.85,20.24,100,0,100,55.0,2.136,24.52,40.08,-4.55,6.34,14.82,False,True,2.164,Extended,,✨✨ Golden Cross + Above MAs (bad for sell),,backfill,
2025-10-20 15:00,4394.3,22.16,26.7,2.51,22.7,65,0,20,50.0,0.643,84.23,37.71,-4.55,6.72,18.86,False,True,2.547,Extreme Extended,,✨✨ Golden Cross + Above MAs (bad for sell),,backfill,
2025-10-21 16:00,4138.5,58.02,62.57,69.3,21.1,100,35,100,50.0,2.971,7.13,32.14,-4.55,-0.38,11.97,False,True,1.492,Normal,,✨ Golden Cross (bad for sell),,backfill,
2025-10-22 18:00,4119.2,52.13,56.67,81.99,23.05,65,35,85,50.0,1.911,45.6,48.57,-4.55,-2.28,9.55,False,True,1.366,Normal,,✨ Golden Cross (bad for sell),,backfill,
2025-10-23 19:00,4136.8,38.93,43.47,87.43,28.39,40,35,20,50.0,0.798,52.05,22.6,-4.55,-4.01,8.53,False,True,1.368,Normal,,✨ Golden Cross (bad for sell),,backfill,
2025-10-26 20:00,4095.2,49.73,54.28,87.76,27.9,40,35,85,50.0,1.602,54.61,29.69,-4.55,-3.63,8.67,False,True,1.171,Normal,,✨ Golden Cross (bad for sell),,backfill,
2025-10-27 21:00,4024.4,60.13,64.67,88.95,29.1,65,70,85,50.0,1.828,41.97,24.17,-4.55,-8.42,6.67,False,True,0.884,Normal,,✨ Golden Cross (bad for sell),,backfill,
2025-10-28 22:00,3975.0,53.37,53.37,85.25,10.0,20,100,55,50.0,1.042,61.88,31.65,0.0,-3.95,4.37,True,False,0.678,Normal,,None,,backfill,
2025-10-29 23:00,3947.3,70.23,70.23,91.36,10.0,100,100,70,50.0,1.393,22.19,26.4,0.0,-4.17,2.34,True,False,0.545,Normal,,None,,backfill,
2025-10-31 00:00,4018.4,48.45,48.45,80.7,10.0,40,100,10,50.0,0.437,55.45,28.57,0.0,-2.86,3.36,True,False,0.771,Normal,,None,,backfill,
2025-11-03 01:00,4028.4,58.21,58.21,74.24,10.0,65,65,85,50.0,1.514,48.56,23.76,0.0,-1.63,3.62,True,False,0.777,Normal,,None,,backfill,
2025-11-04 02:00,4004.0,56.84,56.84,81.06,10.0,65,65,70,50.0,1.438,40.96,15.9,0.0,-0.51,3.02,True,False,0.653,Normal,,None,,backfill,
2025-11-05 03:00,3990.0,53.54,53.54,71.27,10.0,20,100,70,50.0,1.402,63.71,17.42,0.0,0.38,1.63,True,False,0.57,Normal,,None,,backfill,
2025-11-06 04:00,4020.3,43.01,43.01,63.07,10.0,50,65,20,50.0,0.793,70.8,11.36,0.0,1.85,0.93,True,False,0.665,Normal,,None,,backfill,
2025-11-07 05:00,4015.7,58.07,58.07,69.78,63.66,20,65,55,75.0,1.176,64.9,15.52,0.0,-0.07,-1.09,True,False,0.617,Normal,,None,,backfill,
2025-11-10 06:00,4093.8,42.41,42.41,54.44,10.0,65,65,10,50.0,0.298,90.89,14.82,0.0,1.62,0.51,True,False,0.93,Normal,,None,,backfill,
2025-11-11 07:00,4140.7,32.79,32.79,46.75,10.0,20,30,40,50.0,0.976,62.66,12.06,0.0,3.41,3.62,True,False,1.11,Normal,,None,,backfill,
2025-11-12 08:00,4132.9,46.63,46.63,54.8,10.0,65,30,70,50.0,1.248,40.86,17.06,0.0,3.58,0.37,True,False,1.047,Normal,,None,,backfill,
2025-11-13 09:00,4199.9,31.58,36.13,46.78,10.0,65,0,40,55.0,0.866,46.63,27.41,-4.55,4.47,1.1,False,True,1.328,Normal,,✨✨ Golden Cross + Above MAs (bad for sell),,backfill,
2025-11-14 10:00,4095.5,73.5,78.04,70.91,52.35,100,70,100,75.0,2.557,28.17,36.38,-4.55,1.99,-2.85,False,True,0.777,Normal,,✨ Golden Cross (bad for sell),,backfill,
2025-11-17 11:00,4071.1,60.97,65.52,68.93,59.18,65,70,40,90.0,0.9,45.52,18.52,-4.55,-0.55,-5.53,False,True,0.624,Normal,,✨ Golden Cross (bad for sell),,backfill,
2025-11-18 12:00,4072.1,55.73,60.27,61.06,55.57,50,35,70,90.0,1.202,72.79,31.73,-4.55,-1.66,-4.18,False,True,0.602,Normal,,✨ Golden Cross (bad for sell),,backfill,
2025-11-19 13:00,4087.9,49.4,53.94,62.42,56.23,40,35,40,90.0,0.967,53.88,25.35,-4.55,-1.09,-6.97,False,True,0.654,Normal,,✨ Golden Cross (bad for sell),,backfill,
2025-11-20 14:00,4084.4,48.21,52.75,57.56,53.95,40,35,40,90.0,0.87,56.64,25.77,-4.55,-2.75,-1.31,False,True,0.606,Normal,,✨ Golden Cross (bad for sell),,backfill,
2025-11-21 15:00,4064.5,42.5,47.05,61.99,55.3,20,35,20,90.0,0.737,60.43,25.56,-4.55,-0.76,-1.33,False,True,0.467,Normal,,✨ Golden Cross (bad for sell),,backfill,
2025-11-24 16:00,4133.8,46.08,50.63,37.18,56.59,65,0,55,90.0,1.052,85.1,18.84,-4.55,1.54,-0.07,False,True,0.834,Normal,,✨✨ Golden Cross + Above MAs (bad for sell),,backfill,
2025-11-25 18:00,4167.6,20.89,25.43,32.6,10.0,40,0,20,50.0,0.715,57.76,47.61,-4.55,2.35,1.77,False,True,1.001,Normal,,✨✨ Golden Cross + Above MAs (bad for sell),,backfill,
2025-11-26 19:00,4197.1,23.23,27.77,26.65,10.0,40,0,40,50.0,0.807,50.0,15.32,-4.55,2.67,4.29,False,True,1.142,Normal,,✨✨ Golden Cross + Above MAs (bad for sell),,backfill,
2025-12-01 09:00,4273.2,14.71,19.25,20.52,10.0,40,0,10,35.0,0.384,52.72,24.45,-4.55,4.62,7.5,False,True,1.557,Normal,,✨✨ Golden Cross + Above MAs (bad for sell),,backfill,
2025-12-02 10:00,4200.8,39.66,44.21,35.24,10.0,85,0,100,35.0,2.32,32.3,23.01,-4.55,3.35,6.42,False,True,1.064,Normal,,✨✨ Golden Cross + Above MAs (bad for sell),,backfill,
2025-12-03 11:00,4231.9,30.86,35.4,27.42,10.0,85,0,55,35.0,1.11,38.24,18.71,-4.55,2.37,5.31,False,True,1.226,Normal,,✨✨ Golden Cross + Above MAs (bad for sell),,backfill,
2025-12-04 12:00,4246.6,19.63,24.18,25.08,10.0,20,0,55,35.0,1.008,62.28,14.65,-4.55,1.9,5.42,False,True,1.305,Normal,,✨✨ Golden Cross + Above MAs (bad for sell),,backfill,
2025-12-05 13:00,4239.3,42.96,47.51,40.05,10.0,65,35,100,35.0,4.079,45.9,13.92,-4.55,1.01,5.88,False,True,1.226,Normal,,✨ Golden Cross (bad for sell),,backfill,
2025-12-08 14:00,4216.1,42.52,47.07,47.42,10.0,85,35,70,35.0,1.462,31.76,12.45,-4.55,-1.34,5.67,False,True,1.028,Normal,,✨ Golden Cross (bad for sell),,backfill,
2025-12-09 15:00,4240.8,23.6,28.14,33.85,10.0,50,0,40,35.0,0.996,75.58,10.28,-4.55,0.95,5.48,False,True,1.176,Normal,,✨✨ Golden Cross + Above MAs (bad for sell),,backfill,
2025-12-10 16:00,4258.3,13.8,18.35,35.09,10.0,20,0,10,35.0,0.426,65.21,13.57,-4.55,0.62,6.04,False,True,1.289,Normal,,✨✨ Golden Cross + Above MAs (bad for sell),,backfill,
2025-12-11 18:00,4305.9,21.32,25.86,40.17,10.0,50,0,20,35.0,0.662,79.62,16.2,-4.55,1.4,5.18,False,True,1.642,Normal,,✨✨ Golden Cross + Above MAs (bad for sell),,backfill,
2025-12-14 19:00,4339.5,36.95,41.5,38.98,10.0,65,0,100,35.0,3.401,46.47,27.08,-4.55,2.36,4.8,False,True,1.854,Normal,,✨✨ Golden Cross + Above MAs (bad for sell),,backfill,
2025-12-15 20:00,4336.3,37.43,41.97,51.84,10.0,100,0,55,35.0,1.131,28.21,15.12,-4.55,2.85,4.92,False,True,1.752,Normal,,✨✨ Golden Cross + Above MAs (bad for sell),,backfill,
2025-12-16 21:00,4343.3,22.46,27.01,42.03,10.0,20,0,55,35.0,1.055,64.4,17.19,-4.55,2.42,3.41,False,True,1.749,Normal,,✨✨ Golden Cross + Above MAs (bad for sell),,backfill,
2025-12-17 22:00,4363.4,13.25,17.79,31.77,10.0,20,0,10,35.0,0.45,60.67,12.89,-4.55,2.47,6.54,False,True,1.843,Normal,,✨✨ Golden Cross + Above MAs (bad for sell),,backfill,
2025-12-18 23:00,4350.8,28.02,32.57,45.4,10.0,65,0,40,35.0,0.983,42.76,17.36,-4.55,1.04,6.87,False,True,1.679,Normal,,✨✨ Golden Cross + Above MAs (bad for sell),,backfill,
2025-12-22 00:00,4433.5,17.71,22.26,13.55,10.0,65,0,10,35.0,0.355,83.22,12.12,-4.55,2.17,8.88,False,True,2.257,Extended,,✨✨ Golden Cross + Above MAs (bad for sell),,backfill,
2025-12-23 01:00,4513.9,14.96,19.51,12.05,10.0,50,0,10,35.0,0.423,75.13,12.63,-4.55,4.1,10.42,False,True,2.691,Extreme Extended,,✨✨ Golden Cross + Above MAs (bad for sell),,backfill,
2025-12-24 11:30,4502.8,30.77,35.31,26.88,10.0,40,0,100,35.0,2.598,50.39,26.44,-4.55,3.67,10.24,False,True,2.39,Extended,,✨✨ Golden Cross + Above MAs (bad for sell),,backfill,
2025-12-28 23:00,4538.6,22.74,27.28,13.69,10.0,65,0,40,35.0,0.868,43.89,23.63,-4.55,4.02,11.66,False,True,2.442,Extended,,✨✨ Golden Cross + Above MAs (bad for sell),,backfill,
2025-12-30 00:00,4392.0,42.77,47.31,63.87,10.0,40,35,100,35.0,2.544,54.86,35.03,-4.55,0.95,6.25,False,True,1.364,Normal,,✨ Golden Cross (bad for sell),,backfill,
2025-12-31 01:00,4339.0,45.38,49.92,94.54,10.0,85,35,40,35.0,0.959,39.56,30.87,-4.55,-2.13,4.11,False,True,0.961,Normal,,✨ Golden Cross (bad for sell),,backfill,
2026-01-02 08:00,4377.6,27.46,32.01,82.04,10.0,20,35,10,35.0,0.543,63.77,32.15,-4.55,-3.02,4.3,False,True,1.183,Normal,,✨ Golden Cross (bad for sell),,backfill,
2026-01-05 09:00,4447.8,24.34,28.88,68.29,10.0,50,0,10,35.0,0.345,70.1,26.08,-4.55,-1.22,4.09,False,True,1.6,Normal,,✨✨ Golden Cross + Above MAs (bad for sell),,backfill,
2026-01-06 10:00,4488.5,23.21,27.76,46.54,10.0,20,0,55,35.0,1.152,60.53,17.36,-4.55,-1.1,6.85,False,True,1.807,Normal,,✨✨ Golden Cross + Above MAs (bad for sell),,backfill,
2026-01-07 11:00,4474.2,31.64,36.19,52.12,10.0,65,0,55,35.0,1.12,45.0,18.15,-4.55,1.87,5.73,False,True,1.65,Normal,,✨✨ Golden Cross + Above MAs (bad for sell),,backfill,
2026-01-08 12:00,4472.8,18.89,23.43,55.59,10.0,20,0,20,35.0,0.727,64.27,13.59,-4.55,3.08,5.33,False,True,1.591,Normal,,✨✨ Golden Cross + Above MAs (bad for sell),,backfill,
2026-01-09 13:00,4505.9,20.96,25.51,48.05,10.0,20,0,40,35.0,0.886,63.26,18.05,-4.55,2.93,6.29,False,True,1.71,Normal,,✨✨ Golden Cross + Above MAs (bad for sell),,backfill,
2026-01-12 14:00,4620.6,15.14,19.68,28.11,10.0,20,0,10,50.0,0.343,62.47,28.96,-4.55,3.89,9.59,False,True,2.239,Extended,,✨✨ Golden Cross + Above MAs (bad for sell),,backfill,
2026-01-13 15:00,4594.1,31.89,36.43,58.74,29.85,40,0,40,50.0,0.957,51.48,17.92,-4.55,2.35,8.33,False,True,1.956,Normal,,✨✨ Golden Cross + Above MAs (bad for sell),,backfill,
2026-01-14 16:00,4633.9,26.11,30.66,23.89,25.04,65,0,20,50.0,0.792,46.58,14.75,-4.55,3.57,8.82,False,True,2.043,Extended,,✨✨ Golden Cross + Above MAs (bad for sell),,backfill,
2026-01-15 18:00,4614.6,31.17,35.71,39.55,29.73,40,0,55,50.0,1.054,52.5,18.1,-4.55,3.17,7.17,False,True,1.85,Normal,,✨✨ Golden Cross + Above MAs (bad for sell),,backfill,
2026-01-20 00:00,4720.6,20.66,25.21,9.73,26.5,50,0,10,55.0,0.492,73.49,34.4,-4.55,4.76,8.78,False,True,2.318,Extended,,✨✨ Golden Cross + Above MAs (bad for sell),,backfill,
2026-01-21 01:00,4850.2,22.69,27.24,6.05,22.36,65,0,20,50.0,0.609,83.48,20.08,-4.55,4.97,11.85,False,True,2.786,Extreme Extended,,✨✨ Golden Cross + Above MAs (bad for sell),,backfill,
2026-01-22 02:00,4833.5,33.12,37.67,18.14,22.86,65,0,85,35.0,1.973,49.47,38.03,-4.55,5.21,11.29,False,True,2.497,Extended,,✨✨ Golden Cross + Above MAs (bad for sell),,backfill,
2026-01-23 03:00,4915.3,17.73,22.27,15.55,23.09,40,0,20,35.0,0.767,52.7,21.92,-4.55,6.07,12.65,False,True,2.652,Extreme Extended,,✨✨ Golden Cross + Above MAs (bad for sell),,backfill,
2026-01-26 04:00,5082.2,18.22,22.77,5.06,21.55,65,0,10,35.0,0.335,87.43,20.82,-4.55,10.13,16.81,False,True,3.11,Extreme Extended,,✨✨ Golden Cross + Above MAs (bad for sell),,backfill,
2026-01-27 05:00,5082.5,23.38,27.93,20.55,22.02,20,0,70,35.0,1.364,62.89,31.27,-4.55,7.67,14.64,False,True,2.836,Extreme Extended,,✨✨ Golden Cross + Above MAs (bad for sell),,backfill,
2026-01-28 06:00,5294.2,15.83,20.38,6.45,20.81,50,0,10,35.0,0.321,78.82,32.99,-4.55,9.15,17.29,False,True,3.324,Extreme Extended,,✨✨ Golden Cross + Above MAs (bad for sell),,backfill,
2026-01-29 07:00,5564.5,10.53,15.07,3.92,21.5,20,0,10,35.0,0.49,69.75,39.21,-4.55,15.12,23.58,False,True,3.731,Extreme Extended,,✨✨ Golden Cross + Above MAs (bad for sell),,backfill,
2026-01-30 08:00,5045.6,49.79,54.33,50.02,20.99,100,35,85,35.0,1.916,22.16,120.43,-4.55,2.65,11.17,False,True,1.844,Normal,,✨ Golden Cross (bad for sell),,backfill,
2026-02-03 11:00,4978.2,46.33,50.88,48.12,22.15,65,35,100,35.0,4.249,84.48,134.54,-4.55,-2.05,13.35,False,True,1.579,Normal,,✨ Golden Cross (bad for sell),,backfill,
2026-02-04 12:00,4921.3,47.78,52.33,65.3,23.68,100,35,55,35.0,1.129,13.89,43.15,-4.55,-3.17,13.42,False,True,1.326,Normal,,✨ Golden Cross (bad for sell),,backfill,
2026-02-05 13:00,4880.4,49.5,54.04,72.22,27.03,65,35,85,40.0,1.743,48.72,68.27,-4.55,-7.82,11.49,False,True,1.152,Normal,,✨ Golden Cross (bad for sell),,backfill,
2026-02-06 14:00,4980.7,31.54,36.08,56.5,10.0,20,35,55,40.0,1.054,66.73,52.07,-4.55,-10.49,11.98,False,True,1.4,Normal,,✨ Golden Cross (bad for sell),,backfill,
2026-02-09 15:00,5102.9,17.65,22.19,48.16,10.0,20,0,20,35.0,0.729,60.42,35.14,-4.55,1.14,13.69,False,True,1.692,Normal,,✨✨ Golden Cross + Above MAs (bad for sell),,backfill,
2026-02-10 16:00,5047.9,37.32,41.87,71.19,10.0,65,0,70,35.0,1.342,47.42,20.1,-4.55,1.4,12.82,False,True,1.465,Normal,,✨✨ Golden Cross + Above MAs (bad for sell),,backfill,
2026-02-11 18:00,5083.5,28.7,33.25,59.48,10.0,40,0,55,35.0,1.121,51.7,21.19,-4.55,3.3,13.65,False,True,1.502,Normal,,✨✨ Golden Cross + Above MAs (bad for sell),,backfill,
2026-02-12 19:00,4946.7,56.63,61.18,82.07,10.0,100,35,100,40.0,4.57,23.38,38.02,-4.55,1.36,9.78,False,True,1.054,Normal,,✨ Golden Cross (bad for sell),,backfill,
2026-02-15 20:00,5047.6,31.89,36.44,73.64,10.0,50,35,10,40.0,0.588,72.91,27.05,-4.55,1.34,9.24,False,True,1.302,Normal,,✨ Golden Cross (bad for sell),,backfill,
2026-02-17 21:00,4923.8,56.69,61.24,82.43,10.0,65,70,100,40.0,2.748,44.43,40.85,-4.55,-3.51,7.18,False,True,0.904,Normal,,✨ Golden Cross (bad for sell),,backfill,
2026-02-18 22:00,5000.4,25.48,30.03,70.18,10.0,20,35,10,35.0,0.429,63.32,19.44,-4.55,-0.94,7.91,False,True,1.089,Normal,,✨ Golden Cross (bad for sell),,backfill,
2026-02-19 23:00,5017.5,46.53,46.53,69.19,10.0,40,65,55,40.0,1.045,50.34,17.23,0.0,-1.3,8.73,True,False,1.096,Normal,,None,,backfill,
2026-02-23 00:00,5179.9,26.58,26.58,49.5,10.0,20,30,10,40.0,0.452,68.77,39.15,0.0,4.71,9.73,True,False,1.524,Normal,,None,,backfill,
2026-02-24 01:00,5193.6,43.59,43.59,66.56,10.0,65,30,40,50.0,0.989,43.4,26.13,0.0,2.89,7.08,True,False,1.495,Normal,,None,,backfill,
2026-02-25 02:00,5203.8,30.87,35.42,62.49,10.0,20,0,70,50.0,1.225,65.54,21.71,-4.55,5.69,7.66,False,True,1.466,Normal,,✨✨ Golden Cross + Above MAs (bad for sell),,backfill,
2026-02-26 03:00,5195.8,47.46,52.0,67.0,10.0,85,0,100,50.0,2.382,39.15,21.25,-4.55,3.91,5.71,False,True,1.384,Normal,,✨✨ Golden Cross + Above MAs (bad for sell),,backfill,
2026-02-27 04:00,5192.3,31.29,35.84,70.04,10.0,65,0,20,50.0,0.77,47.89,16.97,-4.55,3.48,2.17,False,True,1.321,Normal,,✨✨ Golden Cross + Above MAs (bad for sell),,backfill,
2026-03-02 05:00,5404.1,18.35,22.9,42.4,10.0,20,0,10,55.0,0.364,67.75,51.23,-4.55,4.33,6.33,False,True,1.872,Normal,,✨✨ Golden Cross + Above MAs (bad for sell),,backfill,
2026-03-03 06:00,5154.0,72.0,76.55,81.64,52.65,100,35,100,90.0,3.353,21.84,42.87,-4.55,-0.76,-2.65,False,True,1.073,Normal,,✨ Golden Cross (bad for sell),,backfill,
2026-03-04 07:00,5182.0,55.03,59.58,59.67,52.81,50,35,70,90.0,1.389,70.95,60.01,-4.55,-0.42,-6.87,False,True,1.118,Normal,,✨ Golden Cross (bad for sell),,backfill,
2026-03-05 08:00,5126.5,52.8,57.35,74.08,10.0,85,35,85,55.0,1.534,34.4,21.74,-4.55,-1.33,1.6,False,True,0.913,Normal,,✨ Golden Cross (bad for sell),,backfill,
2026-03-06 09:00,5139.3,27.05,31.59,59.55,10.0,20,35,10,55.0,0.465,62.3,26.14,-4.55,-1.02,3.24,False,True,0.918,Normal,,✨ Golden Cross (bad for sell),,backfill,
2026-03-09 10:00,5102.6,46.0,50.54,78.24,10.0,20,70,70,55.0,1.431,61.71,29.6,-4.55,-5.58,3.68,False,True,0.773,Normal,,✨ Golden Cross (bad for sell),,backfill,
2026-03-10 11:00,5238.0,18.35,22.9,42.38,10.0,20,0,10,55.0,0.406,68.48,22.68,-4.55,1.63,7.33,False,True,1.156,Normal,,✨✨ Golden Cross + Above MAs (bad for sell),,backfill,
2026-03-11 12:00,5183.1,48.69,53.23,69.38,10.0,100,0,85,55.0,1.809,28.31,16.61,-4.55,0.02,4.06,False,True,0.947,Normal,,✨✨ Golden Cross + Above MAs (bad for sell),,backfill,
2026-03-12 13:00,5112.4,60.02,64.56,82.37,10.0,85,70,85,55.0,1.831,35.05,21.36,-4.55,-0.28,0.19,False,True,0.686,Normal,,✨ Golden Cross (bad for sell),,backfill,
2026-03-13 14:00,5050.9,62.43,66.98,81.87,10.0,85,70,100,55.0,2.918,31.22,23.84,-4.55,-1.72,0.06,False,True,0.455,Normal,,✨ Golden Cross (bad for sell),,backfill,
2026-03-13 16:00,5023.1,77.78,82.32,88.29,45.65,100,70,100,90.0,3.08,29.02,25.01,-4.55,-2.45,-0.75,False,True,0.361,Normal,,✨ Golden Cross (bad for sell),,backfill,
