Date,Price,Buy_Score,Sell_Score,Net_Bias,Buy_Delta,Sell_Delta,Scenario_Num,Scenario_Signal,Scenario_Action,Scenario_Zone
2021-12-31,1827.5,76.68,11.26,65.42,0.0,0.0,2,Bullish but Cooling,HOLD,BULLISH
2022-01-03,1799.4,65.04,28.98,36.06,-11.64,17.72,5,Oversold Recovery,BUY,BULLISH
2022-01-04,1814.0,71.5,14.53,56.97,6.46,-14.45,3,Bullish Accumulation,BUY,BULLISH
2022-01-05,1824.6,70.52,16.68,53.84,-0.98,2.15,3,Bullish Accumulation,BUY,BULLISH
2022-01-06,1788.7,46.82,48.79,-1.97,-23.7,32.11,12,Dead Zone,HOLD,NEUTRAL
2022-01-07,1797.0,47.79,47.5,0.29,0.97,-1.29,12,Dead Zone,HOLD,NEUTRAL
2022-01-10,1798.4,58.25,36.95,21.3,10.46,-10.55,13,Cautious Bullish,HOLD,LEAN BULLISH
2022-01-11,1818.6,65.41,25.87,39.54,7.16,-11.08,3,Bullish Accumulation,BUY,BULLISH
2022-01-12,1827.2,66.15,26.09,40.06,0.74,0.22,3,Bullish Accumulation,BUY,BULLISH
2022-01-13,1821.2,68.6,23.56,45.04,2.45,-2.53,4,Support Bounce,BUY,BULLISH
2022-01-14,1816.5,62.68,29.82,32.86,-5.92,6.26,5,Oversold Recovery,BUY,BULLISH
2022-01-18,1812.3,63.4,29.25,34.15,0.72,-0.57,5,Oversold Recovery,BUY,BULLISH
2022-01-19,1843.1,66.97,24.73,42.24,3.57,-4.52,3,Bullish Accumulation,BUY,BULLISH
2022-01-20,1842.5,66.34,25.01,41.33,-0.63,0.28,3,Bullish Accumulation,BUY,BULLISH
2022-01-21,1831.8,69.03,23.01,46.02,2.69,-2.0,5,Oversold Recovery,BUY,BULLISH
2022-01-24,1841.7,69.0,19.11,49.89,-0.03,-3.9,3,Bullish Accumulation,BUY,BULLISH
2022-01-25,1852.7,67.52,24.76,42.76,-1.48,5.65,3,Bullish Accumulation,BUY,BULLISH
2022-01-26,1829.9,65.07,26.04,39.03,-2.45,1.28,5,Oversold Recovery,BUY,BULLISH
2022-01-27,1793.3,40.15,63.08,-22.93,-24.92,37.04,7,Bearish Continuation,SELL,BEARISH
2022-01-28,1784.9,39.45,64.99,-25.54,-0.7,1.91,7,Bearish Continuation,SELL,BEARISH
2022-01-31,1795.0,30.3,74.17,-43.87,-9.15,9.18,9,Resistance Rejection,SELL,BEARISH
2022-02-01,1800.3,30.53,73.84,-43.31,0.23,-0.33,9,Resistance Rejection,SELL,BEARISH
2022-02-02,1809.2,53.35,46.25,7.1,22.82,-27.59,12,Dead Zone,HOLD,NEUTRAL
2022-02-03,1803.0,42.74,63.18,-20.44,-10.61,16.93,8,Bearish Distribution,SELL,BEARISH
2022-02-04,1806.6,52.45,54.21,-1.76,9.71,-8.97,12,Dead Zone,HOLD,NEUTRAL
2022-02-07,1820.6,62.5,32.12,30.38,10.05,-22.09,3,Bullish Accumulation,BUY,BULLISH
2022-02-08,1826.6,59.11,36.31,22.8,-3.39,4.19,13,Cautious Bullish,HOLD,LEAN BULLISH
2022-02-09,1835.2,53.98,40.42,13.56,-5.13,4.11,12,Dead Zone,HOLD,NEUTRAL
2022-02-10,1836.2,62.19,36.63,25.56,8.21,-3.79,3,Bullish Accumulation,BUY,BULLISH
2022-02-11,1840.8,67.12,29.87,37.25,4.93,-6.76,3,Bullish Accumulation,BUY,BULLISH
2022-02-14,1868.0,74.64,21.66,52.98,7.52,-8.21,3,Bullish Accumulation,BUY,BULLISH
2022-02-15,1854.8,73.9,22.22,51.68,-0.74,0.56,5,Oversold Recovery,BUY,BULLISH
2022-02-16,1870.2,63.8,29.48,34.32,-10.1,7.26,3,Bullish Accumulation,BUY,BULLISH
2022-02-17,1900.7,67.12,24.62,42.5,3.32,-4.86,3,Bullish Accumulation,BUY,BULLISH
2022-02-18,1898.6,66.77,24.92,41.85,-0.35,0.3,3,Bullish Accumulation,BUY,BULLISH
2022-02-22,1906.1,67.2,24.5,42.7,0.43,-0.42,3,Bullish Accumulation,BUY,BULLISH
2022-02-23,1909.2,69.57,23.02,46.55,2.37,-1.48,3,Bullish Accumulation,BUY,BULLISH
2022-02-24,1925.1,71.46,22.36,49.1,1.89,-0.66,3,Bullish Accumulation,BUY,BULLISH
2022-02-25,1886.5,71.52,22.33,49.19,0.06,-0.03,5,Oversold Recovery,BUY,BULLISH
2022-02-28,1899.4,66.06,27.38,38.68,-5.46,5.05,3,Bullish Accumulation,BUY,BULLISH
2022-03-01,1942.4,72.27,19.36,52.91,6.21,-8.02,3,Bullish Accumulation,BUY,BULLISH
2022-03-02,1920.9,78.83,12.51,66.32,6.56,-6.85,4,Support Bounce,BUY,BULLISH
2022-03-03,1934.4,78.33,12.51,65.82,-0.5,0.0,3,Bullish Accumulation,BUY,BULLISH
2022-03-04,1965.1,73.94,16.41,57.53,-4.39,3.9,3,Bullish Accumulation,BUY,BULLISH
2022-03-07,1993.9,75.2,16.32,58.88,1.26,-0.09,1,Bullish Breakout,BUY,BULLISH
2022-03-08,2040.1,78.25,13.81,64.44,3.05,-2.51,1,Bullish Breakout,BUY,BULLISH
2022-03-09,1985.9,78.18,14.08,64.1,-0.07,0.27,5,Oversold Recovery,BUY,BULLISH
2022-03-10,1998.1,78.57,14.05,64.52,0.39,-0.03,4,Support Bounce,BUY,BULLISH
2022-03-11,1982.7,78.15,14.76,63.39,-0.42,0.71,4,Support Bounce,BUY,BULLISH
2022-03-14,1959.6,79.4,16.71,62.69,1.25,1.95,5,Oversold Recovery,BUY,BULLISH
2022-03-15,1928.5,76.49,18.21,58.28,-2.91,1.5,5,Oversold Recovery,BUY,BULLISH
2022-03-16,1908.0,71.92,23.27,48.65,-4.57,5.06,5,Oversold Recovery,BUY,BULLISH
2022-03-17,1942.1,76.1,17.78,58.32,4.18,-5.49,1,Bullish Breakout,BUY,BULLISH
2022-03-18,1928.2,77.5,15.95,61.55,1.4,-1.83,5,Oversold Recovery,BUY,BULLISH
2022-03-21,1928.6,73.51,20.56,52.95,-3.99,4.61,4,Support Bounce,BUY,BULLISH
2022-03-22,1920.7,73.62,20.44,53.18,0.11,-0.12,5,Oversold Recovery,BUY,BULLISH
2022-03-23,1936.6,78.31,15.15,63.16,4.69,-5.29,1,Bullish Breakout,BUY,BULLISH
2022-03-24,1961.6,75.35,18.84,56.51,-2.96,3.69,2,Bullish but Cooling,HOLD,BULLISH
2022-03-25,1953.8,74.78,19.37,55.41,-0.57,0.53,5,Oversold Recovery,BUY,BULLISH
2022-03-28,1939.6,68.81,24.33,44.48,-5.97,4.96,5,Oversold Recovery,BUY,BULLISH
2022-03-29,1912.0,72.25,25.65,46.6,3.44,1.32,5,Oversold Recovery,BUY,BULLISH
2022-03-30,1933.5,56.41,43.99,12.42,-15.84,18.34,13,Cautious Bullish,HOLD,LEAN BULLISH
2022-03-31,1949.2,75.52,22.81,52.71,19.11,-21.18,1,Bullish Breakout,BUY,BULLISH
2022-04-01,1919.1,61.24,39.23,22.01,-14.28,16.42,5,Oversold Recovery,BUY,BULLISH
2022-04-04,1929.2,64.88,34.78,30.1,3.64,-4.45,3,Bullish Accumulation,BUY,BULLISH
2022-04-05,1922.9,62.66,41.5,21.16,-2.22,6.72,4,Support Bounce,BUY,BULLISH
2022-04-06,1918.4,58.6,41.82,16.78,-4.06,0.32,13,Cautious Bullish,HOLD,LEAN BULLISH
2022-04-07,1933.8,62.66,36.73,25.93,4.06,-5.09,3,Bullish Accumulation,BUY,BULLISH
2022-04-08,1941.6,67.9,35.82,32.08,5.24,-0.91,3,Bullish Accumulation,BUY,BULLISH
2022-04-11,1944.3,67.64,36.03,31.61,-0.26,0.21,3,Bullish Accumulation,BUY,BULLISH
2022-04-12,1972.1,81.58,15.04,66.54,13.94,-20.99,1,Bullish Breakout,BUY,BULLISH
2022-04-13,1981.0,81.98,14.64,67.34,0.4,-0.4,3,Bullish Accumulation,BUY,BULLISH
2022-04-14,1970.9,78.9,17.53,61.37,-3.08,2.89,5,Oversold Recovery,BUY,BULLISH
2022-04-18,1982.9,79.04,14.07,64.97,0.14,-3.46,1,Bullish Breakout,BUY,BULLISH
2022-04-19,1955.7,75.0,18.07,56.93,-4.04,4.0,5,Oversold Recovery,BUY,BULLISH
2022-04-20,1952.3,74.2,22.51,51.69,-0.8,4.44,4,Support Bounce,BUY,BULLISH
2022-04-21,1944.9,70.41,27.04,43.37,-3.79,4.53,5,Oversold Recovery,BUY,BULLISH
2022-04-22,1931.0,50.39,48.75,1.64,-20.02,21.71,12,Dead Zone,HOLD,NEUTRAL
2022-04-25,1893.2,42.28,57.16,-14.88,-8.11,8.41,14,Cautious Bearish,HOLD,LEAN BEARISH
2022-04-26,1901.4,41.85,58.55,-16.7,-0.43,1.39,14,Cautious Bearish,HOLD,LEAN BEARISH
2022-04-27,1885.9,42.4,58.33,-15.93,0.55,-0.22,14,Cautious Bearish,HOLD,LEAN BEARISH
2022-04-28,1888.7,38.19,60.25,-22.06,-4.21,1.92,8,Bearish Distribution,SELL,BEARISH
2022-04-29,1909.3,41.04,57.95,-16.91,2.85,-2.3,14,Cautious Bearish,HOLD,LEAN BEARISH
2022-05-02,1861.8,35.45,63.38,-27.93,-5.59,5.43,7,Bearish Continuation,SELL,BEARISH
2022-05-03,1868.8,31.65,63.9,-32.25,-3.8,0.52,8,Bearish Distribution,SELL,BEARISH
2022-05-04,1867.0,30.93,64.32,-33.39,-0.72,0.42,7,Bearish Continuation,SELL,BEARISH
2022-05-05,1874.0,28.82,67.9,-39.08,-2.11,3.58,9,Resistance Rejection,SELL,BEARISH
2022-05-06,1881.2,28.71,68.1,-39.39,-0.11,0.2,8,Bearish Distribution,SELL,BEARISH
2022-05-09,1857.1,29.12,66.89,-37.77,0.41,-1.21,7,Bearish Continuation,SELL,BEARISH
2022-05-10,1839.9,28.55,68.16,-39.61,-0.57,1.27,7,Bearish Continuation,SELL,BEARISH
2022-05-11,1852.6,28.21,69.64,-41.43,-0.34,1.48,9,Resistance Rejection,SELL,BEARISH
2022-05-12,1823.8,24.31,77.95,-53.64,-3.9,8.31,6,Bearish Breakdown,SELL,BEARISH
2022-05-13,1807.4,28.84,75.14,-46.3,4.53,-2.81,7,Bearish Continuation,SELL,BEARISH
2022-05-16,1813.5,23.48,77.89,-54.41,-5.36,2.75,9,Resistance Rejection,SELL,BEARISH
2022-05-17,1818.2,28.62,75.06,-46.44,5.14,-2.83,9,Resistance Rejection,SELL,BEARISH
2022-05-18,1815.9,27.38,77.14,-49.76,-1.24,2.08,8,Bearish Distribution,SELL,BEARISH
2022-05-19,1841.2,37.13,65.74,-28.61,9.75,-11.4,9,Resistance Rejection,SELL,BEARISH
2022-05-20,1841.8,41.06,61.78,-20.72,3.93,-3.96,9,Resistance Rejection,SELL,BEARISH
2022-05-23,1847.8,41.59,61.35,-19.76,0.53,-0.43,14,Cautious Bearish,HOLD,LEAN BEARISH
2022-05-24,1865.1,43.7,59.16,-15.46,2.11,-2.19,14,Cautious Bearish,HOLD,LEAN BEARISH
2022-05-25,1846.2,45.75,58.11,-12.36,2.05,-1.05,14,Cautious Bearish,HOLD,LEAN BEARISH
2022-05-26,1847.4,50.76,55.92,-5.16,5.01,-2.19,14,Cautious Bearish,HOLD,LEAN BEARISH
2022-05-27,1851.3,49.14,56.59,-7.45,-1.62,0.67,14,Cautious Bearish,HOLD,LEAN BEARISH
2022-05-31,1842.7,50.09,51.11,-1.02,0.95,-5.48,12,Dead Zone,HOLD,NEUTRAL
2022-06-01,1843.3,47.34,54.72,-7.38,-2.75,3.61,12,Dead Zone,HOLD,NEUTRAL
2022-06-02,1866.5,60.11,42.35,17.76,12.77,-12.37,13,Cautious Bullish,HOLD,LEAN BULLISH
2022-06-03,1845.4,56.21,41.67,14.54,-3.9,-0.68,13,Cautious Bullish,HOLD,LEAN BULLISH
2022-06-06,1839.2,49.29,51.86,-2.57,-6.92,10.19,12,Dead Zone,HOLD,NEUTRAL
2022-06-07,1847.5,60.35,41.97,18.38,11.06,-9.89,13,Cautious Bullish,HOLD,LEAN BULLISH
2022-06-08,1851.9,58.09,44.11,13.98,-2.26,2.14,13,Cautious Bullish,HOLD,LEAN BULLISH
2022-06-09,1848.8,63.3,35.16,28.14,5.21,-8.95,4,Support Bounce,BUY,BULLISH
2022-06-10,1871.5,71.13,18.28,52.85,7.83,-16.88,3,Bullish Accumulation,BUY,BULLISH
2022-06-13,1828.0,53.02,45.11,7.91,-18.11,26.83,12,Dead Zone,HOLD,NEUTRAL
2022-06-14,1809.5,51.95,46.98,4.97,-1.07,1.87,12,Dead Zone,HOLD,NEUTRAL
2022-06-15,1815.3,54.39,43.72,10.67,2.44,-3.26,12,Dead Zone,HOLD,NEUTRAL
2022-06-16,1845.7,67.3,31.61,35.69,12.91,-12.11,3,Bullish Accumulation,BUY,BULLISH
2022-06-17,1835.6,59.67,38.72,20.95,-7.63,7.11,13,Cautious Bullish,HOLD,LEAN BULLISH
2022-06-21,1834.6,42.3,63.12,-20.82,-17.37,24.4,8,Bearish Distribution,SELL,BEARISH
2022-06-22,1834.3,46.08,58.38,-12.3,3.78,-4.74,14,Cautious Bearish,HOLD,LEAN BEARISH
2022-06-23,1825.7,41.67,62.7,-21.03,-4.41,4.32,8,Bearish Distribution,SELL,BEARISH
2022-06-24,1826.5,39.21,60.61,-21.4,-2.46,-2.09,8,Bearish Distribution,SELL,BEARISH
2022-06-27,1820.9,39.1,60.74,-21.64,-0.11,0.13,8,Bearish Distribution,SELL,BEARISH
2022-06-28,1817.5,38.66,61.0,-22.34,-0.44,0.26,8,Bearish Distribution,SELL,BEARISH
2022-06-29,1813.7,32.75,65.54,-32.79,-5.91,4.54,7,Bearish Continuation,SELL,BEARISH
2022-06-30,1804.1,32.35,65.94,-33.59,-0.4,0.4,7,Bearish Continuation,SELL,BEARISH
2022-07-01,1798.9,29.05,66.59,-37.54,-3.3,0.65,8,Bearish Distribution,SELL,BEARISH
2022-07-05,1761.8,28.85,71.26,-42.41,-0.2,4.67,7,Bearish Continuation,SELL,BEARISH
2022-07-06,1734.9,17.19,83.69,-66.5,-11.66,12.43,6,Bearish Breakdown,SELL,BEARISH
2022-07-07,1737.9,20.34,80.99,-60.65,3.15,-2.7,8,Bearish Distribution,SELL,BEARISH
2022-07-08,1740.6,20.41,80.87,-60.46,0.07,-0.12,9,Resistance Rejection,SELL,BEARISH
2022-07-11,1730.0,20.03,81.23,-61.2,-0.38,0.36,6,Bearish Breakdown,SELL,BEARISH
2022-07-12,1723.3,20.27,81.09,-60.82,0.24,-0.14,7,Bearish Continuation,SELL,BEARISH
2022-07-13,1734.2,20.69,80.48,-59.79,0.42,-0.61,9,Resistance Rejection,SELL,BEARISH
2022-07-14,1704.5,19.32,81.93,-62.61,-1.37,1.45,6,Bearish Breakdown,SELL,BEARISH
2022-07-15,1702.4,19.19,82.08,-62.89,-0.13,0.15,6,Bearish Breakdown,SELL,BEARISH
2022-07-18,1709.2,12.55,88.82,-76.27,-6.64,6.74,9,Resistance Rejection,SELL,BEARISH
2022-07-19,1710.0,13.26,88.36,-75.1,0.71,-0.46,8,Bearish Distribution,SELL,BEARISH
2022-07-20,1699.5,12.65,88.93,-76.28,-0.61,0.57,6,Bearish Breakdown,SELL,BEARISH
2022-07-21,1712.7,13.48,88.01,-74.53,0.83,-0.92,9,Resistance Rejection,SELL,BEARISH
2022-07-22,1727.1,14.21,87.22,-73.01,0.73,-0.79,9,Resistance Rejection,SELL,BEARISH
2022-07-25,1719.0,18.81,85.11,-66.3,4.6,-2.11,8,Bearish Distribution,SELL,BEARISH
2022-07-26,1717.7,21.27,82.21,-60.94,2.46,-2.9,8,Bearish Distribution,SELL,BEARISH
2022-07-27,1719.1,31.1,87.85,-56.75,9.83,5.64,9,Resistance Rejection,SELL,BEARISH
2022-07-28,1750.3,36.68,68.83,-32.15,5.58,-19.02,9,Resistance Rejection,SELL,BEARISH
2022-07-29,1762.9,34.68,66.32,-31.64,-2.0,-2.51,9,Resistance Rejection,SELL,BEARISH
2022-08-01,1769.0,35.77,65.26,-29.49,1.09,-1.06,9,Resistance Rejection,SELL,BEARISH
2022-08-02,1771.1,38.61,62.43,-23.82,2.84,-2.83,9,Resistance Rejection,SELL,BEARISH
2022-08-03,1758.0,35.86,65.15,-29.29,-2.75,2.72,7,Bearish Continuation,SELL,BEARISH
2022-08-04,1788.5,47.88,43.6,4.28,12.02,-21.55,12,Dead Zone,HOLD,NEUTRAL
2022-08-05,1772.9,53.62,36.79,16.83,5.74,-6.81,12,Dead Zone,HOLD,NEUTRAL
2022-08-08,1786.8,53.3,37.78,15.52,-0.32,0.99,12,Dead Zone,HOLD,NEUTRAL
2022-08-09,1794.0,53.84,37.02,16.82,0.54,-0.76,12,Dead Zone,HOLD,NEUTRAL
2022-08-10,1795.6,52.61,38.36,14.25,-1.23,1.34,12,Dead Zone,HOLD,NEUTRAL
2022-08-11,1789.7,58.23,33.05,25.18,5.62,-5.31,13,Cautious Bullish,HOLD,LEAN BULLISH
2022-08-12,1798.6,57.85,33.35,24.5,-0.38,0.3,13,Cautious Bullish,HOLD,LEAN BULLISH
2022-08-15,1781.4,61.56,34.09,27.47,3.71,0.74,5,Oversold Recovery,BUY,BULLISH
2022-08-16,1773.2,54.72,41.08,13.64,-6.84,6.99,12,Dead Zone,HOLD,NEUTRAL
2022-08-17,1760.3,53.61,45.29,8.32,-1.11,4.21,12,Dead Zone,HOLD,NEUTRAL
2022-08-18,1755.3,52.31,45.37,6.94,-1.3,0.08,12,Dead Zone,HOLD,NEUTRAL
2022-08-19,1747.6,52.52,44.97,7.55,0.21,-0.4,12,Dead Zone,HOLD,NEUTRAL
2022-08-22,1734.0,48.77,49.13,-0.36,-3.75,4.16,12,Dead Zone,HOLD,NEUTRAL
2022-08-23,1746.8,52.76,45.45,7.31,3.99,-3.68,12,Dead Zone,HOLD,NEUTRAL
2022-08-24,1747.8,49.64,48.72,0.92,-3.12,3.27,12,Dead Zone,HOLD,NEUTRAL
2022-08-25,1757.7,53.53,39.38,14.15,3.89,-9.34,12,Dead Zone,HOLD,NEUTRAL
2022-08-26,1736.1,31.22,71.28,-40.06,-22.31,31.9,7,Bearish Continuation,SELL,BEARISH
2022-08-29,1736.6,27.71,72.89,-45.18,-3.51,1.61,8,Bearish Distribution,SELL,BEARISH
2022-08-30,1723.2,26.63,73.91,-47.28,-1.08,1.02,7,Bearish Continuation,SELL,BEARISH
2022-08-31,1712.8,27.24,73.99,-46.75,0.61,0.08,7,Bearish Continuation,SELL,BEARISH
2022-09-01,1696.6,21.97,79.38,-57.41,-5.27,5.39,6,Bearish Breakdown,SELL,BEARISH
2022-09-02,1709.8,22.53,78.84,-56.31,0.56,-0.54,9,Resistance Rejection,SELL,BEARISH
2022-09-06,1700.4,21.6,79.61,-58.01,-0.93,0.77,6,Bearish Breakdown,SELL,BEARISH
2022-09-07,1715.3,28.09,75.69,-47.6,6.49,-3.92,9,Resistance Rejection,SELL,BEARISH
2022-09-08,1708.0,27.89,75.88,-47.99,-0.2,0.19,8,Bearish Distribution,SELL,BEARISH
2022-09-09,1716.2,28.59,75.2,-46.61,0.7,-0.68,9,Resistance Rejection,SELL,BEARISH
2022-09-12,1728.1,32.33,71.35,-39.02,3.74,-3.85,9,Resistance Rejection,SELL,BEARISH
2022-09-13,1705.0,25.42,78.21,-52.79,-6.91,6.86,6,Bearish Breakdown,SELL,BEARISH
2022-09-14,1696.5,24.91,78.76,-53.85,-0.51,0.55,8,Bearish Distribution,SELL,BEARISH
2022-09-15,1665.4,16.55,84.78,-68.23,-8.36,6.02,6,Bearish Breakdown,SELL,BEARISH
2022-09-16,1671.7,22.36,81.49,-59.13,5.81,-3.29,9,Resistance Rejection,SELL,BEARISH
2022-09-19,1666.2,19.26,83.93,-64.67,-3.1,2.44,9,Resistance Rejection,SELL,BEARISH
2022-09-20,1659.7,19.78,83.86,-64.08,0.52,-0.07,7,Bearish Continuation,SELL,BEARISH
2022-09-21,1664.6,20.15,83.57,-63.42,0.37,-0.29,9,Resistance Rejection,SELL,BEARISH
2022-09-22,1670.8,24.18,79.56,-55.38,4.03,-4.01,9,Resistance Rejection,SELL,BEARISH
2022-09-23,1645.3,19.91,83.88,-63.97,-4.27,4.32,6,Bearish Breakdown,SELL,BEARISH
2022-09-26,1623.3,13.3,88.84,-75.54,-6.61,4.96,6,Bearish Breakdown,SELL,BEARISH
2022-09-27,1626.7,12.05,90.93,-78.88,-1.25,2.09,9,Resistance Rejection,SELL,BEARISH
2022-09-28,1660.4,27.07,77.2,-50.13,15.02,-13.73,9,Resistance Rejection,SELL,BEARISH
2022-09-29,1658.5,24.69,79.64,-54.95,-2.38,2.44,9,Resistance Rejection,SELL,BEARISH
2022-09-30,1662.4,24.82,79.5,-54.68,0.13,-0.14,9,Resistance Rejection,SELL,BEARISH
2022-10-03,1692.9,33.2,71.1,-37.9,8.38,-8.4,9,Resistance Rejection,SELL,BEARISH
2022-10-04,1721.1,51.45,38.83,12.62,18.25,-32.27,12,Dead Zone,HOLD,NEUTRAL
2022-10-05,1711.4,51.01,35.92,15.09,-0.44,-2.91,12,Dead Zone,HOLD,NEUTRAL
2022-10-06,1711.7,36.86,62.88,-26.02,-14.15,26.96,8,Bearish Distribution,SELL,BEARISH
2022-10-07,1700.5,38.56,63.55,-24.99,1.7,0.67,7,Bearish Continuation,SELL,BEARISH
2022-10-10,1667.3,32.69,70.17,-37.48,-5.87,6.62,7,Bearish Continuation,SELL,BEARISH
2022-10-11,1678.7,33.05,69.79,-36.74,0.36,-0.38,9,Resistance Rejection,SELL,BEARISH
2022-10-12,1670.3,29.31,74.25,-44.94,-3.74,4.46,8,Bearish Distribution,SELL,BEARISH
2022-10-13,1670.0,32.84,70.23,-37.39,3.53,-4.02,8,Bearish Distribution,SELL,BEARISH
2022-10-14,1641.7,32.02,70.98,-38.96,-0.82,0.75,7,Bearish Continuation,SELL,BEARISH
2022-10-17,1657.0,33.14,69.77,-36.63,1.12,-1.21,9,Resistance Rejection,SELL,BEARISH
2022-10-18,1649.0,29.9,74.09,-44.19,-3.24,4.32,7,Bearish Continuation,SELL,BEARISH
2022-10-19,1627.5,28.7,75.21,-46.51,-1.2,1.12,6,Bearish Breakdown,SELL,BEARISH
2022-10-20,1630.8,29.63,73.51,-43.88,0.93,-1.7,8,Bearish Distribution,SELL,BEARISH
2022-10-21,1651.0,27.88,75.32,-47.44,-1.75,1.81,9,Resistance Rejection,SELL,BEARISH
2022-10-24,1648.7,32.63,61.37,-28.74,4.75,-13.95,9,Resistance Rejection,SELL,BEARISH
2022-10-25,1652.8,37.56,53.7,-16.14,4.93,-7.67,12,Dead Zone,HOLD,NEUTRAL
2022-10-26,1664.0,35.68,55.31,-19.63,-1.88,1.61,14,Cautious Bearish,HOLD,LEAN BEARISH
2022-10-27,1660.7,35.49,56.3,-20.81,-0.19,0.99,14,Cautious Bearish,HOLD,LEAN BEARISH
2022-10-28,1639.6,30.97,73.34,-42.37,-4.52,17.04,7,Bearish Continuation,SELL,BEARISH
2022-10-31,1635.9,27.83,76.53,-48.7,-3.14,3.19,8,Bearish Distribution,SELL,BEARISH
2022-11-01,1645.0,25.73,77.92,-52.19,-2.1,1.39,9,Resistance Rejection,SELL,BEARISH
2022-11-02,1645.7,21.01,81.04,-60.03,-4.72,3.12,9,Resistance Rejection,SELL,BEARISH
2022-11-03,1627.3,20.55,81.55,-61.0,-0.46,0.51,6,Bearish Breakdown,SELL,BEARISH
2022-11-04,1672.5,38.85,64.9,-26.05,18.3,-16.65,9,Resistance Rejection,SELL,BEARISH
2022-11-07,1676.5,47.15,55.65,-8.5,8.3,-9.25,14,Cautious Bearish,HOLD,LEAN BEARISH
2022-11-08,1712.1,49.68,36.66,13.02,2.53,-18.99,12,Dead Zone,HOLD,NEUTRAL
2022-11-09,1710.1,49.39,36.95,12.44,-0.29,0.29,12,Dead Zone,HOLD,NEUTRAL
2022-11-10,1750.3,50.65,35.19,15.46,1.26,-1.76,12,Dead Zone,HOLD,NEUTRAL
2022-11-11,1766.0,53.74,32.92,20.82,3.09,-2.27,12,Dead Zone,HOLD,NEUTRAL
2022-11-14,1773.6,54.4,32.63,21.77,0.66,-0.29,12,Dead Zone,HOLD,NEUTRAL
2022-11-15,1773.8,54.43,32.56,21.87,0.03,-0.07,12,Dead Zone,HOLD,NEUTRAL
2022-11-16,1773.0,54.73,32.1,22.63,0.3,-0.46,12,Dead Zone,HOLD,NEUTRAL
2022-11-17,1760.8,49.73,36.05,13.68,-5.0,3.95,12,Dead Zone,HOLD,NEUTRAL
2022-11-18,1751.9,52.87,38.61,14.26,3.14,2.56,12,Dead Zone,HOLD,NEUTRAL
2022-11-21,1737.4,52.25,39.46,12.79,-0.62,0.85,12,Dead Zone,HOLD,NEUTRAL
2022-11-22,1738.3,52.84,38.7,14.14,0.59,-0.76,12,Dead Zone,HOLD,NEUTRAL
2022-11-23,1744.9,50.57,39.79,10.78,-2.27,1.09,12,Dead Zone,HOLD,NEUTRAL
2022-11-25,1753.3,54.35,36.43,17.92,3.78,-3.36,12,Dead Zone,HOLD,NEUTRAL
2022-11-28,1740.1,59.66,32.2,27.46,5.31,-4.23,13,Cautious Bullish,HOLD,LEAN BULLISH
2022-11-29,1748.4,61.1,26.55,34.55,1.44,-5.65,3,Bullish Accumulation,BUY,BULLISH
2022-11-30,1746.0,61.31,26.42,34.89,0.21,-0.13,4,Support Bounce,BUY,BULLISH
2022-12-01,1801.1,67.75,20.06,47.69,6.44,-6.36,3,Bullish Accumulation,BUY,BULLISH
2022-12-02,1795.9,62.38,25.98,36.4,-5.37,5.92,3,Bullish Accumulation,BUY,BULLISH
2022-12-05,1767.4,60.0,32.74,27.26,-2.38,6.76,5,Oversold Recovery,BUY,BULLISH
2022-12-06,1769.3,59.41,33.07,26.34,-0.59,0.33,13,Cautious Bullish,HOLD,LEAN BULLISH
2022-12-07,1785.5,63.42,28.24,35.18,4.01,-4.83,3,Bullish Accumulation,BUY,BULLISH
2022-12-08,1788.7,62.7,33.67,29.03,-0.72,5.43,3,Bullish Accumulation,BUY,BULLISH
2022-12-09,1798.1,68.02,19.77,48.25,5.32,-13.9,3,Bullish Accumulation,BUY,BULLISH
2022-12-12,1780.5,61.36,25.91,35.45,-6.66,6.14,5,Oversold Recovery,BUY,BULLISH
2022-12-13,1813.9,69.01,22.85,46.16,7.65,-3.06,3,Bullish Accumulation,BUY,BULLISH
2022-12-14,1807.5,69.25,18.62,50.63,0.24,-4.23,3,Bullish Accumulation,BUY,BULLISH
2022-12-15,1777.2,61.53,34.49,27.04,-7.72,15.87,5,Oversold Recovery,BUY,BULLISH
2022-12-16,1790.0,61.77,30.9,30.87,0.24,-3.59,3,Bullish Accumulation,BUY,BULLISH
2022-12-19,1787.7,59.16,31.17,27.99,-2.61,0.27,13,Cautious Bullish,HOLD,LEAN BULLISH
2022-12-20,1815.9,66.3,20.47,45.83,7.14,-10.7,3,Bullish Accumulation,BUY,BULLISH
2022-12-21,1815.9,66.01,23.5,42.51,-0.29,3.03,3,Bullish Accumulation,BUY,BULLISH
2022-12-22,1787.0,61.74,28.8,32.94,-4.27,5.3,5,Oversold Recovery,BUY,BULLISH
2022-12-23,1795.9,65.14,24.49,40.65,3.4,-4.31,4,Support Bounce,BUY,BULLISH
2022-12-27,1814.8,66.17,19.93,46.24,1.03,-4.56,3,Bullish Accumulation,BUY,BULLISH
2022-12-28,1807.9,65.17,28.6,36.57,-1.0,8.67,4,Support Bounce,BUY,BULLISH
2022-12-29,1819.5,65.61,27.94,37.67,0.44,-0.66,3,Bullish Accumulation,BUY,BULLISH
2022-12-30,1819.7,60.25,33.36,26.89,-5.36,5.42,3,Bullish Accumulation,BUY,BULLISH
2023-01-03,1839.7,60.24,29.81,30.43,-0.01,-3.55,3,Bullish Accumulation,BUY,BULLISH
2023-01-04,1852.8,60.37,28.92,31.45,0.13,-0.89,3,Bullish Accumulation,BUY,BULLISH
2023-01-05,1834.8,59.16,32.96,26.2,-1.21,4.04,13,Cautious Bullish,HOLD,LEAN BULLISH
2023-01-06,1864.2,55.27,33.49,21.78,-3.89,0.53,13,Cautious Bullish,HOLD,LEAN BULLISH
2023-01-09,1872.7,55.78,32.99,22.79,0.51,-0.5,13,Cautious Bullish,HOLD,LEAN BULLISH
2023-01-10,1871.6,55.65,33.19,22.46,-0.13,0.2,13,Cautious Bullish,HOLD,LEAN BULLISH
2023-01-11,1874.6,61.27,28.48,32.79,5.62,-4.71,3,Bullish Accumulation,BUY,BULLISH
2023-01-12,1895.5,53.04,36.52,16.52,-8.23,8.04,12,Dead Zone,HOLD,NEUTRAL
2023-01-13,1918.4,59.35,29.41,29.94,6.31,-7.11,13,Cautious Bullish,HOLD,LEAN BULLISH
2023-01-17,1907.2,65.08,24.78,40.3,5.73,-4.63,4,Support Bounce,BUY,BULLISH
2023-01-18,1904.4,67.17,23.02,44.15,2.09,-1.76,4,Support Bounce,BUY,BULLISH
2023-01-19,1922.1,64.03,25.1,38.93,-3.14,2.08,3,Bullish Accumulation,BUY,BULLISH
2023-01-20,1926.4,62.83,27.2,35.63,-1.2,2.1,3,Bullish Accumulation,BUY,BULLISH
2023-01-23,1927.1,62.28,27.8,34.48,-0.55,0.6,3,Bullish Accumulation,BUY,BULLISH
2023-01-24,1933.9,71.16,18.92,52.24,8.88,-8.88,3,Bullish Accumulation,BUY,BULLISH
2023-01-25,1941.2,71.18,18.61,52.57,0.02,-0.31,3,Bullish Accumulation,BUY,BULLISH
2023-01-26,1929.1,66.58,22.05,44.53,-4.6,3.44,5,Oversold Recovery,BUY,BULLISH
2023-01-27,1928.6,76.68,19.85,56.83,10.1,-2.2,4,Support Bounce,BUY,BULLISH
2023-01-30,1922.9,73.63,19.84,53.79,-3.05,-0.01,5,Oversold Recovery,BUY,BULLISH
2023-01-31,1929.5,73.71,19.81,53.9,0.08,-0.03,3,Bullish Accumulation,BUY,BULLISH
2023-02-01,1927.8,73.51,20.08,53.43,-0.2,0.27,3,Bullish Accumulation,BUY,BULLISH
2023-02-02,1916.3,78.19,18.78,59.41,4.68,-1.3,4,Support Bounce,BUY,BULLISH
2023-02-03,1862.9,57.84,39.83,18.01,-20.35,21.05,13,Cautious Bullish,HOLD,LEAN BULLISH
2023-02-06,1866.2,56.58,41.8,14.78,-1.26,1.97,13,Cautious Bullish,HOLD,LEAN BULLISH
2023-02-07,1871.7,56.1,42.27,13.83,-0.48,0.47,13,Cautious Bullish,HOLD,LEAN BULLISH
2023-02-08,1877.4,58.13,38.17,19.96,2.03,-4.1,13,Cautious Bullish,HOLD,LEAN BULLISH
2023-02-09,1866.2,41.13,57.26,-16.13,-17.0,19.09,14,Cautious Bearish,HOLD,LEAN BEARISH
2023-02-10,1862.8,36.91,59.53,-22.62,-4.22,2.27,14,Cautious Bearish,HOLD,LEAN BEARISH
2023-02-13,1851.9,29.76,66.76,-37.0,-7.15,7.23,7,Bearish Continuation,SELL,BEARISH
2023-02-14,1854.0,37.42,59.3,-21.88,7.66,-7.46,14,Cautious Bearish,HOLD,LEAN BEARISH
2023-02-15,1834.2,30.46,66.33,-35.87,-6.96,7.03,7,Bearish Continuation,SELL,BEARISH
2023-02-16,1842.0,29.82,67.0,-37.18,-0.64,0.67,9,Resistance Rejection,SELL,BEARISH
2023-02-17,1840.4,29.44,67.32,-37.88,-0.38,0.32,9,Resistance Rejection,SELL,BEARISH
2023-02-21,1833.0,29.03,67.98,-38.95,-0.41,0.66,8,Bearish Distribution,SELL,BEARISH
2023-02-22,1832.0,29.11,67.83,-38.72,0.08,-0.15,8,Bearish Distribution,SELL,BEARISH
2023-02-23,1818.0,28.15,68.74,-40.59,-0.96,0.91,7,Bearish Continuation,SELL,BEARISH
2023-02-24,1808.8,27.69,69.35,-41.66,-0.46,0.61,7,Bearish Continuation,SELL,BEARISH
2023-02-27,1817.0,27.9,69.15,-41.25,0.21,-0.2,9,Resistance Rejection,SELL,BEARISH
2023-02-28,1828.9,34.1,64.98,-30.88,6.2,-4.17,9,Resistance Rejection,SELL,BEARISH
2023-03-01,1837.7,37.53,65.24,-27.71,3.43,0.26,9,Resistance Rejection,SELL,BEARISH
2023-03-02,1833.5,37.66,64.68,-27.02,0.13,-0.56,8,Bearish Distribution,SELL,BEARISH
2023-03-03,1847.7,41.36,60.46,-19.1,3.7,-4.22,14,Cautious Bearish,HOLD,LEAN BEARISH
2023-03-06,1847.9,45.32,56.19,-10.87,3.96,-4.27,14,Cautious Bearish,HOLD,LEAN BEARISH
2023-03-07,1813.9,30.47,66.43,-35.96,-14.85,10.24,7,Bearish Continuation,SELL,BEARISH
2023-03-08,1812.7,33.29,63.48,-30.19,2.82,-2.95,8,Bearish Distribution,SELL,BEARISH
2023-03-09,1829.3,34.09,61.92,-27.83,0.8,-1.56,9,Resistance Rejection,SELL,BEARISH
2023-03-10,1862.0,49.6,51.04,-1.44,15.51,-10.88,12,Dead Zone,HOLD,NEUTRAL
2023-03-13,1911.7,75.82,7.14,68.68,26.22,-43.9,1,Bullish Breakout,BUY,BULLISH
2023-03-14,1906.2,73.08,11.44,61.64,-2.74,4.3,3,Bullish Accumulation,BUY,BULLISH
2023-03-15,1926.6,72.94,10.26,62.68,-0.14,-1.18,3,Bullish Accumulation,BUY,BULLISH
2023-03-16,1919.0,72.77,10.41,62.36,-0.17,0.15,3,Bullish Accumulation,BUY,BULLISH
2023-03-17,1969.8,74.47,15.5,58.97,1.7,5.09,3,Bullish Accumulation,BUY,BULLISH
2023-03-20,1979.2,71.8,17.44,54.36,-2.67,1.94,3,Bullish Accumulation,BUY,BULLISH
2023-03-21,1938.0,73.12,16.94,56.18,1.32,-0.5,5,Oversold Recovery,BUY,BULLISH
2023-03-22,1946.8,72.97,16.72,56.25,-0.15,-0.22,4,Support Bounce,BUY,BULLISH
2023-03-23,1993.8,69.28,20.26,49.02,-3.69,3.54,3,Bullish Accumulation,BUY,BULLISH
2023-03-24,1982.1,73.32,16.13,57.19,4.04,-4.13,5,Oversold Recovery,BUY,BULLISH
2023-03-27,1952.4,67.27,22.61,44.66,-6.05,6.48,5,Oversold Recovery,BUY,BULLISH
2023-03-28,1972.4,66.91,22.9,44.01,-0.36,0.29,3,Bullish Accumulation,BUY,BULLISH
2023-03-29,1966.1,73.65,23.28,50.37,6.74,0.38,5,Oversold Recovery,BUY,BULLISH
2023-03-30,1980.3,77.31,17.95,59.36,3.66,-5.33,1,Bullish Breakout,BUY,BULLISH
2023-03-31,1969.0,79.03,15.43,63.6,1.72,-2.52,4,Support Bounce,BUY,BULLISH
2023-04-03,1983.9,77.34,17.99,59.35,-1.69,2.56,2,Bullish but Cooling,HOLD,BULLISH
2023-04-04,2022.2,78.8,16.59,62.21,1.46,-1.4,1,Bullish Breakout,BUY,BULLISH
2023-04-05,2020.9,78.48,16.88,61.6,-0.32,0.29,3,Bullish Accumulation,BUY,BULLISH
2023-04-06,2011.9,80.32,17.11,63.21,1.84,0.23,4,Support Bounce,BUY,BULLISH
2023-04-10,1989.1,79.47,18.1,61.37,-0.85,0.99,5,Oversold Recovery,BUY,BULLISH
2023-04-11,2004.8,79.27,14.74,64.53,-0.2,-3.36,2,Bullish but Cooling,HOLD,BULLISH
2023-04-12,2010.9,78.36,15.34,63.02,-0.91,0.6,2,Bullish but Cooling,HOLD,BULLISH
2023-04-13,2041.3,80.16,14.0,66.16,1.8,-1.34,1,Bullish Breakout,BUY,BULLISH
2023-04-14,2002.2,75.68,22.93,52.75,-4.48,8.93,5,Oversold Recovery,BUY,BULLISH
2023-04-17,1994.2,72.76,25.88,46.88,-2.92,2.95,4,Support Bounce,BUY,BULLISH
2023-04-18,2007.4,73.18,25.4,47.78,0.42,-0.48,3,Bullish Accumulation,BUY,BULLISH
2023-04-19,1995.2,74.58,23.91,50.67,1.4,-1.49,5,Oversold Recovery,BUY,BULLISH
2023-04-20,2007.6,75.1,23.04,52.06,0.52,-0.87,3,Bullish Accumulation,BUY,BULLISH
2023-04-21,1979.5,71.39,26.37,45.02,-3.71,3.33,5,Oversold Recovery,BUY,BULLISH
2023-04-24,1989.1,62.18,38.21,23.97,-9.21,11.84,3,Bullish Accumulation,BUY,BULLISH
2023-04-25,1994.0,68.78,29.85,38.93,6.6,-8.36,3,Bullish Accumulation,BUY,BULLISH
2023-04-26,1985.7,69.72,29.28,40.44,0.94,-0.57,4,Support Bounce,BUY,BULLISH
2023-04-27,1989.9,69.61,29.55,40.06,-0.11,0.27,4,Support Bounce,BUY,BULLISH
2023-04-28,1990.1,70.98,24.68,46.3,1.37,-4.87,4,Support Bounce,BUY,BULLISH
2023-05-01,1983.4,68.74,25.27,43.47,-2.24,0.59,4,Support Bounce,BUY,BULLISH
2023-05-02,2014.3,74.5,21.4,53.1,5.76,-3.87,3,Bullish Accumulation,BUY,BULLISH
2023-05-03,2028.6,69.73,27.53,42.2,-4.77,6.13,3,Bullish Accumulation,BUY,BULLISH
2023-05-04,2048.0,74.93,18.28,56.65,5.2,-9.25,3,Bullish Accumulation,BUY,BULLISH
2023-05-05,2017.4,67.57,36.65,30.92,-7.36,18.37,5,Oversold Recovery,BUY,BULLISH
2023-05-08,2026.3,70.37,25.84,44.53,2.8,-10.81,3,Bullish Accumulation,BUY,BULLISH
2023-05-09,2036.2,69.94,22.59,47.35,-0.43,-3.25,3,Bullish Accumulation,BUY,BULLISH
2023-05-10,2030.5,68.81,26.64,42.17,-1.13,4.05,4,Support Bounce,BUY,BULLISH
2023-05-11,2014.7,69.51,20.21,49.3,0.7,-6.43,5,Oversold Recovery,BUY,BULLISH
2023-05-12,2014.5,55.7,41.21,14.49,-13.81,21.0,13,Cautious Bullish,HOLD,LEAN BULLISH
2023-05-15,2018.0,69.74,22.9,46.84,14.04,-18.31,3,Bullish Accumulation,BUY,BULLISH
2023-05-16,1988.4,54.59,42.13,12.46,-15.15,19.23,12,Dead Zone,HOLD,NEUTRAL
2023-05-17,1980.7,45.14,52.39,-7.25,-9.45,10.26,12,Dead Zone,HOLD,NEUTRAL
2023-05-18,1956.5,44.48,53.03,-8.55,-0.66,0.64,12,Dead Zone,HOLD,NEUTRAL
2023-05-19,1978.7,47.63,49.88,-2.25,3.15,-3.15,12,Dead Zone,HOLD,NEUTRAL
2023-05-22,1974.8,44.21,53.26,-9.05,-3.42,3.38,12,Dead Zone,HOLD,NEUTRAL
2023-05-23,1972.4,44.34,53.09,-8.75,0.13,-0.17,12,Dead Zone,HOLD,NEUTRAL
2023-05-24,1962.8,37.55,57.4,-19.85,-6.79,4.31,14,Cautious Bearish,HOLD,LEAN BEARISH
2023-05-25,1943.1,38.44,56.49,-18.05,0.89,-0.91,14,Cautious Bearish,HOLD,LEAN BEARISH
2023-05-26,1944.1,49.89,61.08,-11.19,11.45,4.59,14,Cautious Bearish,HOLD,LEAN BEARISH
2023-05-30,1958.0,48.65,59.32,-10.67,-1.24,-1.76,14,Cautious Bearish,HOLD,LEAN BEARISH
2023-05-31,1963.9,42.7,63.45,-20.75,-5.95,4.13,9,Resistance Rejection,SELL,BEARISH
2023-06-01,1978.0,51.7,54.11,-2.41,9.0,-9.34,12,Dead Zone,HOLD,NEUTRAL
2023-06-02,1952.4,50.58,55.25,-4.67,-1.12,1.14,14,Cautious Bearish,HOLD,LEAN BEARISH
2023-06-05,1958.0,49.89,55.85,-5.96,-0.69,0.6,14,Cautious Bearish,HOLD,LEAN BEARISH
2023-06-06,1965.5,54.18,51.53,2.65,4.29,-4.32,12,Dead Zone,HOLD,NEUTRAL
2023-06-07,1942.7,47.91,53.75,-5.84,-6.27,2.22,12,Dead Zone,HOLD,NEUTRAL
2023-06-08,1963.6,54.81,45.93,8.88,6.9,-7.82,12,Dead Zone,HOLD,NEUTRAL
2023-06-09,1962.2,55.79,50.21,5.58,0.98,4.28,13,Cautious Bullish,HOLD,LEAN BULLISH
2023-06-12,1955.3,50.27,51.02,-0.75,-5.52,0.81,12,Dead Zone,HOLD,NEUTRAL
2023-06-13,1944.6,49.2,52.15,-2.95,-1.07,1.13,12,Dead Zone,HOLD,NEUTRAL
2023-06-14,1955.3,55.38,50.55,4.83,6.18,-1.6,13,Cautious Bullish,HOLD,LEAN BULLISH
2023-06-15,1957.8,58.17,43.96,14.21,2.79,-6.59,13,Cautious Bullish,HOLD,LEAN BULLISH
2023-06-16,1958.4,60.62,41.53,19.09,2.45,-2.43,13,Cautious Bullish,HOLD,LEAN BULLISH
2023-06-20,1935.5,53.73,49.24,4.49,-6.89,7.71,12,Dead Zone,HOLD,NEUTRAL
2023-06-21,1933.3,54.13,49.03,5.1,0.4,-0.21,12,Dead Zone,HOLD,NEUTRAL
2023-06-22,1912.7,44.74,55.98,-11.24,-9.39,6.95,14,Cautious Bearish,HOLD,LEAN BEARISH
2023-06-23,1919.1,49.5,53.65,-4.15,4.76,-2.33,12,Dead Zone,HOLD,NEUTRAL
2023-06-26,1923.7,46.78,55.55,-8.77,-2.72,1.9,14,Cautious Bearish,HOLD,LEAN BEARISH
2023-06-27,1914.0,46.69,55.44,-8.75,-0.09,-0.11,14,Cautious Bearish,HOLD,LEAN BEARISH
2023-06-28,1912.3,45.85,55.87,-10.02,-0.84,0.43,14,Cautious Bearish,HOLD,LEAN BEARISH
2023-06-29,1909.2,39.85,58.75,-18.9,-6.0,2.88,14,Cautious Bearish,HOLD,LEAN BEARISH
2023-06-30,1921.1,49.25,56.07,-6.82,9.4,-2.68,14,Cautious Bearish,HOLD,LEAN BEARISH
2023-07-03,1921.7,47.78,53.7,-5.92,-1.47,-2.37,12,Dead Zone,HOLD,NEUTRAL
2023-07-05,1919.6,52.58,53.5,-0.92,4.8,-0.2,12,Dead Zone,HOLD,NEUTRAL
2023-07-06,1908.7,42.1,56.74,-14.64,-10.48,3.24,14,Cautious Bearish,HOLD,LEAN BEARISH
2023-07-07,1926.2,54.34,51.24,3.1,12.24,-5.5,12,Dead Zone,HOLD,NEUTRAL
2023-07-10,1925.0,51.98,53.56,-1.58,-2.36,2.32,12,Dead Zone,HOLD,NEUTRAL
2023-07-11,1931.3,55.24,50.3,4.94,3.26,-3.26,13,Cautious Bullish,HOLD,LEAN BULLISH
2023-07-12,1956.2,61.88,42.85,19.03,6.64,-7.45,13,Cautious Bullish,HOLD,LEAN BULLISH
2023-07-13,1959.2,59.65,34.26,25.39,-2.23,-8.59,13,Cautious Bullish,HOLD,LEAN BULLISH
2023-07-14,1960.1,58.85,34.71,24.14,-0.8,0.45,13,Cautious Bullish,HOLD,LEAN BULLISH
2023-07-17,1952.4,63.59,37.54,26.05,4.74,2.83,5,Oversold Recovery,BUY,BULLISH
2023-07-18,1977.2,67.46,25.94,41.52,3.87,-11.6,3,Bullish Accumulation,BUY,BULLISH
2023-07-19,1977.5,69.62,22.9,46.72,2.16,-3.04,3,Bullish Accumulation,BUY,BULLISH
2023-07-20,1968.3,69.66,23.11,46.55,0.04,0.21,5,Oversold Recovery,BUY,BULLISH
2023-07-21,1964.3,76.75,16.78,59.97,7.09,-6.33,5,Oversold Recovery,BUY,BULLISH
2023-07-24,1960.3,77.06,16.43,60.63,0.31,-0.35,5,Oversold Recovery,BUY,BULLISH
2023-07-25,1962.1,76.42,17.02,59.4,-0.64,0.59,3,Bullish Accumulation,BUY,BULLISH
2023-07-26,1968.9,71.66,21.76,49.9,-4.76,4.74,3,Bullish Accumulation,BUY,BULLISH
2023-07-27,1945.4,78.49,30.2,48.29,6.83,8.44,5,Oversold Recovery,BUY,BULLISH
2023-07-28,1960.4,83.65,20.71,62.94,5.16,-9.49,1,Bullish Breakout,BUY,BULLISH
2023-07-31,1970.5,83.06,20.68,62.38,-0.59,-0.03,2,Bullish but Cooling,HOLD,BULLISH
2023-08-01,1940.7,67.44,41.28,26.16,-15.62,20.6,5,Oversold Recovery,BUY,BULLISH
2023-08-02,1937.4,66.82,41.88,24.94,-0.62,0.6,4,Support Bounce,BUY,BULLISH
2023-08-03,1932.0,66.5,42.03,24.47,-0.32,0.15,4,Support Bounce,BUY,BULLISH
2023-08-04,1939.6,66.42,41.93,24.49,-0.08,-0.1,3,Bullish Accumulation,BUY,BULLISH
2023-08-07,1933.5,62.65,45.63,17.02,-3.77,3.7,13,Cautious Bullish,HOLD,LEAN BULLISH
2023-08-08,1924.1,53.92,58.07,-4.15,-8.73,12.44,14,Cautious Bearish,HOLD,LEAN BEARISH
2023-08-09,1915.4,50.75,61.26,-10.51,-3.17,3.19,14,Cautious Bearish,HOLD,LEAN BEARISH
2023-08-10,1914.4,50.26,61.42,-11.16,-0.49,0.16,14,Cautious Bearish,HOLD,LEAN BEARISH
2023-08-11,1912.9,49.86,61.36,-11.5,-0.4,-0.06,14,Cautious Bearish,HOLD,LEAN BEARISH
2023-08-14,1910.6,49.67,61.14,-11.47,-0.19,-0.22,14,Cautious Bearish,HOLD,LEAN BEARISH
2023-08-15,1902.5,38.17,68.75,-30.58,-11.5,7.61,7,Bearish Continuation,SELL,BEARISH
2023-08-16,1896.1,38.06,68.51,-30.45,-0.11,-0.24,8,Bearish Distribution,SELL,BEARISH
2023-08-17,1884.1,32.0,74.74,-42.74,-6.06,6.23,7,Bearish Continuation,SELL,BEARISH
2023-08-18,1886.1,32.41,74.15,-41.74,0.41,-0.59,8,Bearish Distribution,SELL,BEARISH
2023-08-21,1893.3,33.43,74.26,-40.83,1.02,0.11,9,Resistance Rejection,SELL,BEARISH
2023-08-22,1896.4,32.4,76.02,-43.62,-1.03,1.76,9,Resistance Rejection,SELL,BEARISH
2023-08-23,1918.5,58.01,58.15,-0.14,25.61,-17.87,10,Volatile Breakout,HOLD,CONFLICT
2023-08-24,1918.2,57.35,58.9,-1.55,-0.66,0.75,11,Tug of War,HOLD,CONFLICT
2023-08-25,1911.1,56.33,57.85,-1.52,-1.02,-1.05,11,Tug of War,HOLD,CONFLICT
2023-08-28,1917.9,57.12,48.82,8.3,0.79,-9.03,13,Cautious Bullish,HOLD,LEAN BULLISH
2023-08-29,1936.5,75.24,26.98,48.26,18.12,-21.84,1,Bullish Breakout,BUY,BULLISH
2023-08-30,1944.3,84.48,11.99,72.49,9.24,-14.99,1,Bullish Breakout,BUY,BULLISH
2023-08-31,1938.2,84.2,12.32,71.88,-0.28,0.33,4,Support Bounce,BUY,BULLISH
2023-09-01,1939.8,84.19,11.97,72.22,-0.01,-0.35,4,Support Bounce,BUY,BULLISH
2023-09-05,1926.2,68.21,33.72,34.49,-15.98,21.75,5,Oversold Recovery,BUY,BULLISH
2023-09-06,1918.1,62.27,37.93,24.34,-5.94,4.21,5,Oversold Recovery,BUY,BULLISH
2023-09-07,1917.5,62.23,34.5,27.73,-0.04,-3.43,4,Support Bounce,BUY,BULLISH
2023-09-08,1918.4,75.28,19.42,55.86,13.05,-15.08,4,Support Bounce,BUY,BULLISH
2023-09-11,1923.3,72.58,21.17,51.41,-2.7,1.75,3,Bullish Accumulation,BUY,BULLISH
2023-09-12,1911.3,52.31,46.75,5.56,-20.27,25.58,12,Dead Zone,HOLD,NEUTRAL
2023-09-13,1909.1,49.05,50.79,-1.74,-3.26,4.04,12,Dead Zone,HOLD,NEUTRAL
2023-09-14,1910.0,62.86,35.08,27.78,13.81,-15.71,4,Support Bounce,BUY,BULLISH
2023-09-15,1923.7,72.85,24.17,48.68,9.99,-10.91,3,Bullish Accumulation,BUY,BULLISH
2023-09-18,1931.5,78.97,13.43,65.54,6.12,-10.74,1,Bullish Breakout,BUY,BULLISH
2023-09-19,1932.0,75.75,17.34,58.41,-3.22,3.91,3,Bullish Accumulation,BUY,BULLISH
2023-09-20,1945.6,79.67,17.06,62.61,3.92,-0.28,1,Bullish Breakout,BUY,BULLISH
2023-09-21,1919.2,56.05,37.7,18.35,-23.62,20.64,13,Cautious Bullish,HOLD,LEAN BULLISH
2023-09-22,1925.4,61.11,32.49,28.62,5.06,-5.21,3,Bullish Accumulation,BUY,BULLISH
2023-09-25,1916.6,41.03,59.34,-18.31,-20.08,26.85,14,Cautious Bearish,HOLD,LEAN BEARISH
2023-09-26,1900.4,40.56,59.8,-19.24,-0.47,0.46,14,Cautious Bearish,HOLD,LEAN BEARISH
2023-09-27,1871.6,36.2,65.43,-29.23,-4.36,5.63,7,Bearish Continuation,SELL,BEARISH
2023-09-28,1860.4,34.73,66.4,-31.67,-1.47,0.97,7,Bearish Continuation,SELL,BEARISH
2023-09-29,1848.1,18.2,79.77,-61.57,-16.53,13.37,6,Bearish Breakdown,SELL,BEARISH
2023-10-02,1830.0,17.83,80.17,-62.34,-0.37,0.4,6,Bearish Breakdown,SELL,BEARISH
2023-10-03,1824.6,17.56,80.38,-62.82,-0.27,0.21,8,Bearish Distribution,SELL,BEARISH
2023-10-04,1818.5,17.1,80.8,-63.7,-0.46,0.42,8,Bearish Distribution,SELL,BEARISH
2023-10-05,1816.6,16.39,81.5,-65.11,-0.71,0.7,8,Bearish Distribution,SELL,BEARISH
2023-10-06,1830.2,17.36,80.53,-63.17,0.97,-0.97,9,Resistance Rejection,SELL,BEARISH
2023-10-09,1849.5,26.11,76.9,-50.79,8.75,-3.63,9,Resistance Rejection,SELL,BEARISH
2023-10-10,1861.0,26.63,76.4,-49.77,0.52,-0.5,9,Resistance Rejection,SELL,BEARISH
2023-10-11,1872.8,32.38,72.99,-40.61,5.75,-3.41,9,Resistance Rejection,SELL,BEARISH
2023-10-12,1869.3,28.24,76.02,-47.78,-4.14,3.03,6,Bearish Breakdown,SELL,BEARISH
2023-10-13,1927.4,71.38,21.52,49.86,43.14,-54.5,3,Bullish Accumulation,BUY,BULLISH
2023-10-16,1921.1,55.23,48.71,6.52,-16.15,27.19,13,Cautious Bullish,HOLD,LEAN BULLISH
2023-10-17,1922.7,55.33,45.31,10.02,0.1,-3.4,13,Cautious Bullish,HOLD,LEAN BULLISH
2023-10-18,1955.3,66.61,22.57,44.04,11.28,-22.74,3,Bullish Accumulation,BUY,BULLISH
2023-10-19,1968.4,70.18,20.8,49.38,3.57,-1.77,3,Bullish Accumulation,BUY,BULLISH
2023-10-20,1982.5,67.69,27.3,40.39,-2.49,6.5,3,Bullish Accumulation,BUY,BULLISH
2023-10-23,1976.3,64.86,27.21,37.65,-2.83,-0.09,5,Oversold Recovery,BUY,BULLISH
2023-10-24,1975.0,65.43,24.79,40.64,0.57,-2.42,4,Support Bounce,BUY,BULLISH
2023-10-25,1984.1,65.26,22.94,42.32,-0.17,-1.85,3,Bullish Accumulation,BUY,BULLISH
2023-10-26,1987.2,61.61,27.13,34.48,-3.65,4.19,3,Bullish Accumulation,BUY,BULLISH
2023-10-27,1988.6,63.76,23.19,40.57,2.15,-3.94,3,Bullish Accumulation,BUY,BULLISH
2023-10-30,1996.2,59.52,32.8,26.72,-4.24,9.61,13,Cautious Bullish,HOLD,LEAN BULLISH
2023-10-31,1985.2,58.54,28.73,29.81,-0.98,-4.07,13,Cautious Bullish,HOLD,LEAN BULLISH
2023-11-01,1978.8,57.88,33.77,24.11,-0.66,5.04,13,Cautious Bullish,HOLD,LEAN BULLISH
2023-11-02,1985.6,60.76,31.25,29.51,2.88,-2.52,3,Bullish Accumulation,BUY,BULLISH
2023-11-03,1991.5,60.82,26.23,34.59,0.06,-5.02,3,Bullish Accumulation,BUY,BULLISH
2023-11-06,1981.6,59.93,31.35,28.58,-0.89,5.12,13,Cautious Bullish,HOLD,LEAN BULLISH
2023-11-07,1966.8,63.85,30.6,33.25,3.92,-0.75,5,Oversold Recovery,BUY,BULLISH
2023-11-08,1951.5,59.79,35.47,24.32,-4.06,4.87,13,Cautious Bullish,HOLD,LEAN BULLISH
2023-11-09,1964.2,62.46,31.06,31.4,2.67,-4.41,3,Bullish Accumulation,BUY,BULLISH
2023-11-10,1932.6,44.74,50.72,-5.98,-17.72,19.66,12,Dead Zone,HOLD,NEUTRAL
2023-11-13,1945.5,51.17,44.44,6.73,6.43,-6.28,12,Dead Zone,HOLD,NEUTRAL
2023-11-14,1961.8,52.52,42.94,9.58,1.35,-1.5,12,Dead Zone,HOLD,NEUTRAL
2023-11-15,1960.1,46.78,43.2,3.58,-5.74,0.26,12,Dead Zone,HOLD,NEUTRAL
2023-11-16,1983.9,51.1,44.31,6.79,4.32,1.11,12,Dead Zone,HOLD,NEUTRAL
2023-11-17,1981.6,50.4,44.46,5.94,-0.7,0.15,12,Dead Zone,HOLD,NEUTRAL
2023-11-20,1977.7,47.64,56.17,-8.53,-2.76,11.71,14,Cautious Bearish,HOLD,LEAN BEARISH
2023-11-21,1999.3,54.38,39.8,14.58,6.74,-16.37,12,Dead Zone,HOLD,NEUTRAL
2023-11-22,1991.4,61.08,37.48,23.6,6.7,-2.32,4,Support Bounce,BUY,BULLISH
2023-11-24,2002.2,59.04,39.53,19.51,-2.04,2.05,13,Cautious Bullish,HOLD,LEAN BULLISH
2023-11-27,2011.8,57.22,39.08,18.14,-1.82,-0.45,13,Cautious Bullish,HOLD,LEAN BULLISH
2023-11-28,2039.7,64.38,34.73,29.65,7.16,-4.35,3,Bullish Accumulation,BUY,BULLISH
2023-11-29,2047.1,59.75,39.78,19.97,-4.63,5.05,13,Cautious Bullish,HOLD,LEAN BULLISH
2023-11-30,2038.1,73.08,25.72,47.36,13.33,-14.06,4,Support Bounce,BUY,BULLISH
2023-12-01,2071.0,68.93,29.07,39.86,-4.15,3.35,3,Bullish Accumulation,BUY,BULLISH
2023-12-04,2024.1,68.46,29.56,38.9,-0.47,0.49,5,Oversold Recovery,BUY,BULLISH
2023-12-05,2018.5,67.35,30.5,36.85,-1.11,0.94,4,Support Bounce,BUY,BULLISH
2023-12-06,2030.5,68.75,29.03,39.72,1.4,-1.47,3,Bullish Accumulation,BUY,BULLISH
2023-12-07,2029.9,68.42,29.08,39.34,-0.33,0.05,3,Bullish Accumulation,BUY,BULLISH
2023-12-08,1998.3,66.18,34.68,31.5,-2.24,5.6,5,Oversold Recovery,BUY,BULLISH
2023-12-11,1978.0,65.2,35.53,29.67,-0.98,0.85,5,Oversold Recovery,BUY,BULLISH
2023-12-12,1977.8,62.17,39.27,22.9,-3.03,3.74,4,Support Bounce,BUY,BULLISH
2023-12-13,1982.3,66.26,36.67,29.59,4.09,-2.6,4,Support Bounce,BUY,BULLISH
2023-12-14,2030.2,74.38,27.76,46.62,8.12,-8.91,3,Bullish Accumulation,BUY,BULLISH
2023-12-15,2021.1,74.19,27.93,46.26,-0.19,0.17,5,Oversold Recovery,BUY,BULLISH
2023-12-18,2026.3,71.91,31.0,40.91,-2.28,3.07,4,Support Bounce,BUY,BULLISH
2023-12-19,2038.4,72.38,30.57,41.81,0.47,-0.43,3,Bullish Accumulation,BUY,BULLISH
2023-12-20,2034.5,72.46,30.05,42.41,0.08,-0.52,4,Support Bounce,BUY,BULLISH
2023-12-21,2039.1,71.3,31.25,40.05,-1.16,1.2,3,Bullish Accumulation,BUY,BULLISH
2023-12-22,2057.1,75.82,25.77,50.05,4.52,-5.48,1,Bullish Breakout,BUY,BULLISH
2023-12-26,2058.2,76.25,21.93,54.32,0.43,-3.84,4,Support Bounce,BUY,BULLISH
2023-12-27,2081.9,76.63,20.95,55.68,0.38,-0.98,1,Bullish Breakout,BUY,BULLISH
2023-12-28,2073.9,77.75,19.39,58.36,1.12,-1.56,4,Support Bounce,BUY,BULLISH
2023-12-29,2062.4,76.45,20.06,56.39,-1.3,0.67,5,Oversold Recovery,BUY,BULLISH
2024-01-02,2064.4,68.52,27.73,40.79,-7.93,7.67,4,Support Bounce,BUY,BULLISH
2024-01-03,2034.2,69.12,28.14,40.98,0.6,0.41,5,Oversold Recovery,BUY,BULLISH
2024-01-04,2042.3,73.92,21.87,52.05,4.8,-6.27,3,Bullish Accumulation,BUY,BULLISH
2024-01-05,2042.4,73.34,25.44,47.9,-0.58,3.57,3,Bullish Accumulation,BUY,BULLISH
2024-01-08,2026.6,67.71,32.38,35.33,-5.63,6.94,5,Oversold Recovery,BUY,BULLISH
2024-01-09,2026.4,67.09,32.96,34.13,-0.62,0.58,4,Support Bounce,BUY,BULLISH
2024-01-10,2021.7,71.27,27.79,43.48,4.18,-5.17,5,Oversold Recovery,BUY,BULLISH
2024-01-11,2014.3,73.12,26.68,46.44,1.85,-1.11,5,Oversold Recovery,BUY,BULLISH
2024-01-12,2046.7,78.77,20.24,58.53,5.65,-6.44,1,Bullish Breakout,BUY,BULLISH
2024-01-16,2026.0,70.43,27.26,43.17,-8.34,7.02,5,Oversold Recovery,BUY,BULLISH
2024-01-17,2002.6,45.02,55.5,-10.48,-25.41,28.24,14,Cautious Bearish,HOLD,LEAN BEARISH
2024-01-18,2018.6,53.49,47.53,5.96,8.47,-7.97,12,Dead Zone,HOLD,NEUTRAL
2024-01-19,2026.5,67.06,31.82,35.24,13.57,-15.71,3,Bullish Accumulation,BUY,BULLISH
2024-01-22,2019.8,51.24,49.29,1.95,-15.82,17.47,12,Dead Zone,HOLD,NEUTRAL
2024-01-23,2023.7,51.73,48.69,3.04,0.49,-0.6,12,Dead Zone,HOLD,NEUTRAL
2024-01-24,2013.9,55.77,48.32,7.45,4.04,-0.37,13,Cautious Bullish,HOLD,LEAN BULLISH
2024-01-25,2016.9,48.06,52.15,-4.09,-7.71,3.83,12,Dead Zone,HOLD,NEUTRAL
2024-01-26,2016.8,46.84,52.58,-5.74,-1.22,0.43,12,Dead Zone,HOLD,NEUTRAL
2024-01-29,2025.2,62.71,44.26,18.45,15.87,-8.32,13,Cautious Bullish,HOLD,LEAN BULLISH
2024-01-30,2031.5,64.58,48.81,15.77,1.87,4.55,13,Cautious Bullish,HOLD,LEAN BULLISH
2024-01-31,2048.4,66.33,39.91,26.42,1.75,-8.9,3,Bullish Accumulation,BUY,BULLISH
2024-02-01,2053.0,69.0,33.81,35.19,2.67,-6.1,3,Bullish Accumulation,BUY,BULLISH
2024-02-02,2036.1,74.02,27.61,46.41,5.02,-6.2,4,Support Bounce,BUY,BULLISH
2024-02-05,2025.7,57.85,48.96,8.89,-16.17,21.35,13,Cautious Bullish,HOLD,LEAN BULLISH
2024-02-06,2034.5,68.36,34.2,34.16,10.51,-14.76,3,Bullish Accumulation,BUY,BULLISH
2024-02-07,2035.2,77.65,22.62,55.03,9.29,-11.58,3,Bullish Accumulation,BUY,BULLISH
2024-02-08,2032.2,77.5,22.66,54.84,-0.15,0.04,4,Support Bounce,BUY,BULLISH
2024-02-09,2023.3,70.89,28.74,42.15,-6.61,6.08,4,Support Bounce,BUY,BULLISH
2024-02-12,2018.2,62.47,38.0,24.47,-8.42,9.26,5,Oversold Recovery,BUY,BULLISH
2024-02-13,1992.9,43.35,57.47,-14.12,-19.12,19.47,14,Cautious Bearish,HOLD,LEAN BEARISH
2024-02-14,1990.3,44.55,57.65,-13.1,1.2,0.18,14,Cautious Bearish,HOLD,LEAN BEARISH
2024-02-15,2002.1,45.46,55.87,-10.41,0.91,-1.78,14,Cautious Bearish,HOLD,LEAN BEARISH
2024-02-16,2011.5,46.75,54.52,-7.77,1.29,-1.35,12,Dead Zone,HOLD,NEUTRAL
2024-02-20,2027.5,70.5,31.0,39.5,23.75,-23.52,3,Bullish Accumulation,BUY,BULLISH
2024-02-21,2022.3,61.35,40.1,21.25,-9.15,9.1,4,Support Bounce,BUY,BULLISH
2024-02-22,2019.7,51.98,54.74,-2.76,-9.37,14.64,12,Dead Zone,HOLD,NEUTRAL
2024-02-23,2038.6,74.26,26.11,48.15,22.28,-28.63,3,Bullish Accumulation,BUY,BULLISH
2024-02-26,2028.5,67.47,32.68,34.79,-6.79,6.57,4,Support Bounce,BUY,BULLISH
2024-02-27,2034.0,70.61,30.51,40.1,3.14,-2.17,3,Bullish Accumulation,BUY,BULLISH
2024-02-28,2033.0,72.21,28.51,43.7,1.6,-2.0,5,Oversold Recovery,BUY,BULLISH
2024-02-29,2045.7,70.8,26.92,43.88,-1.41,-1.59,3,Bullish Accumulation,BUY,BULLISH
2024-03-01,2086.9,80.49,13.3,67.19,9.69,-13.62,1,Bullish Breakout,BUY,BULLISH
2024-03-04,2117.7,79.97,14.74,65.23,-0.52,1.44,2,Bullish but Cooling,HOLD,BULLISH
2024-03-05,2133.5,72.2,23.08,49.12,-7.77,8.34,3,Bullish Accumulation,BUY,BULLISH
2024-03-06,2150.3,73.35,21.95,51.4,1.15,-1.13,3,Bullish Accumulation,BUY,BULLISH
2024-03-07,2158.0,73.49,21.66,51.83,0.14,-0.29,3,Bullish Accumulation,BUY,BULLISH
2024-03-08,2178.6,73.71,21.42,52.29,0.22,-0.24,3,Bullish Accumulation,BUY,BULLISH
2024-03-11,2182.5,71.22,24.79,46.43,-2.49,3.37,3,Bullish Accumulation,BUY,BULLISH
2024-03-12,2160.4,70.27,25.52,44.75,-0.95,0.73,5,Oversold Recovery,BUY,BULLISH
2024-03-13,2175.4,72.47,22.24,50.23,2.2,-3.28,3,Bullish Accumulation,BUY,BULLISH
2024-03-14,2163.0,75.43,20.29,55.14,2.96,-1.95,5,Oversold Recovery,BUY,BULLISH
2024-03-15,2157.3,70.68,23.88,46.8,-4.75,3.59,5,Oversold Recovery,BUY,BULLISH
2024-03-18,2160.7,69.81,24.3,45.51,-0.87,0.42,3,Bullish Accumulation,BUY,BULLISH
2024-03-19,2156.3,74.3,21.1,53.2,4.49,-3.2,3,Bullish Accumulation,BUY,BULLISH
2024-03-20,2157.9,73.75,21.52,52.23,-0.55,0.42,3,Bullish Accumulation,BUY,BULLISH
2024-03-21,2182.4,75.64,19.25,56.39,1.89,-2.27,1,Bullish Breakout,BUY,BULLISH
2024-03-22,2158.1,79.17,12.99,66.18,3.53,-6.26,5,Oversold Recovery,BUY,BULLISH
2024-03-25,2174.8,79.12,13.22,65.9,-0.05,0.23,2,Bullish but Cooling,HOLD,BULLISH
2024-03-26,2175.6,88.53,18.17,70.36,9.41,4.95,3,Bullish Accumulation,BUY,BULLISH
2024-03-27,2190.6,90.32,16.7,73.62,1.79,-1.47,1,Bullish Breakout,BUY,BULLISH
2024-03-28,2217.4,90.72,12.96,77.76,0.4,-3.74,1,Bullish Breakout,BUY,BULLISH
2024-04-01,2236.5,89.23,15.2,74.03,-1.49,2.24,3,Bullish Accumulation,BUY,BULLISH
2024-04-02,2261.0,84.76,19.62,65.14,-4.47,4.42,2,Bullish but Cooling,HOLD,BULLISH
2024-04-03,2294.4,85.33,18.9,66.43,0.57,-0.72,1,Bullish Breakout,BUY,BULLISH
2024-04-04,2288.8,81.33,21.88,59.45,-4.0,2.98,3,Bullish Accumulation,BUY,BULLISH
2024-04-05,2325.7,83.36,18.73,64.63,2.03,-3.15,1,Bullish Breakout,BUY,BULLISH
2024-04-08,2331.7,83.37,18.66,64.71,0.01,-0.07,3,Bullish Accumulation,BUY,BULLISH
2024-04-09,2343.5,83.48,18.48,65.0,0.11,-0.18,1,Bullish Breakout,BUY,BULLISH
2024-04-10,2329.6,83.14,18.8,64.34,-0.34,0.32,5,Oversold Recovery,BUY,BULLISH
2024-04-11,2354.8,83.64,18.32,65.32,0.5,-0.48,1,Bullish Breakout,BUY,BULLISH
2024-04-12,2356.2,83.46,18.65,64.81,-0.18,0.33,3,Bullish Accumulation,BUY,BULLISH
2024-04-15,2365.8,83.77,18.65,65.12,0.31,0.0,4,Support Bounce,BUY,BULLISH
2024-04-16,2390.8,84.16,18.19,65.97,0.39,-0.46,3,Bullish Accumulation,BUY,BULLISH
2024-04-17,2371.7,83.75,18.44,65.31,-0.41,0.25,5,Oversold Recovery,BUY,BULLISH
2024-04-18,2382.3,83.51,18.66,64.85,-0.24,0.22,3,Bullish Accumulation,BUY,BULLISH
2024-04-19,2398.4,83.76,18.37,65.39,0.25,-0.29,1,Bullish Breakout,BUY,BULLISH
2024-04-22,2332.2,76.33,26.8,49.53,-7.43,8.43,5,Oversold Recovery,BUY,BULLISH
2024-04-23,2327.7,76.43,30.06,46.37,0.1,3.26,4,Support Bounce,BUY,BULLISH
2024-04-24,2324.5,76.25,30.19,46.06,-0.18,0.13,3,Bullish Accumulation,BUY,BULLISH
2024-04-25,2329.8,77.76,27.72,50.04,1.51,-2.47,3,Bullish Accumulation,BUY,BULLISH
2024-04-26,2334.8,77.42,27.84,49.58,-0.34,0.12,3,Bullish Accumulation,BUY,BULLISH
2024-04-29,2345.4,77.44,27.18,50.26,0.02,-0.66,1,Bullish Breakout,BUY,BULLISH
2024-04-30,2291.4,70.22,35.99,34.23,-7.22,8.81,5,Oversold Recovery,BUY,BULLISH
2024-05-01,2299.9,67.01,39.11,27.9,-3.21,3.12,4,Support Bounce,BUY,BULLISH
2024-05-02,2299.2,65.2,40.48,24.72,-1.81,1.37,4,Support Bounce,BUY,BULLISH
2024-05-03,2299.0,64.71,37.42,27.29,-0.49,-3.06,4,Support Bounce,BUY,BULLISH
2024-05-06,2321.6,50.57,51.84,-1.27,-14.14,14.42,12,Dead Zone,HOLD,NEUTRAL
2024-05-07,2315.2,56.03,50.86,5.17,5.46,-0.98,13,Cautious Bullish,HOLD,LEAN BULLISH
2024-05-08,2313.6,55.51,51.31,4.2,-0.52,0.45,13,Cautious Bullish,HOLD,LEAN BULLISH
2024-05-09,2332.1,62.92,40.08,22.84,7.41,-11.23,3,Bullish Accumulation,BUY,BULLISH
2024-05-10,2367.3,73.44,26.99,46.45,10.52,-13.09,3,Bullish Accumulation,BUY,BULLISH
2024-05-13,2336.1,66.96,40.46,26.5,-6.48,13.47,5,Oversold Recovery,BUY,BULLISH
2024-05-14,2353.4,67.23,39.9,27.33,0.27,-0.56,3,Bullish Accumulation,BUY,BULLISH
2024-05-15,2388.7,67.91,35.89,32.02,0.68,-4.01,3,Bullish Accumulation,BUY,BULLISH
2024-05-16,2380.0,70.51,30.89,39.62,2.6,-5.0,3,Bullish Accumulation,BUY,BULLISH
2024-05-17,2412.2,71.31,26.98,44.33,0.8,-3.91,3,Bullish Accumulation,BUY,BULLISH
2024-05-20,2433.9,68.18,29.22,38.96,-3.13,2.24,3,Bullish Accumulation,BUY,BULLISH
2024-05-21,2421.7,68.29,28.98,39.31,0.11,-0.24,4,Support Bounce,BUY,BULLISH
2024-05-22,2389.2,72.26,25.17,47.09,3.97,-3.81,5,Oversold Recovery,BUY,BULLISH
2024-05-23,2335.0,70.76,30.52,40.24,-1.5,5.35,5,Oversold Recovery,BUY,BULLISH
2024-05-24,2332.5,68.18,33.19,34.99,-2.58,2.67,4,Support Bounce,BUY,BULLISH
2024-05-28,2355.2,68.8,32.39,36.41,0.62,-0.8,3,Bullish Accumulation,BUY,BULLISH
2024-05-29,2340.3,66.42,46.23,20.19,-2.38,13.84,13,Cautious Bullish,HOLD,LEAN BULLISH
2024-05-30,2342.9,73.58,32.96,40.62,7.16,-13.27,3,Bullish Accumulation,BUY,BULLISH
2024-05-31,2322.9,69.79,37.57,32.22,-3.79,4.61,5,Oversold Recovery,BUY,BULLISH
2024-06-03,2346.6,73.88,32.64,41.24,4.09,-4.93,3,Bullish Accumulation,BUY,BULLISH
2024-06-04,2325.5,63.54,43.82,19.72,-10.34,11.18,13,Cautious Bullish,HOLD,LEAN BULLISH
2024-06-05,2354.1,70.6,36.7,33.9,7.06,-7.12,3,Bullish Accumulation,BUY,BULLISH
2024-06-06,2370.3,70.97,36.18,34.79,0.37,-0.52,3,Bullish Accumulation,BUY,BULLISH
2024-06-07,2305.2,51.82,59.93,-8.11,-19.15,23.75,14,Cautious Bearish,HOLD,LEAN BEARISH
2024-06-10,2307.7,50.79,60.45,-9.66,-1.03,0.52,14,Cautious Bearish,HOLD,LEAN BEARISH
2024-06-11,2307.5,51.33,60.18,-8.85,0.54,-0.27,14,Cautious Bearish,HOLD,LEAN BEARISH
2024-06-12,2336.0,55.86,55.42,0.44,4.53,-4.76,10,Volatile Breakout,HOLD,CONFLICT
2024-06-13,2300.2,49.95,59.69,-9.74,-5.91,4.27,14,Cautious Bearish,HOLD,LEAN BEARISH
2024-06-14,2331.4,56.29,58.29,-2.0,6.34,-1.4,10,Volatile Breakout,HOLD,CONFLICT
2024-06-17,2312.4,55.18,59.37,-4.19,-1.11,1.08,11,Tug of War,HOLD,CONFLICT
2024-06-18,2330.4,55.55,58.58,-3.03,0.37,-0.79,10,Volatile Breakout,HOLD,CONFLICT
2024-06-20,2353.8,65.28,48.04,17.24,9.73,-10.54,13,Cautious Bullish,HOLD,LEAN BULLISH
2024-06-21,2316.4,53.32,61.38,-8.06,-11.96,13.34,14,Cautious Bearish,HOLD,LEAN BEARISH
2024-06-24,2330.0,50.51,51.29,-0.78,-2.81,-10.09,12,Dead Zone,HOLD,NEUTRAL
2024-06-25,2316.6,54.86,51.44,3.42,4.35,0.15,12,Dead Zone,HOLD,NEUTRAL
2024-06-26,2299.2,47.42,53.42,-6.0,-7.44,1.98,12,Dead Zone,HOLD,NEUTRAL
2024-06-27,2324.5,48.58,52.57,-3.99,1.16,-0.85,12,Dead Zone,HOLD,NEUTRAL
2024-06-28,2327.7,56.56,48.13,8.43,7.98,-4.44,13,Cautious Bullish,HOLD,LEAN BULLISH
2024-07-01,2327.6,51.28,48.61,2.67,-5.28,0.48,12,Dead Zone,HOLD,NEUTRAL
2024-07-02,2323.0,64.8,33.68,31.12,13.52,-14.93,4,Support Bounce,BUY,BULLISH
2024-07-03,2359.8,71.67,26.41,45.26,6.87,-7.27,3,Bullish Accumulation,BUY,BULLISH
2024-07-05,2388.5,72.23,21.75,50.48,0.56,-4.66,3,Bullish Accumulation,BUY,BULLISH
2024-07-08,2355.2,69.83,27.35,42.48,-2.4,5.6,5,Oversold Recovery,BUY,BULLISH
2024-07-09,2360.1,65.98,38.31,27.67,-3.85,10.96,4,Support Bounce,BUY,BULLISH
2024-07-10,2372.2,74.21,23.48,50.73,8.23,-14.83,3,Bullish Accumulation,BUY,BULLISH
2024-07-11,2415.0,75.3,20.77,54.53,1.09,-2.71,1,Bullish Breakout,BUY,BULLISH
2024-07-12,2414.0,69.61,26.47,43.14,-5.69,5.7,3,Bullish Accumulation,BUY,BULLISH
2024-07-15,2422.9,75.73,20.95,54.78,6.12,-5.52,1,Bullish Breakout,BUY,BULLISH
2024-07-16,2462.4,71.22,25.27,45.95,-4.51,4.32,3,Bullish Accumulation,BUY,BULLISH
2024-07-17,2454.8,67.02,28.33,38.69,-4.2,3.06,3,Bullish Accumulation,BUY,BULLISH
2024-07-18,2451.8,72.58,23.48,49.1,5.56,-4.85,4,Support Bounce,BUY,BULLISH
2024-07-19,2395.5,70.0,25.74,44.26,-2.58,2.26,5,Oversold Recovery,BUY,BULLISH
2024-07-22,2392.0,71.14,23.9,47.24,1.14,-1.84,4,Support Bounce,BUY,BULLISH
2024-07-23,2404.6,72.41,22.59,49.82,1.27,-1.31,3,Bullish Accumulation,BUY,BULLISH
2024-07-24,2413.3,70.12,24.85,45.27,-2.29,2.26,3,Bullish Accumulation,BUY,BULLISH
2024-07-25,2351.9,55.17,43.11,12.06,-14.95,18.26,13,Cautious Bullish,HOLD,LEAN BULLISH
2024-07-26,2380.0,66.01,31.41,34.6,10.84,-11.7,3,Bullish Accumulation,BUY,BULLISH
2024-07-29,2377.3,71.46,34.65,36.81,5.45,3.24,4,Support Bounce,BUY,BULLISH
2024-07-30,2405.0,71.19,30.67,40.52,-0.27,-3.98,3,Bullish Accumulation,BUY,BULLISH
2024-07-31,2426.5,72.31,29.48,42.83,1.12,-1.19,3,Bullish Accumulation,BUY,BULLISH
2024-08-01,2435.0,73.09,28.75,44.34,0.78,-0.73,3,Bullish Accumulation,BUY,BULLISH
2024-08-02,2425.7,74.05,27.79,46.26,0.96,-0.96,4,Support Bounce,BUY,BULLISH
2024-08-05,2401.7,67.62,35.78,31.84,-6.43,7.99,5,Oversold Recovery,BUY,BULLISH
2024-08-06,2389.1,65.03,37.31,27.72,-2.59,1.53,4,Support Bounce,BUY,BULLISH
2024-08-07,2390.5,64.37,37.6,26.77,-0.66,0.29,4,Support Bounce,BUY,BULLISH
2024-08-08,2422.2,72.26,28.75,43.51,7.89,-8.85,3,Bullish Accumulation,BUY,BULLISH
2024-08-09,2432.1,72.18,28.93,43.25,-0.08,0.18,3,Bullish Accumulation,BUY,BULLISH
2024-08-12,2462.4,73.32,24.57,48.75,1.14,-4.36,3,Bullish Accumulation,BUY,BULLISH
2024-08-13,2466.7,72.29,29.14,43.15,-1.03,4.57,3,Bullish Accumulation,BUY,BULLISH
2024-08-14,2439.4,68.21,35.26,32.95,-4.08,6.12,5,Oversold Recovery,BUY,BULLISH
2024-08-15,2453.1,66.36,37.9,28.46,-1.85,2.64,3,Bullish Accumulation,BUY,BULLISH
2024-08-16,2498.6,67.16,30.86,36.3,0.8,-7.04,3,Bullish Accumulation,BUY,BULLISH
2024-08-19,2501.8,71.94,25.91,46.03,4.78,-4.95,3,Bullish Accumulation,BUY,BULLISH
2024-08-20,2511.3,75.05,23.51,51.54,3.11,-2.4,1,Bullish Breakout,BUY,BULLISH
2024-08-21,2508.4,74.95,23.38,51.57,-0.1,-0.13,4,Support Bounce,BUY,BULLISH
2024-08-22,2478.9,81.7,15.81,65.89,6.75,-7.57,5,Oversold Recovery,BUY,BULLISH
2024-08-23,2508.4,77.59,19.74,57.85,-4.11,3.93,2,Bullish but Cooling,HOLD,BULLISH
2024-08-26,2517.7,77.9,19.54,58.36,0.31,-0.2,1,Bullish Breakout,BUY,BULLISH
2024-08-27,2516.0,74.47,23.3,51.17,-3.43,3.76,4,Support Bounce,BUY,BULLISH
2024-08-28,2501.0,80.5,15.41,65.09,6.03,-7.89,5,Oversold Recovery,BUY,BULLISH
2024-08-29,2525.7,81.77,14.52,67.25,1.27,-0.89,1,Bullish Breakout,BUY,BULLISH
2024-08-30,2493.8,77.44,22.87,54.57,-4.33,8.35,5,Oversold Recovery,BUY,BULLISH
2024-09-03,2489.9,78.17,22.04,56.13,0.73,-0.83,4,Support Bounce,BUY,BULLISH
2024-09-04,2493.4,78.54,18.27,60.27,0.37,-3.77,3,Bullish Accumulation,BUY,BULLISH
2024-09-05,2511.4,77.16,19.47,57.69,-1.38,1.2,2,Bullish but Cooling,HOLD,BULLISH
2024-09-06,2493.5,73.49,26.52,46.97,-3.67,7.05,5,Oversold Recovery,BUY,BULLISH
2024-09-09,2501.8,76.02,23.1,52.92,2.53,-3.42,3,Bullish Accumulation,BUY,BULLISH
2024-09-10,2512.3,76.05,22.84,53.21,0.03,-0.26,1,Bullish Breakout,BUY,BULLISH
2024-09-11,2512.1,75.58,23.07,52.51,-0.47,0.23,5,Oversold Recovery,BUY,BULLISH
2024-09-12,2551.2,76.51,18.7,57.81,0.93,-4.37,1,Bullish Breakout,BUY,BULLISH
2024-09-13,2581.3,77.73,17.38,60.35,1.22,-1.32,1,Bullish Breakout,BUY,BULLISH
2024-09-16,2580.4,74.86,20.06,54.8,-2.87,2.68,3,Bullish Accumulation,BUY,BULLISH
2024-09-17,2564.3,76.49,18.44,58.05,1.63,-1.62,5,Oversold Recovery,BUY,BULLISH
2024-09-18,2570.7,76.47,18.36,58.11,-0.02,-0.08,3,Bullish Accumulation,BUY,BULLISH
2024-09-19,2588.0,73.92,20.87,53.05,-2.55,2.51,3,Bullish Accumulation,BUY,BULLISH
2024-09-20,2619.9,68.51,25.31,43.2,-5.41,4.44,3,Bullish Accumulation,BUY,BULLISH
2024-09-23,2626.5,68.77,24.95,43.82,0.26,-0.36,3,Bullish Accumulation,BUY,BULLISH
2024-09-24,2651.2,69.15,24.57,44.58,0.38,-0.38,3,Bullish Accumulation,BUY,BULLISH
2024-09-25,2659.2,69.95,20.21,49.74,0.8,-4.36,3,Bullish Accumulation,BUY,BULLISH
2024-09-26,2669.9,69.62,22.87,46.75,-0.33,2.66,3,Bullish Accumulation,BUY,BULLISH
2024-09-27,2644.3,66.1,28.13,37.97,-3.52,5.26,5,Oversold Recovery,BUY,BULLISH
2024-09-30,2636.1,73.58,20.55,53.03,7.48,-7.58,4,Support Bounce,BUY,BULLISH
2024-10-01,2667.3,68.42,25.71,42.71,-5.16,5.16,3,Bullish Accumulation,BUY,BULLISH
2024-10-02,2647.1,70.4,24.53,45.87,1.98,-1.18,4,Support Bounce,BUY,BULLISH
2024-10-03,2657.1,81.99,10.37,71.62,11.59,-14.16,1,Bullish Breakout,BUY,BULLISH
2024-10-04,2645.8,79.46,12.3,67.16,-2.53,1.93,4,Support Bounce,BUY,BULLISH
2024-10-07,2644.8,80.85,10.66,70.19,1.39,-1.64,4,Support Bounce,BUY,BULLISH
2024-10-08,2615.0,77.35,18.69,58.66,-3.5,8.03,5,Oversold Recovery,BUY,BULLISH
2024-10-09,2606.0,79.51,15.7,63.81,2.16,-2.99,4,Support Bounce,BUY,BULLISH
2024-10-10,2620.6,77.14,18.95,58.19,-2.37,3.25,2,Bullish but Cooling,HOLD,BULLISH
2024-10-11,2657.6,77.9,17.99,59.91,0.76,-0.96,1,Bullish Breakout,BUY,BULLISH
2024-10-14,2647.8,74.2,21.54,52.66,-3.7,3.55,4,Support Bounce,BUY,BULLISH
2024-10-15,2661.4,77.02,18.4,58.62,2.82,-3.14,1,Bullish Breakout,BUY,BULLISH
2024-10-16,2674.0,76.03,19.29,56.74,-0.99,0.89,2,Bullish but Cooling,HOLD,BULLISH
2024-10-17,2691.0,76.33,15.36,60.97,0.3,-3.93,1,Bullish Breakout,BUY,BULLISH
2024-10-18,2713.7,76.3,15.35,60.95,-0.03,-0.01,2,Bullish but Cooling,HOLD,BULLISH
2024-10-21,2723.1,73.9,17.36,56.54,-2.4,2.01,3,Bullish Accumulation,BUY,BULLISH
2024-10-22,2744.2,69.58,21.81,47.77,-4.32,4.45,3,Bullish Accumulation,BUY,BULLISH
2024-10-23,2714.4,73.41,17.98,55.43,3.83,-3.83,5,Oversold Recovery,BUY,BULLISH
2024-10-24,2734.9,73.74,17.59,56.15,0.33,-0.39,3,Bullish Accumulation,BUY,BULLISH
2024-10-25,2740.9,73.73,16.23,57.5,-0.01,-1.36,3,Bullish Accumulation,BUY,BULLISH
2024-10-28,2742.9,66.4,22.99,43.41,-7.33,6.76,3,Bullish Accumulation,BUY,BULLISH
2024-10-29,2768.4,64.85,24.16,40.69,-1.55,1.17,3,Bullish Accumulation,BUY,BULLISH
2024-10-30,2788.5,64.66,24.53,40.13,-0.19,0.37,3,Bullish Accumulation,BUY,BULLISH
2024-10-31,2738.3,68.29,21.31,46.98,3.63,-3.22,5,Oversold Recovery,BUY,BULLISH
2024-11-01,2738.6,68.33,21.26,47.07,0.04,-0.05,4,Support Bounce,BUY,BULLISH
2024-11-04,2736.1,67.89,21.65,46.24,-0.44,0.39,4,Support Bounce,BUY,BULLISH
2024-11-05,2740.3,67.66,21.58,46.08,-0.23,-0.07,3,Bullish Accumulation,BUY,BULLISH
2024-11-06,2667.6,58.88,35.7,23.18,-8.78,14.12,13,Cautious Bullish,HOLD,LEAN BULLISH
2024-11-07,2698.4,60.21,34.7,25.51,1.33,-1.0,3,Bullish Accumulation,BUY,BULLISH
2024-11-08,2687.5,59.92,35.73,24.19,-0.29,1.03,13,Cautious Bullish,HOLD,LEAN BULLISH
2024-11-11,2611.2,34.36,64.52,-30.16,-25.56,28.79,7,Bearish Continuation,SELL,BEARISH
2024-11-12,2600.0,34.29,64.46,-30.17,-0.07,-0.06,8,Bearish Distribution,SELL,BEARISH
2024-11-13,2580.8,28.41,67.72,-39.31,-5.88,3.26,7,Bearish Continuation,SELL,BEARISH
2024-11-14,2568.2,27.26,68.72,-41.46,-1.15,1.0,7,Bearish Continuation,SELL,BEARISH
2024-11-15,2565.7,26.34,69.31,-42.97,-0.92,0.59,8,Bearish Distribution,SELL,BEARISH
2024-11-18,2610.6,29.5,65.45,-35.95,3.16,-3.86,9,Resistance Rejection,SELL,BEARISH
2024-11-19,2627.1,34.87,64.67,-29.8,5.37,-0.78,9,Resistance Rejection,SELL,BEARISH
2024-11-20,2648.2,39.16,63.54,-24.38,4.29,-1.13,9,Resistance Rejection,SELL,BEARISH
2024-11-21,2672.1,49.26,53.45,-4.19,10.1,-10.09,12,Dead Zone,HOLD,NEUTRAL
2024-11-22,2709.9,50.59,50.59,0.0,1.33,-2.86,12,Dead Zone,HOLD,NEUTRAL
2024-11-25,2616.8,35.95,66.05,-30.1,-14.64,15.46,7,Bearish Continuation,SELL,BEARISH
2024-11-26,2620.3,42.79,59.23,-16.44,6.84,-6.82,14,Cautious Bearish,HOLD,LEAN BEARISH
2024-11-27,2639.9,43.26,59.02,-15.76,0.47,-0.21,14,Cautious Bearish,HOLD,LEAN BEARISH
2024-11-29,2657.0,44.15,58.14,-13.99,0.89,-0.88,14,Cautious Bearish,HOLD,LEAN BEARISH
2024-12-02,2634.9,46.34,55.1,-8.76,2.19,-3.04,14,Cautious Bearish,HOLD,LEAN BEARISH
2024-12-03,2644.7,52.25,53.77,-1.52,5.91,-1.33,12,Dead Zone,HOLD,NEUTRAL
2024-12-04,2653.8,52.13,50.43,1.7,-0.12,-3.34,12,Dead Zone,HOLD,NEUTRAL
2024-12-05,2626.6,46.12,55.19,-9.07,-6.01,4.76,14,Cautious Bearish,HOLD,LEAN BEARISH
2024-12-06,2638.6,47.06,50.88,-3.82,0.94,-4.31,12,Dead Zone,HOLD,NEUTRAL
2024-12-09,2664.9,53.02,52.83,0.19,5.96,1.95,12,Dead Zone,HOLD,NEUTRAL
2024-12-10,2697.6,69.64,30.66,38.98,16.62,-22.17,3,Bullish Accumulation,BUY,BULLISH
2024-12-11,2733.8,71.45,25.83,45.62,1.81,-4.83,3,Bullish Accumulation,BUY,BULLISH
2024-12-12,2687.5,69.88,30.78,39.1,-1.57,4.95,5,Oversold Recovery,BUY,BULLISH
2024-12-13,2656.0,59.05,42.44,16.61,-10.83,11.66,13,Cautious Bullish,HOLD,LEAN BULLISH
2024-12-16,2651.4,61.71,38.95,22.76,2.66,-3.49,4,Support Bounce,BUY,BULLISH
2024-12-17,2644.4,60.99,39.7,21.29,-0.72,0.75,5,Oversold Recovery,BUY,BULLISH
2024-12-18,2636.5,57.69,43.78,13.91,-3.3,4.08,13,Cautious Bullish,HOLD,LEAN BULLISH
2024-12-19,2592.2,36.15,66.04,-29.89,-21.54,22.26,7,Bearish Continuation,SELL,BEARISH
2024-12-20,2628.7,42.01,60.17,-18.16,5.86,-5.87,14,Cautious Bearish,HOLD,LEAN BEARISH
2024-12-23,2612.3,41.38,60.74,-19.36,-0.63,0.57,14,Cautious Bearish,HOLD,LEAN BEARISH
2024-12-24,2620.0,46.49,55.48,-8.99,5.11,-5.26,14,Cautious Bearish,HOLD,LEAN BEARISH
2024-12-26,2638.8,64.03,35.67,28.36,17.54,-19.81,3,Bullish Accumulation,BUY,BULLISH
2024-12-27,2617.2,50.2,55.54,-5.34,-13.83,19.87,14,Cautious Bearish,HOLD,LEAN BEARISH
2024-12-30,2606.1,46.95,54.15,-7.2,-3.25,-1.39,12,Dead Zone,HOLD,NEUTRAL
2024-12-31,2629.2,46.75,58.93,-12.18,-0.2,4.78,14,Cautious Bearish,HOLD,LEAN BEARISH
2025-01-02,2658.9,57.28,42.72,14.56,10.53,-16.21,13,Cautious Bullish,HOLD,LEAN BULLISH
2025-01-03,2645.0,59.57,40.44,19.13,2.29,-2.28,13,Cautious Bullish,HOLD,LEAN BULLISH
2025-01-06,2638.4,50.61,55.35,-4.74,-8.96,14.91,14,Cautious Bearish,HOLD,LEAN BEARISH
2025-01-07,2656.7,61.01,37.38,23.63,10.4,-17.97,3,Bullish Accumulation,BUY,BULLISH
2025-01-08,2664.5,70.47,28.81,41.66,9.46,-8.57,3,Bullish Accumulation,BUY,BULLISH
2025-01-09,2683.8,70.42,28.86,41.56,-0.05,0.05,3,Bullish Accumulation,BUY,BULLISH
2025-01-10,2708.5,62.97,32.1,30.87,-7.45,3.24,3,Bullish Accumulation,BUY,BULLISH
2025-01-13,2673.5,60.07,45.13,14.94,-2.9,13.03,13,Cautious Bullish,HOLD,LEAN BULLISH
2025-01-14,2677.5,60.01,41.92,18.09,-0.06,-3.21,13,Cautious Bullish,HOLD,LEAN BULLISH
2025-01-15,2712.5,73.66,22.76,50.9,13.65,-19.16,3,Bullish Accumulation,BUY,BULLISH
2025-01-16,2746.4,75.41,21.4,54.01,1.75,-1.36,1,Bullish Breakout,BUY,BULLISH
2025-01-17,2744.3,68.33,28.61,39.72,-7.08,7.21,3,Bullish Accumulation,BUY,BULLISH
2025-01-21,2755.0,73.9,23.14,50.76,5.57,-5.47,3,Bullish Accumulation,BUY,BULLISH
2025-01-22,2767.6,69.43,29.38,40.05,-4.47,6.24,3,Bullish Accumulation,BUY,BULLISH
2025-01-23,2763.1,71.24,25.97,45.27,1.81,-3.41,4,Support Bounce,BUY,BULLISH
2025-01-24,2777.3,70.38,28.52,41.86,-0.86,2.55,3,Bullish Accumulation,BUY,BULLISH
2025-01-27,2737.5,70.26,28.63,41.63,-0.12,0.11,5,Oversold Recovery,BUY,BULLISH
2025-01-28,2766.8,64.32,32.65,31.67,-5.94,4.02,3,Bullish Accumulation,BUY,BULLISH
2025-01-29,2769.1,70.04,28.13,41.91,5.72,-4.52,3,Bullish Accumulation,BUY,BULLISH
2025-01-30,2823.0,71.83,31.61,40.22,1.79,3.48,3,Bullish Accumulation,BUY,BULLISH
2025-01-31,2812.5,78.52,25.24,53.28,6.69,-6.37,3,Bullish Accumulation,BUY,BULLISH
2025-02-03,2833.9,73.02,30.95,42.07,-5.5,5.71,3,Bullish Accumulation,BUY,BULLISH
2025-02-04,2853.3,68.5,34.65,33.85,-4.52,3.7,3,Bullish Accumulation,BUY,BULLISH
2025-02-05,2871.6,72.5,31.47,41.03,4.0,-3.18,3,Bullish Accumulation,BUY,BULLISH
2025-02-06,2856.0,73.92,30.05,43.87,1.42,-1.42,4,Support Bounce,BUY,BULLISH
2025-02-07,2867.3,74.67,29.31,45.36,0.75,-0.74,3,Bullish Accumulation,BUY,BULLISH
2025-02-10,2914.3,78.1,25.88,52.22,3.43,-3.43,1,Bullish Breakout,BUY,BULLISH
2025-02-11,2912.5,77.39,26.58,50.81,-0.71,0.7,3,Bullish Accumulation,BUY,BULLISH
2025-02-12,2909.0,77.47,26.49,50.98,0.08,-0.09,4,Support Bounce,BUY,BULLISH
2025-02-13,2925.9,78.68,25.29,53.39,1.21,-1.2,1,Bullish Breakout,BUY,BULLISH
2025-02-14,2883.6,74.07,29.9,44.17,-4.61,4.61,5,Oversold Recovery,BUY,BULLISH
2025-02-18,2931.6,74.46,29.53,44.93,0.39,-0.37,3,Bullish Accumulation,BUY,BULLISH
2025-02-19,2919.4,76.31,27.67,48.64,1.85,-1.86,3,Bullish Accumulation,BUY,BULLISH
2025-02-20,2940.0,76.68,27.27,49.41,0.37,-0.4,1,Bullish Breakout,BUY,BULLISH
2025-02-21,2937.6,76.13,27.78,48.35,-0.55,0.51,4,Support Bounce,BUY,BULLISH
2025-02-24,2947.9,77.5,26.35,51.15,1.37,-1.43,1,Bullish Breakout,BUY,BULLISH
2025-02-25,2904.5,79.28,27.88,51.4,1.78,1.53,5,Oversold Recovery,BUY,BULLISH
2025-02-26,2916.8,79.66,27.49,52.17,0.38,-0.39,3,Bullish Accumulation,BUY,BULLISH
2025-02-27,2883.2,80.43,26.77,53.66,0.77,-0.72,5,Oversold Recovery,BUY,BULLISH
2025-02-28,2836.8,67.24,36.19,31.05,-13.19,9.42,5,Oversold Recovery,BUY,BULLISH
2025-03-03,2890.2,71.33,31.27,40.06,4.09,-4.92,3,Bullish Accumulation,BUY,BULLISH
2025-03-04,2909.6,72.42,30.01,42.41,1.09,-1.26,3,Bullish Accumulation,BUY,BULLISH
2025-03-05,2915.3,75.42,26.08,49.34,3.0,-3.93,3,Bullish Accumulation,BUY,BULLISH
2025-03-06,2916.6,74.34,27.79,46.55,-1.08,1.71,3,Bullish Accumulation,BUY,BULLISH
2025-03-07,2904.7,74.54,26.76,47.78,0.2,-1.03,5,Oversold Recovery,BUY,BULLISH
2025-03-10,2891.0,72.78,29.16,43.62,-1.76,2.4,5,Oversold Recovery,BUY,BULLISH
2025-03-11,2912.9,70.39,31.39,39.0,-2.39,2.23,3,Bullish Accumulation,BUY,BULLISH
2025-03-12,2939.1,70.73,30.86,39.87,0.34,-0.53,3,Bullish Accumulation,BUY,BULLISH
2025-03-13,2984.3,79.35,22.03,57.32,8.62,-8.83,1,Bullish Breakout,BUY,BULLISH
2025-03-14,2994.5,78.62,22.71,55.91,-0.73,0.68,3,Bullish Accumulation,BUY,BULLISH
2025-03-17,3000.0,78.59,19.33,59.26,-0.03,-3.38,3,Bullish Accumulation,BUY,BULLISH
2025-03-18,3035.1,78.1,19.73,58.37,-0.49,0.4,2,Bullish but Cooling,HOLD,BULLISH
2025-03-19,3035.9,71.1,26.58,44.52,-7.0,6.85,3,Bullish Accumulation,BUY,BULLISH
2025-03-20,3040.0,67.46,29.11,38.35,-3.64,2.53,3,Bullish Accumulation,BUY,BULLISH
2025-03-21,3018.2,70.8,26.13,44.67,3.34,-2.98,5,Oversold Recovery,BUY,BULLISH
2025-03-24,3013.1,69.92,26.93,42.99,-0.88,0.8,4,Support Bounce,BUY,BULLISH
2025-03-25,3023.7,69.81,26.92,42.89,-0.11,-0.01,3,Bullish Accumulation,BUY,BULLISH
2025-03-26,3020.9,69.77,26.86,42.91,-0.04,-0.06,5,Oversold Recovery,BUY,BULLISH
2025-03-27,3060.2,70.38,28.14,42.24,0.61,1.28,3,Bullish Accumulation,BUY,BULLISH
2025-03-28,3086.5,79.02,23.43,55.59,8.64,-4.71,1,Bullish Breakout,BUY,BULLISH
2025-03-31,3122.8,80.9,21.62,59.28,1.88,-1.81,1,Bullish Breakout,BUY,BULLISH
2025-04-01,3118.9,80.54,22.02,58.52,-0.36,0.4,3,Bullish Accumulation,BUY,BULLISH
2025-04-02,3139.9,80.29,22.31,57.98,-0.25,0.29,3,Bullish Accumulation,BUY,BULLISH
2025-04-03,3097.0,77.97,26.24,51.73,-2.32,3.93,5,Oversold Recovery,BUY,BULLISH
2025-04-04,3012.0,70.55,36.15,34.4,-7.42,9.91,5,Oversold Recovery,BUY,BULLISH
2025-04-07,2951.3,59.95,48.44,11.51,-10.6,12.29,13,Cautious Bullish,HOLD,LEAN BULLISH
2025-04-08,2968.4,63.93,44.51,19.42,3.98,-3.93,13,Cautious Bullish,HOLD,LEAN BULLISH
2025-04-09,3056.5,75.79,31.85,43.94,11.86,-12.66,1,Bullish Breakout,BUY,BULLISH
2025-04-10,3155.2,85.35,19.12,66.23,9.56,-12.73,1,Bullish Breakout,BUY,BULLISH
2025-04-11,3222.2,86.41,18.05,68.36,1.06,-1.07,1,Bullish Breakout,BUY,BULLISH
2025-04-14,3204.8,85.83,18.58,67.25,-0.58,0.53,4,Support Bounce,BUY,BULLISH
2025-04-15,3218.7,85.9,18.42,67.48,0.07,-0.16,3,Bullish Accumulation,BUY,BULLISH
2025-04-16,3326.6,87.47,16.98,70.49,1.57,-1.44,1,Bullish Breakout,BUY,BULLISH
2025-04-17,3308.7,88.07,14.62,73.45,0.6,-2.36,3,Bullish Accumulation,BUY,BULLISH
2025-04-21,3406.2,87.88,16.43,71.45,-0.19,1.81,2,Bullish but Cooling,HOLD,BULLISH
2025-04-22,3400.8,87.88,16.5,71.38,0.0,0.07,3,Bullish Accumulation,BUY,BULLISH
2025-04-23,3276.3,82.0,24.86,57.14,-5.88,8.36,5,Oversold Recovery,BUY,BULLISH
2025-04-24,3332.0,82.16,21.33,60.83,0.16,-3.53,3,Bullish Accumulation,BUY,BULLISH
2025-04-25,3282.4,81.15,22.25,58.9,-1.01,0.92,5,Oversold Recovery,BUY,BULLISH
2025-04-28,3332.5,76.13,26.99,49.14,-5.02,4.74,3,Bullish Accumulation,BUY,BULLISH
2025-04-29,3318.8,75.74,27.43,48.31,-0.39,0.44,3,Bullish Accumulation,BUY,BULLISH
2025-04-30,3305.0,80.1,19.07,61.03,4.36,-8.36,4,Support Bounce,BUY,BULLISH
2025-05-01,3210.0,75.5,26.6,48.9,-4.6,7.53,5,Oversold Recovery,BUY,BULLISH
2025-05-02,3231.9,76.09,26.04,50.05,0.59,-0.56,3,Bullish Accumulation,BUY,BULLISH
2025-05-05,3311.3,79.41,22.42,56.99,3.32,-3.62,1,Bullish Breakout,BUY,BULLISH
2025-05-06,3411.4,81.87,16.8,65.07,2.46,-5.62,1,Bullish Breakout,BUY,BULLISH
2025-05-07,3381.4,81.28,20.58,60.7,-0.59,3.78,4,Support Bounce,BUY,BULLISH
2025-05-08,3296.6,76.58,25.86,50.72,-4.7,5.28,5,Oversold Recovery,BUY,BULLISH
2025-05-09,3335.4,75.08,27.27,47.81,-1.5,1.41,3,Bullish Accumulation,BUY,BULLISH
2025-05-12,3220.0,66.81,34.1,32.71,-8.27,6.83,5,Oversold Recovery,BUY,BULLISH
2025-05-13,3240.3,70.52,31.13,39.39,3.71,-2.97,4,Support Bounce,BUY,BULLISH
2025-05-14,3181.4,56.79,45.77,11.02,-13.73,14.64,13,Cautious Bullish,HOLD,LEAN BULLISH
2025-05-15,3220.7,71.39,30.66,40.73,14.6,-15.11,3,Bullish Accumulation,BUY,BULLISH
2025-05-16,3182.0,53.0,49.53,3.47,-18.39,18.87,12,Dead Zone,HOLD,NEUTRAL
2025-05-19,3228.9,58.88,47.34,11.54,5.88,-2.19,13,Cautious Bullish,HOLD,LEAN BULLISH
2025-05-20,3280.3,59.5,46.67,12.83,0.62,-0.67,13,Cautious Bullish,HOLD,LEAN BULLISH
2025-05-21,3309.3,64.92,41.12,23.8,5.42,-5.55,3,Bullish Accumulation,BUY,BULLISH
2025-05-22,3292.3,77.52,23.43,54.09,12.6,-17.69,5,Oversold Recovery,BUY,BULLISH
2025-05-23,3363.6,73.75,27.98,45.77,-3.77,4.55,3,Bullish Accumulation,BUY,BULLISH
2025-05-27,3299.1,73.87,27.81,46.06,0.12,-0.17,5,Oversold Recovery,BUY,BULLISH
2025-05-28,3293.6,67.01,51.9,15.11,-6.86,24.09,13,Cautious Bullish,HOLD,LEAN BULLISH
2025-05-29,3317.1,75.98,44.59,31.39,8.97,-7.31,1,Bullish Breakout,BUY,BULLISH
2025-05-30,3288.9,67.19,48.61,18.58,-8.79,4.02,13,Cautious Bullish,HOLD,LEAN BULLISH
2025-06-02,3370.6,78.94,25.47,53.47,11.75,-23.14,1,Bullish Breakout,BUY,BULLISH
2025-06-03,3350.2,79.02,28.81,50.21,0.08,3.34,3,Bullish Accumulation,BUY,BULLISH
2025-06-04,3373.5,75.17,28.37,46.8,-3.85,-0.44,3,Bullish Accumulation,BUY,BULLISH
2025-06-05,3350.7,71.29,42.2,29.09,-3.88,13.83,5,Oversold Recovery,BUY,BULLISH
2025-06-06,3322.7,70.44,42.84,27.6,-0.85,0.64,5,Oversold Recovery,BUY,BULLISH
2025-06-09,3332.1,76.46,27.85,48.61,6.02,-14.99,3,Bullish Accumulation,BUY,BULLISH
2025-06-10,3320.9,73.92,38.43,35.49,-2.54,10.58,3,Bullish Accumulation,BUY,BULLISH
2025-06-11,3321.3,84.12,22.53,61.59,10.2,-15.9,4,Support Bounce,BUY,BULLISH
2025-06-12,3380.9,85.7,20.99,64.71,1.58,-1.54,1,Bullish Breakout,BUY,BULLISH
2025-06-13,3431.2,88.79,17.81,70.98,3.09,-3.18,1,Bullish Breakout,BUY,BULLISH
2025-06-16,3396.4,86.02,17.15,68.87,-2.77,-0.66,5,Oversold Recovery,BUY,BULLISH
2025-06-17,3386.6,87.66,15.62,72.04,1.64,-1.53,4,Support Bounce,BUY,BULLISH
2025-06-18,3389.8,89.75,17.49,72.26,2.09,1.87,3,Bullish Accumulation,BUY,BULLISH
2025-06-20,3368.1,87.74,16.13,71.61,-2.01,-1.36,5,Oversold Recovery,BUY,BULLISH
2025-06-23,3377.7,85.44,21.62,63.82,-2.3,5.49,3,Bullish Accumulation,BUY,BULLISH
2025-06-24,3317.4,78.89,28.18,50.71,-6.55,6.56,5,Oversold Recovery,BUY,BULLISH
2025-06-25,3327.1,73.6,38.85,34.75,-5.29,10.67,3,Bullish Accumulation,BUY,BULLISH
2025-06-26,3333.5,82.05,26.13,55.92,8.45,-12.72,3,Bullish Accumulation,BUY,BULLISH
2025-06-27,3273.7,63.37,39.99,23.38,-18.68,13.86,5,Oversold Recovery,BUY,BULLISH
2025-06-30,3294.4,62.6,40.42,22.18,-0.77,0.43,3,Bullish Accumulation,BUY,BULLISH
2025-07-01,3336.7,77.81,24.25,53.56,15.21,-16.17,1,Bullish Breakout,BUY,BULLISH
2025-07-02,3348.0,74.98,32.37,42.61,-2.83,8.12,3,Bullish Accumulation,BUY,BULLISH
2025-07-03,3331.6,65.64,37.57,28.07,-9.34,5.2,5,Oversold Recovery,BUY,BULLISH
2025-07-04,3332.5,66.69,40.92,25.77,1.05,3.35,4,Support Bounce,BUY,BULLISH
2025-07-07,3332.2,63.96,43.52,20.44,-2.73,2.6,4,Support Bounce,BUY,BULLISH
2025-07-08,3307.0,55.99,47.06,8.93,-7.97,3.54,13,Cautious Bullish,HOLD,LEAN BULLISH
2025-07-09,3311.6,52.99,50.01,2.98,-3.0,2.95,12,Dead Zone,HOLD,NEUTRAL
2025-07-10,3317.4,61.71,41.29,20.42,8.72,-8.72,3,Bullish Accumulation,BUY,BULLISH
2025-07-11,3356.0,66.47,35.22,31.25,4.76,-6.07,3,Bullish Accumulation,BUY,BULLISH
2025-07-14,3351.5,62.79,43.13,19.66,-3.68,7.91,13,Cautious Bullish,HOLD,LEAN BULLISH
2025-07-15,3329.8,57.84,46.27,11.57,-4.95,3.14,13,Cautious Bullish,HOLD,LEAN BULLISH
2025-07-16,3352.5,57.99,46.06,11.93,0.15,-0.21,13,Cautious Bullish,HOLD,LEAN BULLISH
2025-07-17,3340.1,56.77,44.01,12.76,-1.22,-2.05,13,Cautious Bullish,HOLD,LEAN BULLISH
2025-07-18,3353.0,56.26,41.61,14.65,-0.51,-2.4,13,Cautious Bullish,HOLD,LEAN BULLISH
2025-07-21,3401.9,69.3,27.68,41.62,13.04,-13.93,3,Bullish Accumulation,BUY,BULLISH
2025-07-22,3439.2,72.89,24.02,48.87,3.59,-3.66,3,Bullish Accumulation,BUY,BULLISH
2025-07-23,3394.1,71.78,25.05,46.73,-1.11,1.03,5,Oversold Recovery,BUY,BULLISH
2025-07-24,3371.0,70.64,29.73,40.91,-1.14,4.68,5,Oversold Recovery,BUY,BULLISH
2025-07-25,3334.0,66.66,33.35,33.31,-3.98,3.62,5,Oversold Recovery,BUY,BULLISH
2025-07-28,3309.1,70.57,27.01,43.56,3.91,-6.34,5,Oversold Recovery,BUY,BULLISH
2025-07-29,3323.4,72.2,33.26,38.94,1.63,6.25,3,Bullish Accumulation,BUY,BULLISH
2025-07-30,3295.8,54.93,53.61,1.32,-17.27,20.35,12,Dead Zone,HOLD,NEUTRAL
2025-07-31,3293.2,51.46,57.86,-6.4,-3.47,4.25,14,Cautious Bearish,HOLD,LEAN BEARISH
2025-08-01,3347.7,77.79,26.96,50.83,26.33,-30.9,1,Bullish Breakout,BUY,BULLISH
2025-08-04,3374.4,80.48,23.4,57.08,2.69,-3.56,3,Bullish Accumulation,BUY,BULLISH
2025-08-05,3381.9,80.49,20.0,60.49,0.01,-3.4,3,Bullish Accumulation,BUY,BULLISH
2025-08-06,3380.0,78.35,22.84,55.51,-2.14,2.84,3,Bullish Accumulation,BUY,BULLISH
2025-08-07,3400.3,79.96,24.8,55.16,1.61,1.96,1,Bullish Breakout,BUY,BULLISH
2025-08-08,3439.1,81.21,24.17,57.04,1.25,-0.63,1,Bullish Breakout,BUY,BULLISH
2025-08-11,3353.1,51.08,60.02,-8.94,-30.13,35.85,14,Cautious Bearish,HOLD,LEAN BEARISH
2025-08-12,3348.9,44.33,65.88,-21.55,-6.75,5.86,8,Bearish Distribution,SELL,BEARISH
2025-08-13,3358.7,65.59,42.28,23.31,21.26,-23.6,3,Bullish Accumulation,BUY,BULLISH
2025-08-14,3335.2,54.86,56.69,-1.83,-10.73,14.41,14,Cautious Bearish,HOLD,LEAN BEARISH
2025-08-15,3336.0,54.97,56.09,-1.12,0.11,-0.6,14,Cautious Bearish,HOLD,LEAN BEARISH
2025-08-18,3331.7,53.65,57.26,-3.61,-1.32,1.17,14,Cautious Bearish,HOLD,LEAN BEARISH
2025-08-19,3313.4,48.67,60.77,-12.1,-4.98,3.51,14,Cautious Bearish,HOLD,LEAN BEARISH
2025-08-20,3343.4,49.17,60.47,-11.3,0.5,-0.3,14,Cautious Bearish,HOLD,LEAN BEARISH
2025-08-21,3336.9,50.49,64.3,-13.81,1.32,3.83,14,Cautious Bearish,HOLD,LEAN BEARISH
2025-08-22,3374.4,70.56,34.57,35.99,20.07,-29.73,3,Bullish Accumulation,BUY,BULLISH
2025-08-25,3373.8,64.66,40.56,24.1,-5.9,5.99,3,Bullish Accumulation,BUY,BULLISH
2025-08-26,3388.6,64.58,36.91,27.67,-0.08,-3.65,3,Bullish Accumulation,BUY,BULLISH
2025-08-27,3404.6,65.0,36.21,28.79,0.42,-0.7,3,Bullish Accumulation,BUY,BULLISH
2025-08-28,3431.8,64.15,37.88,26.27,-0.85,1.67,3,Bullish Accumulation,BUY,BULLISH
2025-08-29,3473.7,60.32,37.92,22.4,-3.83,0.04,3,Bullish Accumulation,BUY,BULLISH
2025-09-02,3549.4,64.74,32.56,32.18,4.42,-5.36,3,Bullish Accumulation,BUY,BULLISH
2025-09-03,3593.2,65.42,31.74,33.68,0.68,-0.82,3,Bullish Accumulation,BUY,BULLISH
2025-09-04,3565.8,64.15,32.49,31.66,-1.27,0.75,5,Oversold Recovery,BUY,BULLISH
2025-09-05,3613.2,65.25,31.43,33.82,1.1,-1.06,3,Bullish Accumulation,BUY,BULLISH
2025-09-08,3638.1,65.99,30.59,35.4,0.74,-0.84,3,Bullish Accumulation,BUY,BULLISH
2025-09-09,3643.3,74.98,21.19,53.79,8.99,-9.4,3,Bullish Accumulation,BUY,BULLISH
2025-09-10,3643.6,74.4,21.47,52.93,-0.58,0.28,4,Support Bounce,BUY,BULLISH
2025-09-11,3636.9,73.71,22.03,51.68,-0.69,0.56,4,Support Bounce,BUY,BULLISH
2025-09-12,3649.4,72.84,23.06,49.78,-0.87,1.03,3,Bullish Accumulation,BUY,BULLISH
2025-09-15,3682.2,73.33,22.52,50.81,0.49,-0.54,3,Bullish Accumulation,BUY,BULLISH
2025-09-16,3688.9,73.13,22.62,50.51,-0.2,0.1,3,Bullish Accumulation,BUY,BULLISH
2025-09-17,3681.8,73.13,22.6,50.53,0.0,-0.02,4,Support Bounce,BUY,BULLISH
2025-09-18,3643.7,72.44,23.09,49.35,-0.69,0.49,5,Oversold Recovery,BUY,BULLISH
2025-09-19,3671.5,72.85,22.34,50.51,0.41,-0.75,3,Bullish Accumulation,BUY,BULLISH
2025-09-22,3740.7,74.79,20.54,54.25,1.94,-1.8,3,Bullish Accumulation,BUY,BULLISH
2025-09-23,3780.6,75.81,19.58,56.23,1.02,-0.96,1,Bullish Breakout,BUY,BULLISH
2025-09-24,3732.1,73.75,21.69,52.06,-2.06,2.11,5,Oversold Recovery,BUY,BULLISH
2025-09-25,3736.9,80.78,12.12,68.66,7.03,-9.57,4,Support Bounce,BUY,BULLISH
2025-09-26,3775.3,76.0,20.58,55.42,-4.78,8.46,2,Bullish but Cooling,HOLD,BULLISH
2025-09-29,3820.9,79.55,15.56,63.99,3.55,-5.02,1,Bullish Breakout,BUY,BULLISH
2025-09-30,3840.8,74.78,22.82,51.96,-4.77,7.26,3,Bullish Accumulation,BUY,BULLISH
2025-10-01,3867.5,75.06,22.54,52.52,0.28,-0.28,3,Bullish Accumulation,BUY,BULLISH
2025-10-02,3839.7,74.76,22.85,51.91,-0.3,0.31,5,Oversold Recovery,BUY,BULLISH
2025-10-03,3880.8,76.07,21.43,54.64,1.31,-1.42,1,Bullish Breakout,BUY,BULLISH
2025-10-06,3948.5,81.35,13.47,67.88,5.28,-7.96,1,Bullish Breakout,BUY,BULLISH
2025-10-07,3976.6,78.99,16.72,62.27,-2.36,3.25,2,Bullish but Cooling,HOLD,BULLISH
2025-10-08,4043.3,75.89,19.03,56.86,-3.1,2.31,2,Bullish but Cooling,HOLD,BULLISH
2025-10-09,3946.3,72.8,22.9,49.9,-3.09,3.87,5,Oversold Recovery,BUY,BULLISH
2025-10-10,3975.9,74.28,21.51,52.77,1.48,-1.39,4,Support Bounce,BUY,BULLISH
2025-10-13,4108.6,79.28,16.55,62.73,5.0,-4.96,1,Bullish Breakout,BUY,BULLISH
2025-10-14,4138.7,77.72,17.35,60.37,-1.56,0.8,3,Bullish Accumulation,BUY,BULLISH
2025-10-15,4176.9,77.26,17.85,59.41,-0.46,0.5,2,Bullish but Cooling,HOLD,BULLISH
2025-10-16,4280.2,78.02,17.18,60.84,0.76,-0.67,1,Bullish Breakout,BUY,BULLISH
2025-10-17,4189.9,80.17,16.04,64.13,2.15,-1.14,5,Oversold Recovery,BUY,BULLISH
2025-10-20,4336.4,82.17,13.3,68.87,2.0,-2.74,1,Bullish Breakout,BUY,BULLISH
2025-10-21,4087.7,73.93,25.05,48.88,-8.24,11.75,5,Oversold Recovery,BUY,BULLISH
2025-10-22,4044.4,72.57,26.35,46.22,-1.36,1.3,4,Support Bounce,BUY,BULLISH
2025-10-23,4125.5,74.16,21.31,52.85,1.59,-5.04,3,Bullish Accumulation,BUY,BULLISH
2025-10-24,4118.4,73.32,25.13,48.19,-0.84,3.82,3,Bullish Accumulation,BUY,BULLISH
2025-10-27,4001.9,69.96,27.06,42.9,-3.36,1.93,5,Oversold Recovery,BUY,BULLISH
2025-10-28,3966.2,65.49,31.8,33.69,-4.47,4.74,4,Support Bounce,BUY,BULLISH
2025-10-29,3983.7,69.63,26.76,42.87,4.14,-5.04,3,Bullish Accumulation,BUY,BULLISH
2025-10-30,4001.3,68.99,27.45,41.54,-0.64,0.69,3,Bullish Accumulation,BUY,BULLISH
2025-10-31,3982.2,65.44,31.82,33.62,-3.55,4.37,3,Bullish Accumulation,BUY,BULLISH
2025-11-03,4000.3,65.0,31.97,33.03,-0.44,0.15,3,Bullish Accumulation,BUY,BULLISH
2025-11-04,3947.7,49.86,50.3,-0.44,-15.14,18.33,12,Dead Zone,HOLD,NEUTRAL
2025-11-05,3980.3,64.67,32.99,31.68,14.81,-17.31,3,Bullish Accumulation,BUY,BULLISH
2025-11-06,3979.9,46.95,52.23,-5.28,-17.72,19.24,12,Dead Zone,HOLD,NEUTRAL
2025-11-07,3999.4,61.02,33.81,27.21,14.07,-18.42,3,Bullish Accumulation,BUY,BULLISH
2025-11-10,4111.8,71.38,24.19,47.19,10.36,-9.62,3,Bullish Accumulation,BUY,BULLISH
2025-11-11,4106.8,61.96,40.7,21.26,-9.42,16.51,3,Bullish Accumulation,BUY,BULLISH
2025-11-12,4204.4,74.99,21.23,53.76,13.03,-19.47,3,Bullish Accumulation,BUY,BULLISH
2025-11-13,4186.9,76.05,21.6,54.45,1.06,0.37,3,Bullish Accumulation,BUY,BULLISH
2025-11-14,4087.6,63.29,39.87,23.42,-12.76,18.27,5,Oversold Recovery,BUY,BULLISH
2025-11-17,4068.3,52.58,45.33,7.25,-10.71,5.46,12,Dead Zone,HOLD,NEUTRAL
2025-11-18,4061.3,60.27,38.52,21.75,7.69,-6.81,4,Support Bounce,BUY,BULLISH
2025-11-19,4077.7,60.81,37.92,22.89,0.54,-0.6,3,Bullish Accumulation,BUY,BULLISH
2025-11-20,4056.5,76.98,18.88,58.1,16.17,-19.04,5,Oversold Recovery,BUY,BULLISH
2025-11-21,4076.7,58.02,40.6,17.42,-18.96,21.72,13,Cautious Bullish,HOLD,LEAN BULLISH
2025-11-24,4091.9,67.5,31.2,36.3,9.48,-9.4,3,Bullish Accumulation,BUY,BULLISH
2025-11-25,4139.2,81.04,14.33,66.71,13.54,-16.87,1,Bullish Breakout,BUY,BULLISH
2025-11-26,4165.2,82.21,13.56,68.65,1.17,-0.77,1,Bullish Breakout,BUY,BULLISH
2025-11-28,4218.3,80.34,13.48,66.86,-1.87,-0.08,2,Bullish but Cooling,HOLD,BULLISH
2025-12-01,4239.3,77.47,17.63,59.84,-2.87,4.15,3,Bullish Accumulation,BUY,BULLISH
2025-12-02,4186.6,76.09,22.34,53.75,-1.38,4.71,5,Oversold Recovery,BUY,BULLISH
2025-12-03,4199.3,73.04,26.25,46.79,-3.05,3.91,3,Bullish Accumulation,BUY,BULLISH
2025-12-04,4211.8,76.26,21.8,54.46,3.22,-4.45,3,Bullish Accumulation,BUY,BULLISH
2025-12-05,4212.9,75.32,19.05,56.27,-0.94,-2.75,3,Bullish Accumulation,BUY,BULLISH
2025-12-08,4187.2,74.49,19.71,54.78,-0.83,0.66,4,Support Bounce,BUY,BULLISH
2025-12-09,4206.7,67.56,26.69,40.87,-6.93,6.98,3,Bullish Accumulation,BUY,BULLISH
2025-12-10,4196.4,70.69,23.34,47.35,3.13,-3.35,4,Support Bounce,BUY,BULLISH
2025-12-11,4285.5,64.43,29.35,35.08,-6.26,6.01,3,Bullish Accumulation,BUY,BULLISH
2025-12-12,4300.1,65.33,28.91,36.42,0.9,-0.44,3,Bullish Accumulation,BUY,BULLISH
2025-12-15,4306.7,73.5,20.0,53.5,8.17,-8.91,3,Bullish Accumulation,BUY,BULLISH
2025-12-16,4304.5,74.32,19.68,54.64,0.82,-0.32,4,Support Bounce,BUY,BULLISH
2025-12-17,4347.5,75.67,18.72,56.95,1.35,-0.96,1,Bullish Breakout,BUY,BULLISH
2025-12-18,4339.5,79.96,14.41,65.55,4.29,-4.31,3,Bullish Accumulation,BUY,BULLISH
2025-12-19,4361.4,77.6,17.78,59.82,-2.36,3.37,2,Bullish but Cooling,HOLD,BULLISH
2025-12-22,4444.6,72.68,21.0,51.68,-4.92,3.22,3,Bullish Accumulation,BUY,BULLISH
2025-12-23,4482.8,73.06,20.47,52.59,0.38,-0.53,3,Bullish Accumulation,BUY,BULLISH
2025-12-24,4480.6,72.47,20.76,51.71,-0.59,0.29,3,Bullish Accumulation,BUY,BULLISH
2025-12-26,4529.1,71.03,20.55,50.48,-1.44,-0.21,3,Bullish Accumulation,BUY,BULLISH
2025-12-29,4325.1,63.2,29.82,33.38,-7.83,9.27,5,Oversold Recovery,BUY,BULLISH
2025-12-30,4370.1,63.52,29.94,33.58,0.32,0.12,3,Bullish Accumulation,BUY,BULLISH
2025-12-31,4325.6,62.66,34.12,28.54,-0.86,4.18,5,Oversold Recovery,BUY,BULLISH
2026-01-02,4314.4,62.86,33.89,28.97,0.2,-0.23,4,Support Bounce,BUY,BULLISH
2026-01-05,4436.9,65.58,26.98,38.6,2.72,-6.91,3,Bullish Accumulation,BUY,BULLISH
2026-01-06,4482.2,66.56,25.65,40.91,0.98,-1.33,3,Bullish Accumulation,BUY,BULLISH
2026-01-07,4449.3,65.55,29.93,35.62,-1.01,4.28,5,Oversold Recovery,BUY,BULLISH
2026-01-08,4449.7,66.29,29.91,36.38,0.74,-0.02,3,Bullish Accumulation,BUY,BULLISH
2026-01-09,4490.3,66.89,25.67,41.22,0.6,-4.24,3,Bullish Accumulation,BUY,BULLISH
2026-01-12,4604.3,70.22,20.43,49.79,3.33,-5.24,3,Bullish Accumulation,BUY,BULLISH
2026-01-13,4589.2,68.7,25.13,43.57,-1.52,4.7,4,Support Bounce,BUY,BULLISH
2026-01-14,4626.3,69.27,24.76,44.51,0.57,-0.37,3,Bullish Accumulation,BUY,BULLISH
2026-01-15,4616.3,69.77,25.14,44.63,0.5,0.38,4,Support Bounce,BUY,BULLISH
2026-01-16,4588.4,68.28,26.47,41.81,-1.49,1.33,5,Oversold Recovery,BUY,BULLISH
2026-01-20,4759.6,66.79,24.29,42.5,-1.49,-2.18,3,Bullish Accumulation,BUY,BULLISH
2026-01-21,4831.8,65.41,25.96,39.45,-1.38,1.67,3,Bullish Accumulation,BUY,BULLISH
2026-01-22,4908.8,64.34,28.54,35.8,-1.07,2.58,3,Bullish Accumulation,BUY,BULLISH
2026-01-23,4976.2,63.68,28.27,35.41,-0.66,-0.27,3,Bullish Accumulation,BUY,BULLISH
2026-01-26,5079.7,63.45,28.15,35.3,-0.23,-0.12,3,Bullish Accumulation,BUY,BULLISH
2026-01-27,5079.9,63.18,28.19,34.99,-0.27,0.04,3,Bullish Accumulation,BUY,BULLISH
2026-01-28,5301.6,80.75,17.97,62.78,17.57,-10.22,1,Bullish Breakout,BUY,BULLISH
2026-01-29,5318.4,78.22,17.99,60.23,-2.53,0.02,2,Bullish but Cooling,HOLD,BULLISH
2026-01-30,4713.9,66.17,32.46,33.71,-12.05,14.47,5,Oversold Recovery,BUY,BULLISH
2026-02-02,4622.5,65.48,33.27,32.21,-0.69,0.81,4,Support Bounce,BUY,BULLISH
2026-02-03,4903.7,67.91,30.87,37.04,2.43,-2.4,3,Bullish Accumulation,BUY,BULLISH
2026-02-04,4920.4,67.69,31.19,36.5,-0.22,0.32,3,Bullish Accumulation,BUY,BULLISH
2026-02-05,4861.4,68.65,30.08,38.57,0.96,-1.11,4,Support Bounce,BUY,BULLISH
2026-02-06,4951.2,70.68,27.82,42.86,2.03,-2.26,3,Bullish Accumulation,BUY,BULLISH
2026-02-09,5050.9,69.09,29.11,39.98,-1.59,1.29,3,Bullish Accumulation,BUY,BULLISH
2026-02-10,5003.8,68.03,30.05,37.98,-1.06,0.94,4,Support Bounce,BUY,BULLISH
2026-02-11,5071.6,68.16,29.99,38.17,0.13,-0.06,3,Bullish Accumulation,BUY,BULLISH
2026-02-12,4923.7,64.79,34.12,30.67,-3.37,4.13,5,Oversold Recovery,BUY,BULLISH
2026-02-13,5022.0,64.74,33.85,30.89,-0.05,-0.27,3,Bullish Accumulation,BUY,BULLISH
2026-02-17,4882.9,62.8,35.72,27.08,-1.94,1.87,5,Oversold Recovery,BUY,BULLISH
2026-02-18,4986.5,62.97,35.62,27.35,0.17,-0.1,3,Bullish Accumulation,BUY,BULLISH
2026-02-19,4975.9,63.12,34.81,28.31,0.15,-0.81,3,Bullish Accumulation,BUY,BULLISH
2026-02-20,5080.9,75.29,29.76,45.53,12.17,-5.05,1,Bullish Breakout,BUY,BULLISH
2026-02-23,5204.7,72.38,32.63,39.75,-2.91,2.87,3,Bullish Accumulation,BUY,BULLISH
2026-02-24,5155.8,77.89,25.45,52.44,5.51,-7.18,4,Support Bounce,BUY,BULLISH
2026-02-25,5206.4,77.79,25.6,52.19,-0.1,0.15,2,Bullish but Cooling,HOLD,BULLISH
2026-02-26,5176.5,77.43,25.92,51.51,-0.36,0.32,5,Oversold Recovery,BUY,BULLISH
2026-02-27,5230.5,65.36,45.67,19.69,-12.07,19.75,13,Cautious Bullish,HOLD,LEAN BULLISH
2026-03-02,5294.4,74.91,27.05,47.86,9.55,-18.62,3,Bullish Accumulation,BUY,BULLISH
2026-03-03,5107.4,85.34,15.99,69.35,10.43,-11.06,5,Oversold Recovery,BUY,BULLISH
2026-03-04,5193.7,78.89,25.73,53.16,-6.45,9.74,3,Bullish Accumulation,BUY,BULLISH
2026-03-05,5065.3,75.27,30.19,45.08,-3.62,4.46,5,Oversold Recovery,BUY,BULLISH
2026-03-06,5146.1,75.8,29.68,46.12,0.53,-0.51,1,Bullish Breakout,BUY,BULLISH
2026-03-09,5091.5,75.16,30.26,44.9,-0.64,0.58,5,Oversold Recovery,BUY,BULLISH
2026-03-10,5224.6,77.39,24.98,52.41,2.23,-5.28,1,Bullish Breakout,BUY,BULLISH
2026-03-11,5160.0,76.58,29.59,46.99,-0.81,4.61,5,Oversold Recovery,BUY,BULLISH
2026-03-12,5102.2,78.16,27.33,50.83,1.58,-2.26,5,Oversold Recovery,BUY,BULLISH
2026-03-13,5061.7,59.1,57.7,1.4,-19.06,30.37,11,Tug of War,HOLD,CONFLICT
2026-03-16,5018.4,75.76,32.28,43.48,16.66,-25.42,4,Support Bounce,BUY,BULLISH
2026-03-17,5016.5,57.81,58.96,-1.15,-17.95,26.68,11,Tug of War,HOLD,CONFLICT
2026-03-18,4837.4,47.01,69.75,-22.74,-10.8,10.79,14,Cautious Bearish,HOLD,LEAN BEARISH
2026-03-19,4647.1,33.89,76.64,-42.75,-13.12,6.89,6,Bearish Breakdown,SELL,BEARISH
2026-03-20,4574.9,33.45,77.17,-43.72,-0.44,0.53,6,Bearish Breakdown,SELL,BEARISH
2026-03-22,4458.0,31.84,78.76,-46.92,-1.61,1.59,8,Bearish Distribution,SELL,BEARISH
2026-03-23,4441.2,31.23,79.37,-48.14,-0.61,0.61,8,Bearish Distribution,SELL,BEARISH
2026-03-24,4569.5,33.63,76.14,-42.51,2.4,-3.23,9,Resistance Rejection,SELL,BEARISH
2026-03-25,4504.2,33.37,76.39,-43.02,-0.26,0.25,8,Bearish Distribution,SELL,BEARISH
2026-03-26,4433.1,32.08,77.07,-44.99,-1.29,0.68,6,Bearish Breakdown,SELL,BEARISH
2026-03-27,4524.3,40.23,80.28,-40.05,8.15,3.21,9,Resistance Rejection,SELL,BEARISH
2026-03-29,4532.7,45.42,75.11,-29.69,5.19,-5.17,14,Cautious Bearish,HOLD,LEAN BEARISH
2026-03-30,4592.5,45.56,74.95,-29.39,0.14,-0.16,14,Cautious Bearish,HOLD,LEAN BEARISH
2026-03-31,4711.6,53.21,68.98,-15.77,7.65,-5.97,14,Cautious Bearish,HOLD,LEAN BEARISH
2026-04-01,4705.2,53.73,68.49,-14.76,0.52,-0.49,14,Cautious Bearish,HOLD,LEAN BEARISH
2026-04-02,4702.7,53.09,69.11,-16.02,-0.64,0.62,14,Cautious Bearish,HOLD,LEAN BEARISH
2026-04-05,4657.7,58.07,64.12,-6.05,4.98,-4.99,11,Tug of War,HOLD,CONFLICT
