Date,Price,Net_Score,Gross_Score,D1_Return,D2_Volume,D3_RSI,D4_MA,D5_Volatility,D6_External,RSI,Volatility_Pct,Penalty_Scaled,Warning_Flags,Tier,As_Of_Running,Exhaust_Scenario
2025-03-13,2984.3,15.7,20.24,29.44,12.0,30,0,10,40.0,56.77,15.91,-4.55,✨ Golden Cross (sell penalty),No Sell Signal,backfill,
2025-03-14,2994.5,16.37,20.92,33.55,11.96,30,0,10,40.0,56.76,15.84,-4.55,✨ Golden Cross (sell penalty),No Sell Signal,backfill,
2025-03-17,3000.0,16.31,20.86,33.27,11.86,30,0,10,40.0,65.57,14.78,-4.55,✨ Golden Cross (sell penalty),No Sell Signal,backfill,
2025-03-18,3035.1,14.19,18.73,20.65,11.74,30,0,10,40.0,67.95,14.25,-4.55,✨ Golden Cross (sell penalty),No Sell Signal,backfill,
2025-03-19,3035.9,19.34,23.88,21.75,11.56,50,0,10,50.0,75.73,14.1,-4.55,✨ Golden Cross (sell penalty),No Sell Signal,backfill,
2025-03-20,3040.0,17.65,22.2,21.94,11.23,40,0,10,50.0,89.94,13.98,-4.55,✨ Golden Cross (sell penalty),No Sell Signal,backfill,
2025-03-21,3018.2,21.24,25.78,34.03,10.67,50,0,10,50.0,78.73,14.3,-4.55,✨ Golden Cross (sell penalty),No Sell Signal,backfill,Sell Recovery
2025-03-24,3013.1,22.03,26.57,38.85,10.59,50,0,10,50.0,74.82,14.31,-4.55,✨ Golden Cross (sell penalty),No Sell Signal,backfill,Sell Recovery
2025-03-25,3023.7,22.0,26.54,38.81,10.44,50,0,10,50.0,75.4,13.11,-4.55,✨ Golden Cross (sell penalty),No Sell Signal,backfill,Sell Recovery
2025-03-26,3020.9,21.91,26.46,38.43,10.32,50,0,10,50.0,74.27,13.12,-4.55,✨ Golden Cross (sell penalty),No Sell Signal,backfill,
2025-03-27,3060.2,19.57,24.11,31.11,13.56,40,0,10,50.0,82.09,12.72,-4.55,✨ Golden Cross (sell penalty),No Sell Signal,backfill,
2025-03-28,3086.5,16.78,21.32,23.53,14.42,40,0,10,40.0,88.35,10.77,-4.55,✨ Golden Cross (sell penalty),No Sell Signal,backfill,
2025-03-31,3122.8,15.03,19.57,12.9,14.54,40,0,10,40.0,88.97,9.8,-4.55,✨ Golden Cross (sell penalty),No Sell Signal,backfill,
2025-04-01,3118.9,15.45,19.99,15.36,14.6,40,0,10,40.0,86.4,9.9,-4.55,✨ Golden Cross (sell penalty),No Sell Signal,backfill,
2025-04-02,3139.9,15.77,20.32,17.24,14.67,40,0,10,40.0,84.92,9.94,-4.55,✨ Golden Cross (sell penalty),No Sell Signal,backfill,
2025-04-03,3097.0,18.85,23.39,30.75,14.61,50,0,10,35.0,70.06,11.59,-4.55,✨ Golden Cross (sell penalty),No Sell Signal,backfill,
2025-04-04,3012.0,19.59,24.13,55.2,14.6,30,0,10,35.0,51.79,15.54,-4.55,✨ Golden Cross (sell penalty),No Sell Signal,backfill,
2025-04-07,2951.3,33.91,38.45,69.05,36.67,80,0,10,35.0,38.38,17.2,-4.55,✨ Golden Cross (sell penalty),No Sell Signal,backfill,Sell Recovery
2025-04-08,2968.4,26.34,30.88,65.56,14.74,60,0,10,35.0,41.05,17.12,-4.55,✨ Golden Cross (sell penalty),No Sell Signal,backfill,Sell Recovery
2025-04-09,3056.5,17.87,22.41,44.68,14.78,30,0,10,35.0,51.79,19.65,-4.55,✨ Golden Cross (sell penalty),No Sell Signal,backfill,
2025-04-10,3155.2,16.08,20.63,18.73,15.04,30,0,25,35.0,62.74,21.84,-4.55,✨ Golden Cross (sell penalty),No Sell Signal,backfill,
2025-04-11,3222.2,15.01,19.55,12.3,15.02,30,0,25,35.0,67.43,22.75,-4.55,✨ Golden Cross (sell penalty),No Sell Signal,backfill,
2025-04-14,3204.8,15.5,20.04,15.32,14.94,30,0,25,35.0,64.93,22.96,-4.55,✨ Golden Cross (sell penalty),No Sell Signal,backfill,
2025-04-15,3218.7,15.26,19.81,14.09,14.77,30,0,25,35.0,66.01,22.77,-4.55,✨ Golden Cross (sell penalty),No Sell Signal,backfill,
2025-04-16,3326.6,13.91,18.46,5.77,14.98,30,0,25,35.0,69.41,25.05,-4.55,✨ Golden Cross (sell penalty),No Sell Signal,backfill,
2025-04-17,3308.7,14.81,19.36,6.33,14.82,30,0,25,40.0,66.39,25.27,-4.55,✨ Golden Cross (sell penalty),No Sell Signal,backfill,
2025-04-21,3406.2,13.25,17.8,2.06,14.73,30,0,25,35.0,69.17,26.32,-4.55,✨ Golden Cross (sell penalty),No Sell Signal,backfill,
2025-04-22,3400.8,13.38,17.93,2.72,14.86,30,0,25,35.0,69.03,26.32,-4.55,✨ Golden Cross (sell penalty),No Sell Signal,backfill,
2025-04-23,3276.3,20.9,25.45,12.86,14.85,30,0,55,40.0,58.08,30.21,-4.55,✨ Golden Cross (sell penalty),No Sell Signal,backfill,Sell Recovery
2025-04-24,3332.0,20.67,25.22,11.55,14.77,30,0,55,40.0,63.71,30.46,-4.55,✨ Golden Cross (sell penalty),No Sell Signal,backfill,Sell Recovery
2025-04-25,3282.4,21.52,26.07,16.79,14.62,30,0,55,40.0,66.46,31.07,-4.55,✨ Golden Cross (sell penalty),No Sell Signal,backfill,Sell Recovery
2025-04-28,3332.5,24.37,28.92,14.38,14.11,50,0,55,40.0,73.51,31.29,-4.55,✨ Golden Cross (sell penalty),No Sell Signal,backfill,Sell Recovery
2025-04-29,3318.8,24.85,29.4,17.18,14.2,50,0,55,40.0,71.7,31.28,-4.55,✨ Golden Cross (sell penalty),No Sell Signal,backfill,Sell Recovery
2025-04-30,3305.0,21.29,25.84,16.69,13.33,30,0,55,40.0,66.95,31.34,-4.55,✨ Golden Cross (sell penalty),No Sell Signal,backfill,
2025-05-01,3210.0,25.41,29.96,41.87,12.87,30,0,55,40.0,53.76,33.18,-4.55,✨ Golden Cross (sell penalty),No Sell Signal,backfill,Sell Recovery
2025-05-02,3231.9,24.86,29.41,38.53,12.91,30,0,55,40.0,50.71,32.76,-4.55,✨ Golden Cross (sell penalty),No Sell Signal,backfill,Sell Recovery
2025-05-05,3311.3,21.17,25.72,16.79,12.54,30,0,55,40.0,57.14,31.73,-4.55,✨ Golden Cross (sell penalty),No Sell Signal,backfill,
2025-05-06,3411.4,18.93,23.47,3.1,12.73,30,0,55,40.0,61.57,31.5,-4.55,✨ Golden Cross (sell penalty),No Sell Signal,backfill,
2025-05-07,3381.4,19.34,23.88,5.73,12.56,30,0,55,40.0,53.63,31.99,-4.55,✨ Golden Cross (sell penalty),No Sell Signal,backfill,
2025-05-08,3296.6,25.41,29.96,12.46,12.27,60,0,55,40.0,49.26,32.65,-4.55,✨ Golden Cross (sell penalty),No Sell Signal,backfill,
2025-05-09,3335.4,24.3,28.84,5.89,12.15,60,0,55,40.0,45.36,31.15,-4.55,✨ Golden Cross (sell penalty),No Sell Signal,backfill,
2025-05-12,3220.0,31.17,35.72,41.85,12.45,80,0,55,25.0,39.64,32.96,-4.55,✨ Golden Cross (sell penalty),No Sell Signal,backfill,Sell Recovery
2025-05-13,3240.3,31.68,36.23,44.03,33.33,60,0,55,25.0,47.66,32.96,-4.55,✨ Golden Cross (sell penalty),No Sell Signal,backfill,Sell Recovery
2025-05-14,3181.4,49.49,54.03,46.45,82.74,60,0,55,80.0,40.24,33.56,-4.55,✨ Golden Cross (sell penalty),Moderate,backfill,Sell Recovery
2025-05-15,3220.7,31.41,35.95,41.21,34.51,60,0,55,25.0,45.95,31.61,-4.55,✨ Golden Cross (sell penalty),No Sell Signal,backfill,Sell Recovery
2025-05-16,3182.0,53.18,57.73,48.91,82.45,80,0,55,80.0,39.97,31.8,-4.55,✨ Golden Cross (sell penalty),Moderate,backfill,Sell Recovery
2025-05-19,3228.9,48.42,52.96,40.65,82.12,60,0,55,80.0,44.26,30.36,-4.55,✨ Golden Cross (sell penalty),Moderate,backfill,Sell Recovery
2025-05-20,3280.3,47.57,52.12,36.33,81.38,60,0,55,80.0,48.5,31.02,-4.55,✨ Golden Cross (sell penalty),Moderate,backfill,Sell Recovery
2025-05-21,3309.3,38.32,42.87,32.46,79.76,30,0,25,90.0,56.58,28.43,-4.55,✨ Golden Cross (sell penalty),No Sell Signal,backfill,
2025-05-22,3292.3,18.22,22.77,32.88,33.74,30,0,25,15.0,54.03,27.86,-4.55,✨ Golden Cross (sell penalty),No Sell Signal,backfill,
2025-05-23,3363.6,20.24,24.79,20.16,33.55,30,0,25,40.0,53.52,28.34,-4.55,✨ Golden Cross (sell penalty),No Sell Signal,backfill,
2025-05-27,3299.1,23.37,27.92,24.11,33.39,60,0,25,25.0,42.05,28.71,-4.55,✨ Golden Cross (sell penalty),No Sell Signal,backfill,
2025-05-28,3293.6,44.9,49.44,31.65,100.0,60,0,25,80.0,43.56,28.68,-4.55,✨ Golden Cross (sell penalty),No Sell Signal,backfill,
2025-05-29,3317.1,36.42,40.97,25.79,100.0,30,0,25,65.0,51.65,28.76,-4.55,✨ Golden Cross (sell penalty),No Sell Signal,backfill,
2025-05-30,3288.9,41.69,46.24,27.44,100.0,60,0,25,65.0,46.19,26.97,-4.55,✨ Golden Cross (sell penalty),No Sell Signal,backfill,Sell Recovery
2025-06-02,3370.6,18.05,22.6,14.17,16.43,30,0,25,50.0,63.07,28.13,-4.55,✨ Golden Cross (sell penalty),No Sell Signal,backfill,
2025-06-03,3350.2,18.11,22.66,14.38,16.57,30,0,25,50.0,59.53,27.04,-4.55,✨ Golden Cross (sell penalty),No Sell Signal,backfill,
2025-06-04,3373.5,22.5,27.04,16.39,40.86,30,0,25,50.0,67.76,24.96,-4.55,✨ Golden Cross (sell penalty),No Sell Signal,backfill,
2025-06-05,3350.7,35.48,40.02,23.45,96.69,30,0,25,65.0,62.4,24.89,-4.55,✨ Golden Cross (sell penalty),No Sell Signal,backfill,
2025-06-06,3322.7,36.04,40.59,27.76,95.76,30,0,25,65.0,63.7,23.42,-4.55,✨ Golden Cross (sell penalty),No Sell Signal,backfill,
2025-06-09,3332.1,24.42,28.96,28.13,40.64,30,0,25,50.0,60.84,23.08,-4.55,✨ Golden Cross (sell penalty),No Sell Signal,backfill,Sell Recovery
2025-06-10,3320.9,33.12,37.67,27.62,93.38,30,0,10,65.0,54.66,19.41,-4.55,✨ Golden Cross (sell penalty),No Sell Signal,backfill,Sell Recovery
2025-06-11,3321.3,17.41,21.95,25.73,15.97,30,0,10,50.0,51.47,19.34,-4.55,✨ Golden Cross (sell penalty),No Sell Signal,backfill,
2025-06-12,3380.9,15.9,20.44,16.63,16.04,30,0,10,50.0,59.85,18.78,-4.55,✨ Golden Cross (sell penalty),No Sell Signal,backfill,
2025-06-13,3431.2,12.65,17.19,7.28,15.87,30,0,10,40.0,57.88,18.96,-4.55,✨ Golden Cross (sell penalty),No Sell Signal,backfill,
2025-06-16,3396.4,15.24,19.78,13.02,15.69,30,0,10,50.0,62.19,18.78,-4.55,✨ Golden Cross (sell penalty),No Sell Signal,backfill,
2025-06-17,3386.6,13.79,18.34,14.13,15.89,30,0,10,40.0,61.53,18.42,-4.55,✨ Golden Cross (sell penalty),No Sell Signal,backfill,
2025-06-18,3389.8,13.83,18.38,14.76,15.52,30,0,10,40.0,59.49,17.75,-4.55,✨ Golden Cross (sell penalty),No Sell Signal,backfill,
2025-06-20,3368.1,15.78,20.32,26.47,15.46,30,0,10,40.0,60.52,17.76,-4.55,✨ Golden Cross (sell penalty),No Sell Signal,backfill,
2025-06-23,3377.7,17.83,22.37,29.01,15.22,30,0,10,50.0,51.17,17.63,-4.55,✨ Golden Cross (sell penalty),No Sell Signal,backfill,Sell Recovery
2025-06-24,3317.4,27.37,31.92,33.41,38.11,60,0,10,50.0,45.24,17.19,-4.55,✨ Golden Cross (sell penalty),No Sell Signal,backfill,Sell Recovery
2025-06-25,3327.1,39.15,43.7,36.9,90.29,60,0,10,65.0,42.99,15.84,-4.55,✨ Golden Cross (sell penalty),No Sell Signal,backfill,Sell Recovery
2025-06-26,3333.5,27.32,31.87,31.9,39.32,60,0,10,50.0,47.26,15.82,-4.55,✨ Golden Cross (sell penalty),No Sell Signal,backfill,Sell Recovery
2025-06-27,3273.7,44.43,48.98,41.59,82.29,60,35,10,65.0,42.92,16.87,-4.55,✨ Golden Cross (sell penalty),No Sell Signal,backfill,Sell Recovery
2025-06-30,3294.4,43.91,48.46,42.68,78.07,60,35,10,65.0,44.73,16.78,-4.55,✨ Golden Cross (sell penalty),No Sell Signal,backfill,Sell Recovery
2025-07-01,3336.7,21.26,25.81,32.78,32.06,30,0,10,50.0,52.03,14.97,-4.55,✨ Golden Cross (sell penalty),No Sell Signal,backfill,
2025-07-02,3348.0,31.06,35.61,33.37,75.26,30,0,10,65.0,53.34,14.88,-4.55,✨ Golden Cross (sell penalty),No Sell Signal,backfill,
2025-07-03,3331.6,35.92,40.46,37.74,70.05,60,0,10,65.0,43.08,14.75,-4.55,✨ Golden Cross (sell penalty),No Sell Signal,backfill,Sell Recovery
2025-07-04,3332.5,38.82,43.37,37.1,68.1,80,0,10,65.0,33.92,14.57,-4.55,✨ Golden Cross (sell penalty),No Sell Signal,backfill,
2025-07-07,3332.2,38.57,43.11,37.14,66.52,80,0,10,65.0,38.22,14.27,-4.55,✨ Golden Cross (sell penalty),No Sell Signal,backfill,
2025-07-08,3307.0,44.92,49.47,38.87,67.93,80,35,10,65.0,36.17,14.48,-4.55,✨ Golden Cross (sell penalty),No Sell Signal,backfill,Sell Recovery
2025-07-09,3311.6,45.25,49.8,41.41,67.38,80,35,10,65.0,36.48,14.45,-4.55,✨ Golden Cross (sell penalty),Moderate,backfill,Sell Recovery
2025-07-10,3317.4,36.55,41.1,44.13,67.45,60,0,10,65.0,40.72,14.46,-4.55,✨ Golden Cross (sell penalty),No Sell Signal,backfill,
2025-07-11,3356.0,27.47,32.01,43.59,28.47,60,0,10,50.0,46.41,13.61,-4.55,✨ Golden Cross (sell penalty),No Sell Signal,backfill,
2025-07-14,3351.5,32.64,37.19,50.26,67.86,30,0,10,65.0,56.92,12.44,-4.55,✨ Golden Cross (sell penalty),No Sell Signal,backfill,
2025-07-15,3329.8,35.41,39.96,53.53,66.21,30,0,10,80.0,50.52,12.16,-4.55,✨ Golden Cross (sell penalty),No Sell Signal,backfill,
2025-07-16,3352.5,35.03,39.57,52.0,65.43,30,0,10,80.0,53.46,12.43,-4.55,✨ Golden Cross (sell penalty),No Sell Signal,backfill,
2025-07-17,3340.1,36.49,41.03,59.96,66.24,30,0,10,80.0,64.6,12.47,-4.55,✨ Golden Cross (sell penalty),No Sell Signal,backfill,
2025-07-18,3353.0,34.05,38.59,60.54,66.02,30,0,10,65.0,63.34,12.38,-4.55,✨ Golden Cross (sell penalty),No Sell Signal,backfill,Sell Recovery
2025-07-21,3401.9,22.16,26.71,43.37,26.87,30,0,10,50.0,64.41,13.37,-4.55,✨ Golden Cross (sell penalty),No Sell Signal,backfill,
2025-07-22,3439.2,20.96,25.5,36.39,26.62,30,0,10,50.0,68.08,12.07,-4.55,✨ Golden Cross (sell penalty),No Sell Signal,backfill,
2025-07-23,3394.1,19.32,23.86,42.6,10.57,30,0,10,50.0,61.12,13.12,-4.55,✨ Golden Cross (sell penalty),No Sell Signal,backfill,
2025-07-24,3371.0,23.4,27.94,50.63,27.03,30,0,10,50.0,56.35,13.39,-4.55,✨ Golden Cross (sell penalty),No Sell Signal,backfill,
2025-07-25,3334.0,29.34,33.89,52.36,25.96,30,35,10,50.0,50.26,12.35,-4.55,✨ Golden Cross (sell penalty),No Sell Signal,backfill,
2025-07-28,3309.1,26.38,30.92,59.33,26.2,30,35,10,25.0,50.31,12.51,-4.55,✨ Golden Cross (sell penalty),No Sell Signal,backfill,Sell Recovery
2025-07-29,3323.4,28.37,32.92,59.09,38.42,30,35,10,25.0,51.69,11.76,-4.55,✨ Golden Cross (sell penalty),No Sell Signal,backfill,Sell Recovery
2025-07-30,3295.8,51.8,56.34,68.79,84.26,60,35,10,80.0,47.09,12.01,-4.55,✨ Golden Cross (sell penalty),Moderate,backfill,Sell Recovery
2025-07-31,3293.2,52.7,57.25,74.4,84.07,60,35,10,80.0,40.63,11.91,-4.55,✨ Golden Cross (sell penalty),Moderate,backfill,Sell Recovery
2025-08-01,3347.7,25.35,29.89,59.15,35.21,60,0,10,15.0,49.51,13.3,-4.55,✨ Golden Cross (sell penalty),No Sell Signal,backfill,
2025-08-04,3374.4,20.92,25.46,52.7,35.07,30,0,10,25.0,55.72,13.57,-4.55,✨ Golden Cross (sell penalty),No Sell Signal,backfill,
2025-08-05,3381.9,20.81,25.36,52.28,34.87,30,0,10,25.0,53.92,13.24,-4.55,✨ Golden Cross (sell penalty),No Sell Signal,backfill,
2025-08-06,3380.0,16.8,21.34,49.29,13.78,30,0,10,25.0,55.48,13.25,-4.55,✨ Golden Cross (sell penalty),No Sell Signal,backfill,
2025-08-07,3400.3,15.51,20.06,41.25,14.1,30,0,10,25.0,56.36,13.36,-4.55,✨ Golden Cross (sell penalty),No Sell Signal,backfill,
2025-08-08,3439.1,15.38,19.93,39.35,15.21,30,0,10,25.0,55.14,13.34,-4.55,✨ Golden Cross (sell penalty),No Sell Signal,backfill,
2025-08-11,3353.1,50.42,54.97,68.12,91.69,80,0,10,80.0,39.51,16.14,-4.55,✨ Golden Cross (sell penalty),Moderate,backfill,Sell Recovery
2025-08-12,3348.9,53.76,58.31,73.37,91.48,60,35,10,80.0,43.88,15.97,-4.55,✨ Golden Cross (sell penalty),Moderate,backfill,Sell Recovery
2025-08-13,3358.7,33.12,37.67,67.98,38.05,60,0,10,50.0,48.27,15.83,-4.55,✨ Golden Cross (sell penalty),No Sell Signal,backfill,Sell Recovery
2025-08-14,3335.2,46.14,50.69,74.05,90.07,30,35,10,65.0,50.18,15.97,-4.55,✨ Golden Cross (sell penalty),Moderate,backfill,Sell Recovery
2025-08-15,3336.0,45.38,49.92,71.59,87.95,30,35,10,65.0,54.22,15.91,-4.55,✨ Golden Cross (sell penalty),Moderate,backfill,Sell Recovery
2025-08-18,3331.7,46.51,51.05,78.99,87.33,30,35,10,65.0,51.35,14.97,-4.55,✨ Golden Cross (sell penalty),Moderate,backfill,
2025-08-19,3313.4,50.08,54.63,84.56,88.21,30,35,10,80.0,52.94,14.38,-4.55,✨ Golden Cross (sell penalty),Moderate,backfill,
2025-08-20,3343.4,49.84,54.39,82.28,89.05,30,35,10,80.0,57.69,14.23,-4.55,✨ Golden Cross (sell penalty),Moderate,backfill,Sell Recovery
2025-08-21,3336.9,54.43,58.98,80.79,88.07,60,35,10,80.0,48.06,14.07,-4.55,✨ Golden Cross (sell penalty),Moderate,backfill,Sell Recovery
2025-08-22,3374.4,24.28,28.83,70.99,36.98,30,0,10,25.0,50.0,14.08,-4.55,✨ Golden Cross (sell penalty),No Sell Signal,backfill,
2025-08-25,3373.8,28.73,33.28,67.26,37.4,60,0,10,25.0,48.57,13.77,-4.55,✨ Golden Cross (sell penalty),No Sell Signal,backfill,
2025-08-26,3388.6,23.27,27.82,63.75,13.17,30,0,10,50.0,51.46,13.77,-4.55,✨ Golden Cross (sell penalty),No Sell Signal,backfill,
2025-08-27,3404.6,22.52,27.06,59.54,12.82,30,0,10,50.0,50.74,13.4,-4.55,✨ Golden Cross (sell penalty),No Sell Signal,backfill,
2025-08-28,3431.8,25.01,29.56,44.54,12.79,60,0,10,50.0,48.69,13.54,-4.55,✨ Golden Cross (sell penalty),No Sell Signal,backfill,
2025-08-29,3473.7,23.29,27.84,44.78,12.24,50,0,10,50.0,75.62,13.03,-4.55,✨ Golden Cross (sell penalty),No Sell Signal,backfill,
2025-09-02,3549.4,18.75,23.29,27.64,12.11,40,0,10,50.0,82.67,14.62,-4.55,✨ Golden Cross (sell penalty),No Sell Signal,backfill,
2025-09-03,3593.2,17.89,22.44,22.7,11.94,40,0,10,50.0,84.39,15.01,-4.55,✨ Golden Cross (sell penalty),No Sell Signal,backfill,
2025-09-04,3565.8,18.55,23.09,27.22,11.33,40,0,10,50.0,83.44,15.41,-4.55,✨ Golden Cross (sell penalty),No Sell Signal,backfill,
2025-09-05,3613.2,17.49,22.04,20.87,11.37,40,0,10,50.0,85.41,15.81,-4.55,✨ Golden Cross (sell penalty),No Sell Signal,backfill,
2025-09-08,3638.1,16.63,21.18,15.83,11.25,40,0,10,50.0,87.18,15.59,-4.55,✨ Golden Cross (sell penalty),No Sell Signal,backfill,
2025-09-09,3643.3,17.15,21.7,19.42,10.76,40,0,10,50.0,91.35,11.87,-4.55,✨ Golden Cross (sell penalty),No Sell Signal,backfill,
2025-09-10,3643.6,17.37,21.92,21.11,10.4,40,0,10,50.0,90.66,11.8,-4.55,✨ Golden Cross (sell penalty),No Sell Signal,backfill,
2025-09-11,3636.9,17.91,22.45,24.46,10.24,40,0,10,50.0,90.61,11.98,-4.55,✨ Golden Cross (sell penalty),No Sell Signal,backfill,
2025-09-12,3649.4,18.97,23.52,30.65,10.44,40,0,10,50.0,89.92,11.3,-4.55,✨ Golden Cross (sell penalty),No Sell Signal,backfill,
2025-09-15,3682.2,18.42,22.96,27.4,10.37,40,0,10,50.0,90.95,11.29,-4.55,✨ Golden Cross (sell penalty),No Sell Signal,backfill,
2025-09-16,3688.9,18.5,23.05,28.02,10.26,40,0,10,50.0,90.75,11.12,-4.55,✨ Golden Cross (sell penalty),No Sell Signal,backfill,
2025-09-17,3681.8,18.47,23.01,27.86,10.23,40,0,10,50.0,88.54,10.75,-4.55,✨ Golden Cross (sell penalty),No Sell Signal,backfill,
2025-09-18,3643.7,21.42,25.96,35.79,10.0,50,0,10,50.0,78.6,11.93,-4.55,✨ Golden Cross (sell penalty),No Sell Signal,backfill,Sell Recovery
2025-09-19,3671.5,20.61,25.15,31.33,9.6,50,0,10,50.0,77.75,11.75,-4.55,✨ Golden Cross (sell penalty),No Sell Signal,backfill,
2025-09-22,3740.7,18.83,23.38,20.52,9.75,50,0,10,50.0,77.34,12.55,-4.55,✨ Golden Cross (sell penalty),No Sell Signal,backfill,
2025-09-23,3780.6,17.89,22.43,14.76,9.82,50,0,10,50.0,77.08,12.52,-4.55,✨ Golden Cross (sell penalty),No Sell Signal,backfill,
2025-09-24,3732.1,20.01,24.55,27.42,9.88,50,0,10,50.0,72.65,14.08,-4.55,✨ Golden Cross (sell penalty),No Sell Signal,backfill,
2025-09-25,3736.9,11.93,16.47,25.0,8.85,30,0,10,25.0,69.06,14.13,-4.55,✨ Golden Cross (sell penalty),No Sell Signal,backfill,
2025-09-26,3775.3,19.12,23.67,20.75,11.24,50,0,10,50.0,70.3,14.22,-4.55,✨ Golden Cross (sell penalty),No Sell Signal,backfill,
2025-09-29,3820.9,14.13,18.68,15.62,11.46,50,0,10,25.0,73.47,14.21,-4.55,✨ Golden Cross (sell penalty),No Sell Signal,backfill,
2025-09-30,3840.8,18.07,22.61,14.21,11.47,50,0,10,50.0,74.77,12.8,-4.55,✨ Golden Cross (sell penalty),No Sell Signal,backfill,
2025-10-01,3867.5,17.78,22.33,12.5,11.46,50,0,10,50.0,77.58,12.49,-4.55,✨ Golden Cross (sell penalty),No Sell Signal,backfill,
2025-10-02,3839.7,18.09,22.64,14.37,11.48,50,0,10,50.0,71.96,12.44,-4.55,✨ Golden Cross (sell penalty),No Sell Signal,backfill,Sell Recovery
2025-10-03,3880.8,16.66,21.2,5.87,11.34,50,0,10,50.0,72.49,12.22,-4.55,✨ Golden Cross (sell penalty),No Sell Signal,backfill,
2025-10-06,3948.5,11.99,16.54,3.1,11.12,50,0,10,25.0,75.83,13.1,-4.55,✨ Golden Cross (sell penalty),No Sell Signal,backfill,
2025-10-07,3976.6,11.92,16.47,2.62,11.19,50,0,10,25.0,78.15,13.09,-4.55,✨ Golden Cross (sell penalty),No Sell Signal,backfill,
2025-10-08,4043.3,10.07,14.62,1.47,11.24,40,0,10,25.0,86.18,13.66,-4.55,✨ Golden Cross (sell penalty),No Sell Signal,backfill,
2025-10-09,3946.3,13.1,17.65,9.7,11.19,50,0,10,25.0,72.11,16.88,-4.55,✨ Golden Cross (sell penalty),No Sell Signal,backfill,
2025-10-10,3975.9,11.72,16.26,11.31,11.28,50,0,10,15.0,70.21,16.92,-4.55,✨ Golden Cross (sell penalty),No Sell Signal,backfill,
2025-10-13,4108.6,11.77,16.32,1.59,11.33,50,0,10,25.0,74.31,19.64,-4.55,✨ Golden Cross (sell penalty),No Sell Signal,backfill,
2025-10-14,4138.7,8.41,12.96,1.35,11.41,40,0,10,15.0,80.98,19.6,-4.55,✨ Golden Cross (sell penalty),No Sell Signal,backfill,
2025-10-15,4176.9,8.92,13.47,4.35,11.46,40,0,10,15.0,81.9,19.42,-4.55,✨ Golden Cross (sell penalty),No Sell Signal,backfill,
2025-10-16,4280.2,8.28,12.83,0.38,11.58,40,0,10,15.0,83.46,19.4,-4.55,✨ Golden Cross (sell penalty),No Sell Signal,backfill,
2025-10-17,4189.9,13.84,18.39,8.53,11.79,50,0,25,15.0,73.09,21.89,-4.55,✨ Golden Cross (sell penalty),No Sell Signal,backfill,
2025-10-20,4336.4,14.45,19.0,2.08,11.9,50,0,25,25.0,76.77,23.65,-4.55,✨ Golden Cross (sell penalty),No Sell Signal,backfill,
2025-10-21,4087.7,18.73,23.28,17.56,12.12,30,0,55,25.0,59.59,32.55,-4.55,✨ Golden Cross (sell penalty),No Sell Signal,backfill,Sell Recovery
2025-10-22,4044.4,20.02,24.57,25.36,12.04,30,0,55,25.0,58.8,32.41,-4.55,✨ Golden Cross (sell penalty),No Sell Signal,backfill,Sell Recovery
2025-10-23,4125.5,18.29,22.84,15.12,11.9,30,0,55,25.0,60.17,32.84,-4.55,✨ Golden Cross (sell penalty),No Sell Signal,backfill,Sell Recovery
2025-10-24,4118.4,18.71,23.25,18.04,11.48,30,0,55,25.0,57.43,32.87,-4.55,✨ Golden Cross (sell penalty),No Sell Signal,backfill,Sell Recovery
2025-10-27,4001.9,20.35,24.9,29.6,9.78,30,0,55,25.0,51.03,34.63,-4.55,✨ Golden Cross (sell penalty),No Sell Signal,backfill,Sell Recovery
2025-10-28,3966.2,25.82,30.36,33.06,9.12,60,0,55,25.0,46.79,34.84,-4.55,✨ Golden Cross (sell penalty),No Sell Signal,backfill,Sell Recovery
2025-10-29,3983.7,19.94,24.48,27.86,9.04,30,0,55,25.0,51.67,34.8,-4.55,✨ Golden Cross (sell penalty),No Sell Signal,backfill,
2025-10-30,4001.3,20.63,25.18,31.96,9.09,30,0,55,25.0,51.15,34.66,-4.55,✨ Golden Cross (sell penalty),No Sell Signal,backfill,
2025-10-31,3982.2,25.83,30.38,33.19,9.08,60,0,55,25.0,43.65,34.6,-4.55,✨ Golden Cross (sell penalty),No Sell Signal,backfill,Sell Recovery
2025-11-03,4000.3,25.93,30.47,34.11,8.73,60,0,55,25.0,42.96,34.14,-4.55,✨ Golden Cross (sell penalty),No Sell Signal,backfill,Sell Recovery
2025-11-04,3947.7,47.23,51.77,42.9,52.74,80,0,55,80.0,38.51,34.39,-4.55,✨ Golden Cross (sell penalty),Moderate,backfill,Sell Recovery
2025-11-05,3980.3,31.56,36.1,35.22,21.4,80,0,55,25.0,33.82,33.99,-4.55,✨ Golden Cross (sell penalty),No Sell Signal,backfill,Sell Recovery
2025-11-06,3979.9,46.22,50.76,38.77,50.81,80,0,55,80.0,37.45,32.9,-4.55,✨ Golden Cross (sell penalty),Moderate,backfill,Sell Recovery
2025-11-07,3999.4,33.05,37.59,25.16,20.41,100,0,55,25.0,26.26,32.84,-4.55,✨ Golden Cross (sell penalty),No Sell Signal,backfill,Sell Recovery
2025-11-10,4111.8,17.19,21.74,12.4,8.04,30,0,55,25.0,52.1,32.22,-4.55,✨ Golden Cross (sell penalty),No Sell Signal,backfill,
2025-11-11,4106.8,33.14,37.69,13.47,47.64,30,0,55,80.0,55.83,32.12,-4.55,✨ Golden Cross (sell penalty),No Sell Signal,backfill,
2025-11-12,4204.4,18.66,23.21,9.68,19.55,30,0,55,25.0,57.15,33.04,-4.55,✨ Golden Cross (sell penalty),No Sell Signal,backfill,
2025-11-13,4186.9,18.9,23.44,11.85,18.81,30,0,55,25.0,56.09,31.87,-4.55,✨ Golden Cross (sell penalty),No Sell Signal,backfill,
2025-11-14,4087.6,33.93,38.47,22.12,43.71,30,0,55,80.0,57.86,32.09,-4.55,✨ Golden Cross (sell penalty),No Sell Signal,backfill,
2025-11-17,4068.3,32.24,36.79,30.42,45.31,30,0,25,90.0,59.66,29.29,-4.55,✨ Golden Cross (sell penalty),No Sell Signal,backfill,Sell Recovery
2025-11-18,4061.3,33.07,37.62,34.78,45.93,30,0,25,90.0,57.49,21.61,-4.55,✨ Golden Cross (sell penalty),No Sell Signal,backfill,
2025-11-19,4077.7,32.29,36.83,30.89,45.1,30,0,25,90.0,57.39,21.31,-4.55,✨ Golden Cross (sell penalty),No Sell Signal,backfill,Sell Recovery
2025-11-20,4056.5,16.14,20.68,35.58,18.52,30,0,25,15.0,57.16,20.15,-4.55,✨ Golden Cross (sell penalty),No Sell Signal,backfill,
2025-11-21,4076.7,32.16,36.7,31.49,43.74,30,0,25,90.0,57.33,20.25,-4.55,✨ Golden Cross (sell penalty),No Sell Signal,backfill,
2025-11-24,4091.9,28.57,33.12,28.73,39.98,30,0,10,90.0,64.91,17.54,-4.55,✨ Golden Cross (sell penalty),No Sell Signal,backfill,
2025-11-25,4139.2,11.13,15.68,18.27,10.79,30,0,10,25.0,65.94,17.49,-4.55,✨ Golden Cross (sell penalty),No Sell Signal,backfill,
2025-11-26,4165.2,10.43,14.98,13.61,11.26,30,0,10,25.0,67.68,17.53,-4.55,✨ Golden Cross (sell penalty),No Sell Signal,backfill,
2025-11-28,4218.3,9.96,14.51,13.13,8.92,30,0,10,25.0,69.63,17.89,-4.55,✨ Golden Cross (sell penalty),No Sell Signal,backfill,
2025-12-01,4239.3,14.04,18.59,13.06,8.47,30,0,10,50.0,63.68,17.7,-4.55,✨ Golden Cross (sell penalty),No Sell Signal,backfill,
2025-12-02,4186.6,15.42,19.97,21.33,8.48,30,0,10,50.0,57.77,18.49,-4.55,✨ Golden Cross (sell penalty),No Sell Signal,backfill,
2025-12-03,4199.3,20.17,24.72,19.8,8.51,60,0,10,50.0,49.41,17.61,-4.55,✨ Golden Cross (sell penalty),No Sell Signal,backfill,Sell Recovery
2025-12-04,4211.8,14.8,19.35,18.06,8.03,30,0,10,50.0,52.94,17.51,-4.55,✨ Golden Cross (sell penalty),No Sell Signal,backfill,Sell Recovery
2025-12-05,4212.9,15.32,19.87,21.59,7.61,30,0,10,50.0,69.24,17.5,-4.55,✨ Golden Cross (sell penalty),No Sell Signal,backfill,Sell Recovery
2025-12-08,4187.2,15.95,20.49,25.56,7.41,30,0,10,50.0,67.9,17.76,-4.55,✨ Golden Cross (sell penalty),No Sell Signal,backfill,
2025-12-09,4206.7,18.77,23.31,22.4,7.46,50,0,10,50.0,71.1,15.13,-4.55,✨ Golden Cross (sell penalty),No Sell Signal,backfill,Sell Recovery
2025-12-10,4196.4,17.04,21.59,32.32,7.21,30,0,10,50.0,67.53,15.16,-4.55,✨ Golden Cross (sell penalty),No Sell Signal,backfill,
2025-12-11,4285.5,18.83,23.38,23.35,6.9,50,0,10,50.0,78.17,14.7,-4.55,✨ Golden Cross (sell penalty),No Sell Signal,backfill,Sell Recovery
2025-12-12,4300.1,18.49,23.03,20.75,7.45,50,0,10,50.0,77.87,14.6,-4.55,✨ Golden Cross (sell penalty),No Sell Signal,backfill,Sell Recovery
2025-12-15,4306.7,17.93,22.48,17.3,7.57,50,0,10,50.0,77.38,11.4,-4.55,✨ Golden Cross (sell penalty),No Sell Signal,backfill,
2025-12-16,4304.5,17.7,22.25,15.34,8.15,50,0,10,50.0,73.81,11.14,-4.55,✨ Golden Cross (sell penalty),No Sell Signal,backfill,
2025-12-17,4347.5,16.82,21.36,9.56,8.61,50,0,10,50.0,75.03,11.27,-4.55,✨ Golden Cross (sell penalty),No Sell Signal,backfill,
2025-12-18,4339.5,14.18,18.73,13.75,8.6,30,0,10,50.0,69.0,11.42,-4.55,✨ Golden Cross (sell penalty),No Sell Signal,backfill,
2025-12-19,4361.4,14.25,18.79,13.95,8.81,30,0,10,50.0,69.08,11.02,-4.55,✨ Golden Cross (sell penalty),No Sell Signal,backfill,
2025-12-22,4444.6,14.96,19.51,8.27,8.76,40,0,10,50.0,86.82,12.24,-4.55,✨ Golden Cross (sell penalty),No Sell Signal,backfill,
2025-12-23,4482.8,14.4,18.95,5.1,8.58,40,0,10,50.0,87.71,12.33,-4.55,✨ Golden Cross (sell penalty),No Sell Signal,backfill,
2025-12-24,4480.6,14.63,19.18,6.85,8.23,40,0,10,50.0,86.76,12.17,-4.55,✨ Golden Cross (sell penalty),No Sell Signal,backfill,
2025-12-26,4529.1,14.1,18.64,5.6,6.25,40,0,10,50.0,88.28,12.38,-4.55,✨ Golden Cross (sell penalty),No Sell Signal,backfill,
2025-12-29,4325.1,18.32,22.86,26.19,5.99,30,0,25,50.0,61.66,20.71,-4.55,✨ Golden Cross (sell penalty),No Sell Signal,backfill,Sell Recovery
2025-12-30,4370.1,18.52,23.07,26.88,6.52,30,0,25,50.0,63.25,20.91,-4.55,✨ Golden Cross (sell penalty),No Sell Signal,backfill,Sell Recovery
2025-12-31,4325.6,19.37,23.91,31.96,6.5,30,0,25,50.0,59.92,20.74,-4.55,✨ Golden Cross (sell penalty),No Sell Signal,backfill,Sell Recovery
2026-01-02,4314.4,19.14,23.69,30.63,6.48,30,0,25,50.0,52.52,20.78,-4.55,✨ Golden Cross (sell penalty),No Sell Signal,backfill,Sell Recovery
2026-01-05,4436.9,18.05,22.6,24.15,6.44,30,0,25,50.0,60.04,22.79,-4.55,✨ Golden Cross (sell penalty),No Sell Signal,backfill,Sell Recovery
2026-01-06,4482.2,16.66,21.2,16.19,6.02,30,0,25,50.0,62.19,22.91,-4.55,✨ Golden Cross (sell penalty),No Sell Signal,backfill,
2026-01-07,4449.3,17.59,22.13,21.85,5.94,30,0,25,50.0,59.65,22.98,-4.55,✨ Golden Cross (sell penalty),No Sell Signal,backfill,
2026-01-08,4449.7,17.71,22.26,21.73,6.81,30,0,25,50.0,57.22,22.99,-4.55,✨ Golden Cross (sell penalty),No Sell Signal,backfill,
2026-01-09,4490.3,16.74,21.28,16.27,6.43,30,0,25,50.0,60.18,23.0,-4.55,✨ Golden Cross (sell penalty),No Sell Signal,backfill,
2026-01-12,4604.3,11.46,16.0,9.88,6.15,30,0,25,25.0,64.59,23.45,-4.55,✨ Golden Cross (sell penalty),No Sell Signal,backfill,
2026-01-13,4589.2,12.79,17.34,18.08,5.96,30,0,25,25.0,59.46,23.57,-4.55,✨ Golden Cross (sell penalty),No Sell Signal,backfill,
2026-01-14,4626.3,12.46,17.01,15.83,6.2,30,0,25,25.0,59.4,23.62,-4.55,✨ Golden Cross (sell penalty),No Sell Signal,backfill,
2026-01-15,4616.3,13.02,17.57,18.13,7.26,30,0,25,25.0,58.8,23.66,-4.55,✨ Golden Cross (sell penalty),No Sell Signal,backfill,
2026-01-16,4588.4,14.31,18.86,26.09,7.07,30,0,25,25.0,53.95,23.77,-4.55,✨ Golden Cross (sell penalty),No Sell Signal,backfill,
2026-01-20,4759.6,12.07,16.62,13.04,6.65,40,0,25,15.0,80.27,26.5,-4.55,✨ Golden Cross (sell penalty),No Sell Signal,backfill,
2026-01-21,4831.8,13.79,18.33,13.02,6.99,40,0,25,25.0,80.99,26.75,-4.55,✨ Golden Cross (sell penalty),No Sell Signal,backfill,
2026-01-22,4908.8,16.34,20.88,3.49,6.8,40,0,25,50.0,87.51,26.56,-4.55,✨ Golden Cross (sell penalty),No Sell Signal,backfill,Sell Recovery
2026-01-23,4976.2,15.88,20.43,1.88,5.69,40,0,25,50.0,89.7,26.71,-4.55,✨ Golden Cross (sell penalty),No Sell Signal,backfill,
2026-01-26,5079.7,15.7,20.24,1.19,5.27,40,0,25,50.0,89.45,27.13,-4.55,✨ Golden Cross (sell penalty),No Sell Signal,backfill,
2026-01-27,5079.9,15.69,20.23,1.39,5.0,40,0,25,50.0,88.84,27.17,-4.55,✨ Golden Cross (sell penalty),No Sell Signal,backfill,Sell Recovery
2026-01-28,5301.6,16.94,21.48,0.1,13.79,40,0,25,50.0,94.47,23.26,-4.55,✨ Golden Cross (sell penalty),No Sell Signal,backfill,Sell Recovery
2026-01-29,5318.4,16.46,21.01,0.24,10.79,40,0,25,50.0,94.56,23.39,-4.55,✨ Golden Cross (sell penalty),No Sell Signal,backfill,
2026-01-30,4713.9,25.58,30.12,22.02,8.71,30,0,70,50.0,57.27,48.52,-4.55,✨ Golden Cross (sell penalty),No Sell Signal,backfill,Sell Recovery
2026-02-02,4622.5,26.42,30.96,26.9,8.87,30,0,70,50.0,50.6,49.19,-4.55,✨ Golden Cross (sell penalty),No Sell Signal,backfill,Sell Recovery
2026-02-03,4903.7,26.52,31.07,12.52,8.88,30,0,85,50.0,58.82,52.4,-4.55,✨ Golden Cross (sell penalty),No Sell Signal,backfill,Sell Recovery
2026-02-04,4920.4,26.86,31.4,14.4,9.0,30,0,85,50.0,58.35,52.37,-4.55,✨ Golden Cross (sell penalty),No Sell Signal,backfill,Sell Recovery
2026-02-05,4861.4,25.72,30.27,17.78,8.83,30,0,85,40.0,56.77,52.54,-4.55,✨ Golden Cross (sell penalty),No Sell Signal,backfill,Sell Recovery
2026-02-06,4951.2,23.41,27.96,4.21,8.55,30,0,85,40.0,59.69,52.71,-4.55,✨ Golden Cross (sell penalty),No Sell Signal,backfill,
2026-02-09,5050.9,24.64,29.19,1.94,8.19,30,0,85,50.0,58.09,52.93,-4.55,✨ Golden Cross (sell penalty),No Sell Signal,backfill,
2026-02-10,5003.8,25.56,30.1,7.58,8.05,30,0,85,50.0,54.84,52.73,-4.55,✨ Golden Cross (sell penalty),No Sell Signal,backfill,
2026-02-11,5071.6,25.52,30.06,7.24,8.13,30,0,85,50.0,54.61,52.73,-4.55,✨ Golden Cross (sell penalty),No Sell Signal,backfill,
2026-02-12,4923.7,30.46,35.0,16.96,8.04,60,0,85,40.0,48.58,54.06,-4.55,✨ Golden Cross (sell penalty),No Sell Signal,backfill,Sell Recovery
2026-02-13,5022.0,30.13,34.67,15.36,7.67,60,0,85,40.0,48.43,54.3,-4.55,✨ Golden Cross (sell penalty),No Sell Signal,backfill,Sell Recovery
2026-02-17,4882.9,31.98,36.53,26.59,7.59,60,0,85,40.0,45.03,55.35,-4.55,✨ Golden Cross (sell penalty),No Sell Signal,backfill,Sell Recovery
2026-02-18,4986.5,31.9,36.44,15.99,7.67,60,0,85,50.0,41.54,54.39,-4.55,✨ Golden Cross (sell penalty),No Sell Signal,backfill,Sell Recovery
2026-02-19,4975.9,30.96,35.5,21.13,6.88,60,0,85,40.0,40.78,54.23,-4.55,✨ Golden Cross (sell penalty),No Sell Signal,backfill,Sell Recovery
2026-02-20,5080.9,27.84,32.38,11.75,17.55,30,0,85,50.0,63.52,54.43,-4.55,✨ Golden Cross (sell penalty),No Sell Signal,backfill,
2026-02-23,5204.7,29.01,33.56,8.85,17.49,50,0,85,40.0,70.95,54.83,-4.55,✨ Golden Cross (sell penalty),No Sell Signal,backfill,
2026-02-24,5155.8,23.49,28.03,10.73,17.47,30,0,85,25.0,60.89,54.58,-4.55,✨ Golden Cross (sell penalty),No Sell Signal,backfill,
2026-02-25,5206.4,23.68,28.22,11.79,17.56,30,0,85,25.0,62.0,54.66,-4.55,✨ Golden Cross (sell penalty),No Sell Signal,backfill,
2026-02-26,5176.5,28.36,32.9,13.65,43.76,30,0,85,25.0,63.56,52.53,-4.55,✨ Golden Cross (sell penalty),No Sell Signal,backfill,
2026-02-27,5230.5,45.92,50.47,18.17,89.64,30,0,85,80.0,62.4,52.65,-4.55,✨ Golden Cross (sell penalty),Moderate,backfill,Sell Recovery
2026-03-02,5294.4,41.14,45.69,18.39,80.74,30,0,55,90.0,61.16,32.74,-4.55,✨ Golden Cross (sell penalty),No Sell Signal,backfill,Sell Recovery
2026-03-03,5107.4,17.48,22.02,18.21,13.93,30,0,55,15.0,54.21,34.7,-4.55,✨ Golden Cross (sell penalty),No Sell Signal,backfill,
2026-03-04,5193.7,11.98,16.52,13.83,15.31,30,0,25,15.0,54.89,28.63,-4.55,✨ Golden Cross (sell penalty),No Sell Signal,backfill,Vol Shift
2026-03-05,5065.3,18.95,23.49,25.62,15.33,30,0,55,15.0,55.76,30.2,-4.55,✨ Golden Cross (sell penalty),No Sell Signal,backfill,
2026-03-06,5146.1,18.45,22.99,22.6,15.35,30,0,55,15.0,55.12,30.16,-4.55,✨ Golden Cross (sell penalty),No Sell Signal,backfill,
2026-03-09,5091.5,13.98,18.52,25.89,15.25,30,0,25,15.0,59.25,29.96,-4.55,✨ Golden Cross (sell penalty),No Sell Signal,backfill,
2026-03-10,5224.6,17.27,21.81,15.12,15.76,30,0,55,15.0,60.29,30.49,-4.55,✨ Golden Cross (sell penalty),No Sell Signal,backfill,
2026-03-11,5160.0,18.91,23.46,24.15,16.6,30,0,55,15.0,57.6,30.65,-4.55,✨ Golden Cross (sell penalty),No Sell Signal,backfill,Sell Recovery
2026-03-12,5102.2,23.49,28.04,26.03,42.19,30,0,55,15.0,50.92,30.65,-4.55,✨ Golden Cross (sell penalty),No Sell Signal,backfill,Sell Recovery
