Date,Price,Net_Score_Avg,Gross_Score_Avg,Net_Score_BD1,Net_Score_BD2,Score_Delta,Tier,D1_ReturnRank,D2_VolumeRank,D3_RSI,D4_MA,D5_Volatility,D6_External,D6_Raw,Penalty_Scaled,WP_Return_Pct,WP_Volume_Pct,RSI_Value,MA50,MA200,Death_Cross,Volatility_Pct,Penalty_Total,Warning_Flags
2025-03-13,2984.3,14.87,19.41,17.75,11.98,-5.77,No Sell Signal,29.16,10.0,40,0,5,15.0,-7,-4.55,70.84,60.26,56.77,2822.4,2603.97,False,15.91,-5,Golden Cross
2025-03-14,2994.5,13.44,17.99,14.22,12.67,-1.55,No Sell Signal,33.29,10.0,40,0,5,15.0,-7,-4.55,66.71,60.02,56.76,2829.71,2607.17,False,15.84,-5,Golden Cross
2025-03-17,3000.0,14.21,18.75,19.12,9.29,-9.83,No Sell Signal,33.01,10.0,20,0,5,15.0,-7,-4.55,66.99,59.54,65.57,2836.53,2610.47,False,14.78,-5,Golden Cross
2025-03-18,3035.1,13.01,17.56,18.85,7.18,-11.67,No Sell Signal,20.34,10.0,20,0,5,15.0,-7,-4.55,79.66,58.94,67.95,2844.33,2613.93,False,14.25,-5,Golden Cross
2025-03-19,3035.9,14.93,19.47,18.33,11.53,-6.8,No Sell Signal,21.43,10.0,50,0,5,10.0,-8,-4.55,78.57,58.05,75.73,2852.28,2617.49,False,14.1,-5,Golden Cross
2025-03-20,3040.0,13.02,17.57,11.98,14.06,2.08,No Sell Signal,21.63,10.0,65,0,5,10.0,-8,-4.55,78.37,56.39,89.94,2859.95,2620.96,False,13.98,-5,Golden Cross
2025-03-21,3018.2,13.13,17.67,12.67,13.58,0.91,No Sell Signal,33.76,10.0,50,0,5,10.0,-8,-4.55,66.24,53.55,78.73,2867.02,2624.42,False,14.3,-5,Golden Cross
2025-03-24,3013.1,11.84,16.38,9.29,14.39,5.1,No Sell Signal,38.61,10.0,50,0,5,10.0,-8,-4.55,61.39,53.15,74.82,2873.61,2627.72,False,14.31,-5,Golden Cross
2025-03-25,3023.7,10.78,15.33,7.18,14.38,7.2,No Sell Signal,38.57,10.0,50,0,5,10.0,-8,-4.55,61.43,52.41,75.4,2879.91,2630.98,False,13.11,-5,Golden Cross
2025-03-26,3020.9,12.92,17.47,11.53,14.32,2.79,No Sell Signal,38.19,10.0,50,0,5,10.0,-8,-4.55,61.81,51.81,74.27,2886.86,2634.56,False,13.12,-5,Golden Cross
2025-03-27,3060.2,14.83,19.37,14.06,15.59,1.53,No Sell Signal,30.84,10.0,65,0,5,10.0,-8,-4.55,69.16,68.09,82.09,2894.51,2638.33,False,12.72,-5,Golden Cross
2025-03-28,3086.5,15.97,20.52,13.58,18.36,4.78,No Sell Signal,23.23,29.21,65,0,5,15.0,-7,-4.55,76.77,72.37,88.35,2901.99,2642.22,False,10.77,-5,Golden Cross
2025-03-31,3122.8,15.47,20.01,14.39,16.55,2.16,No Sell Signal,12.55,29.01,65,0,5,15.0,-7,-4.55,87.45,72.97,88.97,2909.52,2646.15,False,9.8,-5,Golden Cross
2025-04-01,3118.9,15.66,20.21,14.38,16.94,2.56,No Sell Signal,15.02,28.91,65,0,5,15.0,-7,-4.55,84.98,73.27,86.4,2917.01,2650.25,False,9.9,-5,Golden Cross
2025-04-02,3139.9,15.78,20.32,14.32,17.24,2.92,No Sell Signal,16.91,28.78,65,0,5,15.0,-7,-4.55,83.09,73.67,84.92,2924.71,2654.29,False,9.94,-5,Golden Cross
2025-04-03,3097.0,17.14,21.68,15.59,18.68,3.09,No Sell Signal,30.48,28.89,50,0,5,25.0,-5,-4.55,69.52,73.33,70.06,2931.3,2658.21,False,11.59,-5,Golden Cross
2025-04-04,3012.0,19.73,24.28,18.36,21.11,2.75,No Sell Signal,55.02,28.9,40,0,5,25.0,-5,-4.55,44.98,73.31,51.79,2936.28,2661.62,False,15.54,-5,Golden Cross
2025-04-07,2951.3,23.73,28.27,16.55,30.91,14.36,No Sell Signal,68.92,28.79,85,0,5,25.0,-5,-4.55,31.08,73.63,38.38,2939.76,2664.61,False,17.2,-5,Golden Cross
2025-04-08,2968.4,21.96,26.5,16.94,26.97,10.03,No Sell Signal,65.42,28.67,65,0,5,25.0,-5,-4.55,34.58,73.98,41.05,2944.37,2667.87,False,17.12,-5,Golden Cross
2025-04-09,3056.5,18.27,22.81,17.24,19.3,2.06,No Sell Signal,44.46,28.6,40,0,5,25.0,-5,-4.55,55.54,74.2,51.79,2950.17,2671.5,False,19.65,-5,Golden Cross
2025-04-10,3155.2,16.37,20.91,18.68,14.05,-4.63,No Sell Signal,18.41,28.16,20,0,20,25.0,-5,-4.55,81.59,75.52,62.74,2957.89,2675.69,False,21.84,-5,Golden Cross
2025-04-11,3222.2,17.04,21.59,21.11,12.98,-8.13,No Sell Signal,11.95,28.19,20,0,20,25.0,-5,-4.55,88.05,75.42,67.43,2965.87,2680.31,False,22.75,-5,Golden Cross
2025-04-14,3204.8,22.21,26.75,30.91,13.51,-17.4,No Sell Signal,14.98,28.34,20,0,20,25.0,-5,-4.55,85.02,74.98,64.93,2973.72,2684.71,False,22.96,-5,Golden Cross
2025-04-15,3218.7,20.16,24.71,26.97,13.35,-13.62,No Sell Signal,13.75,28.63,20,0,20,25.0,-5,-4.55,86.25,74.12,66.01,2981.42,2689.17,False,22.77,-5,Golden Cross
2025-04-16,3326.6,15.6,20.14,19.3,11.9,-7.4,No Sell Signal,5.4,28.27,20,0,20,25.0,-5,-4.55,94.6,75.2,69.41,2990.88,2694.16,False,25.05,-5,Golden Cross
2025-04-17,3308.7,12.21,16.76,14.05,10.37,-3.68,No Sell Signal,5.96,28.54,20,0,20,15.0,-7,-4.55,94.04,74.38,66.39,2999.62,2699.09,False,25.27,-5,Golden Cross
2025-04-21,3406.2,12.16,16.71,12.98,11.35,-1.63,No Sell Signal,1.67,28.69,20,0,20,25.0,-5,-4.55,98.33,73.94,69.17,3010.63,2704.32,False,26.32,-5,Golden Cross
2025-04-22,3400.8,12.46,17.01,13.51,11.42,-2.09,No Sell Signal,2.33,28.47,20,0,20,25.0,-5,-4.55,97.67,74.58,69.03,3021.3,2709.38,False,26.32,-5,Golden Cross
2025-04-23,3276.3,15.74,20.28,13.35,18.12,4.77,No Sell Signal,12.51,28.49,40,0,40,15.0,-7,-4.55,87.49,74.52,58.08,3028.54,2713.99,False,30.21,-5,Golden Cross
2025-04-24,3332.0,13.24,17.79,11.9,14.59,2.69,No Sell Signal,11.2,28.62,20,0,40,15.0,-7,-4.55,88.8,74.14,63.71,3036.93,2718.85,False,30.46,-5,Golden Cross
2025-04-25,3282.4,12.94,17.49,10.37,15.51,5.14,No Sell Signal,16.45,28.88,20,0,40,15.0,-7,-4.55,83.55,73.37,66.46,3044.4,2723.4,False,31.07,-5,Golden Cross
2025-04-28,3332.5,15.8,20.34,11.35,20.25,8.9,No Sell Signal,14.04,29.73,50,0,40,15.0,-7,-4.55,85.96,70.82,73.51,3052.53,2727.99,False,31.29,-5,Golden Cross
2025-04-29,3318.8,16.06,20.6,11.42,20.69,9.27,No Sell Signal,16.85,29.58,50,0,40,15.0,-7,-4.55,83.15,71.27,71.7,3061.23,2732.51,False,31.28,-5,Golden Cross
2025-04-30,3305.0,15.23,19.78,18.12,12.35,-5.77,No Sell Signal,16.35,10.0,20,0,40,15.0,-7,-4.55,83.65,66.93,66.95,3068.7,2736.92,False,31.34,-5,Golden Cross
2025-05-01,3210.0,17.24,21.79,14.59,19.89,5.3,No Sell Signal,41.63,10.0,40,0,40,15.0,-7,-4.55,58.37,64.62,53.76,3074.51,2740.66,False,33.18,-5,Golden Cross
2025-05-02,3231.9,17.42,21.97,15.51,19.34,3.83,No Sell Signal,38.29,10.0,40,0,40,15.0,-7,-4.55,61.71,64.82,50.71,3080.35,2744.54,False,32.76,-5,Golden Cross
2025-05-05,3311.3,17.97,22.52,20.25,15.7,-4.55,No Sell Signal,16.45,10.0,40,0,40,15.0,-7,-4.55,83.55,62.93,57.14,3087.82,2748.84,False,31.73,-5,Golden Cross
2025-05-06,3411.4,15.38,19.93,20.69,10.07,-10.62,No Sell Signal,2.71,10.0,20,0,40,15.0,-7,-4.55,97.29,63.92,61.57,3097.09,2753.92,False,31.5,-5,Golden Cross
2025-05-07,3381.4,13.1,17.64,12.35,13.85,1.5,No Sell Signal,5.36,10.0,40,0,40,15.0,-7,-4.55,94.64,63.03,53.63,3106.63,2758.87,False,31.99,-5,Golden Cross
2025-05-08,3296.6,19.52,24.06,19.89,19.14,-0.75,No Sell Signal,12.11,10.0,65,0,40,15.0,-7,-4.55,87.89,61.59,49.26,3114.23,2763.33,False,32.65,-5,Golden Cross
2025-05-09,3335.4,18.69,23.23,19.34,18.04,-1.29,No Sell Signal,5.52,10.0,65,0,40,15.0,-7,-4.55,94.48,61.02,45.36,3123.27,2767.94,False,31.15,-5,Golden Cross
2025-05-12,3220.0,23.21,27.76,15.7,30.72,15.03,No Sell Signal,41.61,10.0,85,0,40,35.0,-3,-4.55,58.39,62.49,39.64,3130.94,2772.28,False,32.96,-5,Golden Cross
2025-05-13,3240.3,18.91,23.46,10.07,27.76,17.68,No Sell Signal,43.8,10.0,65,0,40,35.0,-3,-4.55,56.2,66.93,47.66,3137.94,2776.58,False,32.96,-5,Golden Cross
2025-05-14,3181.4,28.95,33.49,13.85,44.05,30.2,No Sell Signal,46.24,40.33,65,0,40,100.0,10,-4.55,53.76,69.22,40.24,3143.37,2780.6,False,33.56,-5,Golden Cross
2025-05-15,3220.7,23.21,27.76,19.14,27.28,8.14,No Sell Signal,40.98,10.0,65,0,40,35.0,-3,-4.55,59.02,69.3,45.95,3149.48,2784.68,False,31.61,-5,Golden Cross
2025-05-16,3182.0,32.93,37.47,18.04,47.81,29.77,Weak Sell,48.71,40.44,85,0,40,100.0,10,-4.55,51.29,68.98,39.97,3154.79,2788.46,False,31.8,-5,Golden Cross
2025-05-19,3228.9,36.92,41.47,30.72,43.12,12.39,Weak Sell,40.42,40.55,65,0,40,100.0,10,-4.55,59.58,68.71,44.26,3161.27,2792.43,False,30.36,-5,Golden Cross
2025-05-20,3280.3,35.1,39.64,27.76,42.44,14.68,Weak Sell,36.08,40.82,65,0,40,100.0,10,-4.55,63.92,68.09,48.5,3169.06,2796.7,False,31.02,-5,Golden Cross
2025-05-21,3309.3,38.38,42.93,44.05,32.72,-11.33,Weak Sell,32.19,41.4,40,0,20,90.0,8,-4.55,67.81,66.73,56.58,3176.99,2801.24,False,28.43,-5,Golden Cross
2025-05-22,3292.3,23.25,27.8,27.28,19.22,-8.06,No Sell Signal,32.61,10.0,40,0,20,40.0,-2,-4.55,67.39,67.75,54.03,3184.05,2805.75,False,27.86,-5,Golden Cross
2025-05-23,3363.6,30.37,34.92,47.81,12.93,-34.88,Weak Sell,19.84,10.0,40,0,20,15.0,-7,-4.55,80.16,67.37,53.52,3191.64,2810.62,False,28.34,-5,Golden Cross
2025-05-27,3299.1,32.1,36.65,43.12,21.09,-22.03,Weak Sell,23.8,10.0,65,0,20,35.0,-3,-4.55,76.2,67.05,42.05,3197.73,2815.0,False,28.71,-5,Golden Cross
2025-05-28,3293.6,44.67,49.21,42.44,46.9,4.46,Weak Sell,31.37,92.27,65,0,20,100.0,10,-4.55,68.63,88.41,43.56,3203.6,2819.31,False,28.68,-5,Golden Cross
2025-05-29,3317.1,36.15,40.69,32.72,39.58,6.86,Weak Sell,25.5,94.24,40,0,20,85.0,7,-4.55,74.5,91.35,51.65,3209.24,2823.58,False,28.76,-5,Golden Cross
2025-05-30,3288.9,31.41,35.96,19.22,43.6,24.38,Weak Sell,27.15,91.71,65,0,20,85.0,7,-4.55,72.85,87.57,46.19,3214.3,2827.7,False,26.97,-5,Golden Cross
2025-06-02,3370.6,11.66,16.21,12.93,10.4,-2.53,No Sell Signal,13.82,25.84,20,0,20,10.0,-8,-4.55,86.18,82.49,63.07,3220.91,2832.35,False,28.13,-5,Golden Cross
2025-06-03,3350.2,17.41,21.95,21.09,13.73,-7.36,No Sell Signal,14.04,25.61,40,0,20,10.0,-8,-4.55,85.96,83.17,59.53,3227.55,2836.84,False,27.04,-5,Golden Cross
2025-06-04,3373.5,28.84,33.39,46.9,10.79,-36.1,No Sell Signal,16.06,25.98,20,0,20,10.0,-8,-4.55,83.94,82.05,67.76,3234.76,2841.21,False,24.96,-5,Golden Cross
2025-06-05,3350.7,37.13,41.68,39.58,34.69,-4.89,Weak Sell,23.15,87.26,20,0,20,85.0,7,-4.55,76.85,80.9,62.4,3241.3,2845.46,False,24.89,-5,Golden Cross
2025-06-06,3322.7,39.46,44.01,43.6,35.32,-8.27,Weak Sell,27.47,86.75,20,0,20,85.0,7,-4.55,72.53,80.12,63.7,3247.34,2849.51,False,23.42,-5,Golden Cross
2025-06-09,3332.1,11.59,16.14,10.4,12.78,2.39,No Sell Signal,27.85,26.13,20,0,20,10.0,-8,-4.55,72.15,81.61,60.84,3252.78,2853.63,False,23.08,-5,Golden Cross
2025-06-10,3320.9,24.82,29.37,13.73,35.91,22.18,No Sell Signal,27.33,85.42,40,0,5,85.0,7,-4.55,72.67,78.13,54.66,3257.46,2857.84,False,19.41,-5,Golden Cross
2025-06-11,3321.3,12.04,16.59,10.79,13.3,2.5,No Sell Signal,25.44,26.61,40,0,5,10.0,-8,-4.55,74.56,80.18,51.47,3261.43,2861.91,False,19.34,-5,Golden Cross
2025-06-12,3380.9,23.22,27.77,34.69,11.75,-22.94,No Sell Signal,16.29,26.49,40,0,5,10.0,-8,-4.55,83.71,80.52,59.85,3266.67,2866.22,False,18.78,-5,Golden Cross
2025-06-13,3431.2,23.2,27.74,35.32,11.07,-24.26,No Sell Signal,6.91,26.77,40,0,5,15.0,-7,-4.55,93.09,79.68,57.88,3272.5,2870.8,False,18.96,-5,Golden Cross
2025-06-16,3396.4,10.35,14.89,12.78,7.91,-4.87,No Sell Signal,12.67,27.08,20,0,5,10.0,-8,-4.55,87.33,78.76,62.19,3278.49,2875.28,False,18.78,-5,Golden Cross
2025-06-17,3386.6,22.39,26.94,35.91,8.88,-27.04,No Sell Signal,13.78,26.75,20,0,5,15.0,-7,-4.55,86.22,79.76,61.53,3285.98,2879.58,False,18.42,-5,Golden Cross
2025-06-18,3389.8,12.86,17.4,13.3,12.42,-0.88,No Sell Signal,14.42,27.36,40,0,5,15.0,-7,-4.55,85.58,77.91,59.49,3294.75,2884.06,False,17.75,-5,Golden Cross
2025-06-20,3368.1,11.41,15.95,11.75,11.06,-0.69,No Sell Signal,26.18,27.46,20,0,5,15.0,-7,-4.55,73.82,77.63,60.52,3302.74,2888.45,False,17.76,-5,Golden Cross
2025-06-23,3377.7,12.56,17.11,11.07,14.05,2.98,No Sell Signal,28.73,27.87,40,0,5,10.0,-8,-4.55,71.27,76.39,51.17,3309.17,2892.87,False,17.63,-5,Golden Cross
2025-06-24,3317.4,13.43,17.98,7.91,18.95,11.04,No Sell Signal,33.15,27.83,65,0,5,10.0,-8,-4.55,66.85,76.51,45.24,3312.41,2896.9,False,17.19,-5,Golden Cross
2025-06-25,3327.1,25.11,29.66,8.88,41.35,32.47,No Sell Signal,36.65,83.69,65,0,5,85.0,7,-4.55,63.35,75.54,42.99,3314.51,2901.07,False,15.84,-5,Golden Cross
2025-06-26,3333.5,15.49,20.04,12.42,18.56,6.14,No Sell Signal,31.63,27.02,65,0,5,10.0,-8,-4.55,68.37,78.94,47.26,3317.08,2905.23,False,15.82,-5,Golden Cross
2025-06-27,3273.7,25.91,30.46,11.06,40.76,29.7,No Sell Signal,41.35,40.5,65,35,5,85.0,7,-4.55,58.65,68.84,42.92,3318.18,2909.04,False,16.87,-5,Golden Cross
2025-06-30,3294.4,27.63,32.17,14.05,41.2,27.14,No Sell Signal,42.45,42.01,65,35,5,85.0,7,-4.55,57.55,65.32,44.73,3317.54,2912.95,False,16.78,-5,Golden Cross
2025-07-01,3336.7,15.33,19.87,18.95,11.71,-7.24,No Sell Signal,32.51,10.0,40,0,5,10.0,-8,-4.55,67.49,64.38,52.03,3318.1,2916.88,False,14.97,-5,Golden Cross
2025-07-02,3348.0,35.58,40.12,41.35,29.81,-11.54,Weak Sell,33.11,43.01,40,0,5,85.0,7,-4.55,66.89,62.97,53.34,3316.94,2920.71,False,14.88,-5,Golden Cross
2025-07-03,3331.6,26.79,31.34,18.56,35.02,16.45,No Sell Signal,37.49,44.88,65,0,5,85.0,7,-4.55,62.51,58.61,43.08,3315.55,2924.46,False,14.75,-5,Golden Cross
2025-07-04,3332.5,39.56,44.11,40.76,38.36,-2.4,Weak Sell,36.85,45.58,85,0,5,85.0,7,-4.55,63.15,56.97,33.92,3316.68,2928.31,False,14.57,-5,Golden Cross
2025-07-07,3332.2,39.83,44.37,41.2,38.46,-2.74,Weak Sell,36.89,46.15,85,0,5,85.0,7,-4.55,63.11,55.66,38.22,3316.68,2932.11,False,14.27,-5,Golden Cross
2025-07-08,3307.0,28.1,32.65,11.71,44.5,32.79,No Sell Signal,38.63,45.64,85,35,5,85.0,7,-4.55,61.37,56.83,36.17,3317.17,2935.71,False,14.48,-5,Golden Cross
2025-07-09,3311.6,37.38,41.93,29.81,44.96,15.15,Weak Sell,41.18,45.84,85,35,5,85.0,7,-4.55,58.82,56.37,36.48,3316.75,2939.17,False,14.45,-5,Golden Cross
2025-07-10,3317.4,35.63,40.17,35.02,36.24,1.22,Weak Sell,43.9,45.81,65,0,5,85.0,7,-4.55,56.1,56.43,40.72,3316.73,2942.62,False,14.46,-5,Golden Cross
2025-07-11,3356.0,28.02,32.57,38.36,17.68,-20.68,No Sell Signal,43.37,10.0,65,0,5,10.0,-8,-4.55,56.63,57.17,46.41,3317.75,2946.14,False,13.61,-5,Golden Cross
2025-07-14,3351.5,35.77,40.31,38.46,33.08,-5.39,Weak Sell,50.06,45.67,40,0,5,85.0,7,-4.55,49.94,56.77,56.92,3320.58,2949.61,False,12.44,-5,Golden Cross
2025-07-15,3329.8,40.36,44.91,44.5,36.22,-8.28,Weak Sell,53.35,46.26,40,0,5,100.0,10,-4.55,46.65,55.4,50.52,3322.53,2952.91,False,12.16,-5,Golden Cross
2025-07-16,3352.5,40.49,45.03,44.96,36.01,-8.94,Weak Sell,51.81,46.54,40,0,5,100.0,10,-4.55,48.19,54.74,53.46,3323.36,2956.45,False,12.43,-5,Golden Cross
2025-07-17,3340.1,35.1,39.65,36.24,33.96,-2.28,Weak Sell,59.8,46.25,20,0,5,100.0,10,-4.55,40.2,55.42,64.6,3321.93,2959.97,False,12.47,-5,Golden Cross
2025-07-18,3353.0,24.63,29.17,17.68,31.57,13.89,No Sell Signal,60.38,46.33,20,0,5,85.0,7,-4.55,39.62,55.24,63.34,3321.36,2963.4,False,12.38,-5,Golden Cross
2025-07-21,3401.9,21.61,26.16,33.08,10.15,-22.93,No Sell Signal,43.15,10.0,20,0,5,10.0,-8,-4.55,56.85,53.94,64.41,3323.47,2967.17,False,13.37,-5,Golden Cross
2025-07-22,3439.2,22.6,27.14,36.22,8.98,-27.24,No Sell Signal,36.14,10.0,20,0,5,10.0,-8,-4.55,63.86,53.45,68.08,3325.55,2971.08,False,12.07,-5,Golden Cross
2025-07-23,3394.1,23.01,27.56,36.01,10.02,-26.0,No Sell Signal,42.37,10.0,20,0,5,10.0,-8,-4.55,57.63,53.05,61.12,3329.03,2974.82,False,13.12,-5,Golden Cross
2025-07-24,3371.0,24.33,28.87,33.96,14.69,-19.27,No Sell Signal,50.44,10.0,40,0,5,10.0,-8,-4.55,49.56,54.28,56.35,3331.64,2978.45,False,13.39,-5,Golden Cross
2025-07-25,3334.0,26.19,30.74,31.57,20.82,-10.76,No Sell Signal,52.17,10.0,40,35,5,10.0,-8,-4.55,47.83,52.13,50.26,3334.69,2982.05,False,12.35,-5,Golden Cross
2025-07-28,3309.1,18.15,22.69,10.15,26.15,16.0,No Sell Signal,59.16,10.0,40,35,5,35.0,-3,-4.55,40.84,52.61,50.31,3336.46,2985.56,False,12.51,-5,Golden Cross
2025-07-29,3323.4,19.01,23.56,8.98,29.04,20.07,No Sell Signal,58.92,27.62,40,35,5,35.0,-3,-4.55,41.08,77.15,51.69,3339.29,2989.08,False,11.76,-5,Golden Cross
2025-07-30,3295.8,32.24,36.78,10.02,54.45,44.44,Weak Sell,68.67,80.33,65,35,5,100.0,10,-4.55,31.33,70.5,47.09,3340.63,2992.27,False,12.01,-5,Golden Cross
2025-07-31,3293.2,35.04,39.58,14.69,55.38,40.68,Weak Sell,74.3,80.23,65,35,5,100.0,10,-4.55,25.7,70.34,40.63,3340.89,2995.5,False,11.91,-5,Golden Cross
2025-08-01,3347.7,24.7,29.24,20.82,28.58,7.76,No Sell Signal,58.98,29.77,65,0,5,40.0,-2,-4.55,41.02,70.7,49.51,3341.65,2998.93,False,13.3,-5,Golden Cross
2025-08-04,3374.4,24.33,28.88,26.15,22.52,-3.63,No Sell Signal,52.51,29.86,40,0,5,35.0,-3,-4.55,47.49,70.42,55.72,3343.3,3002.43,False,13.57,-5,Golden Cross
2025-08-05,3381.9,25.76,30.3,29.04,22.47,-6.58,No Sell Signal,52.09,29.99,40,0,5,35.0,-3,-4.55,47.91,70.02,53.92,3343.66,3005.88,False,13.24,-5,Golden Cross
2025-08-06,3380.0,36.54,41.09,54.45,18.64,-35.82,Weak Sell,49.08,10.0,40,0,5,35.0,-3,-4.55,50.92,69.18,55.48,3345.28,3009.21,False,13.25,-5,Golden Cross
2025-08-07,3400.3,37.98,42.52,55.38,20.58,-34.8,Weak Sell,41.02,29.73,40,0,5,35.0,-3,-4.55,58.98,70.8,56.36,3347.41,3012.6,False,13.36,-5,Golden Cross
2025-08-08,3439.1,24.27,28.81,28.58,19.95,-8.63,No Sell Signal,39.1,27.88,40,0,5,35.0,-3,-4.55,60.9,76.37,55.14,3349.85,3016.08,False,13.34,-5,Golden Cross
2025-08-11,3353.1,37.52,42.07,22.52,52.53,30.02,Weak Sell,67.99,84.48,85,0,5,100.0,10,-4.55,32.01,76.71,39.51,3351.14,3019.27,False,16.14,-5,Golden Cross
2025-08-12,3348.9,39.18,43.73,22.47,55.89,33.42,Weak Sell,73.27,84.36,65,35,5,100.0,10,-4.55,26.73,76.53,43.88,3350.7,3022.34,False,15.97,-5,Golden Cross
2025-08-13,3358.7,21.69,26.23,18.64,24.74,6.11,No Sell Signal,67.85,27.87,65,0,5,10.0,-8,-4.55,32.15,76.39,48.27,3350.87,3025.43,False,15.83,-5,Golden Cross
2025-08-14,3335.2,34.89,39.44,20.58,49.21,28.63,Weak Sell,73.94,83.57,40,35,5,85.0,7,-4.55,26.06,75.36,50.18,3350.11,3028.39,False,15.97,-5,Golden Cross
2025-08-15,3336.0,34.27,38.82,19.95,48.6,28.65,Weak Sell,71.47,82.39,40,35,5,85.0,7,-4.55,28.53,73.59,54.22,3349.81,3031.23,False,15.91,-5,Golden Cross
2025-08-18,3331.7,51.16,55.7,52.53,49.78,-2.75,Neutral →,78.9,82.05,40,35,5,85.0,7,-4.55,21.1,73.07,51.35,3349.99,3033.94,False,14.97,-5,Golden Cross
2025-08-19,3313.4,54.59,59.14,55.89,53.29,-2.6,Neutral →,84.5,82.54,40,35,5,100.0,10,-4.55,15.5,73.8,52.94,3349.62,3036.82,False,14.38,-5,Golden Cross
2025-08-20,3343.4,38.87,43.41,24.74,52.99,28.25,Weak Sell,82.21,83.0,40,35,5,100.0,10,-4.55,17.79,74.5,57.69,3350.07,3039.84,False,14.23,-5,Golden Cross
2025-08-21,3336.9,53.01,57.56,49.21,56.82,7.61,Neutral →,80.72,82.46,65,35,5,100.0,10,-4.55,19.28,73.69,48.06,3350.38,3042.85,False,14.07,-5,Golden Cross
2025-08-22,3374.4,36.98,41.53,48.6,25.36,-23.23,Weak Sell,70.88,28.58,40,0,5,35.0,-3,-4.55,29.12,74.26,50.0,3350.25,3046.02,False,14.08,-5,Golden Cross
2025-08-25,3373.8,39.32,43.87,49.78,28.86,-20.92,Weak Sell,67.13,28.3,65,0,5,35.0,-3,-4.55,32.87,75.1,48.57,3349.1,3049.55,False,13.77,-5,Golden Cross
2025-08-26,3388.6,35.09,39.64,53.29,16.89,-36.41,Weak Sell,63.61,10.0,40,0,5,10.0,-8,-4.55,36.39,66.12,51.46,3348.95,3053.0,False,13.77,-5,Golden Cross
2025-08-27,3404.6,34.59,39.13,52.99,16.18,-36.81,Weak Sell,59.38,10.0,40,0,5,10.0,-8,-4.55,40.62,64.36,50.74,3349.31,3056.58,False,13.4,-5,Golden Cross
2025-08-28,3431.8,37.33,41.87,56.82,17.84,-38.98,Weak Sell,44.32,10.0,65,0,5,10.0,-8,-4.55,55.68,64.22,48.69,3350.15,3060.69,False,13.54,-5,Golden Cross
2025-08-29,3473.7,20.37,24.92,25.36,15.38,-9.98,No Sell Signal,44.56,10.0,50,0,5,10.0,-8,-4.55,55.44,61.45,75.62,3352.26,3065.06,False,13.03,-5,Golden Cross
2025-09-02,3549.4,21.94,26.48,28.86,15.01,-13.85,No Sell Signal,27.35,10.0,65,0,5,10.0,-8,-4.55,72.65,60.8,82.67,3355.69,3069.9,False,14.62,-5,Golden Cross
2025-09-03,3593.2,15.54,20.08,16.89,14.19,-2.7,No Sell Signal,22.39,10.0,65,0,5,10.0,-8,-4.55,77.61,59.92,84.39,3361.21,3075.02,False,15.01,-5,Golden Cross
2025-09-04,3565.8,15.56,20.11,16.18,14.94,-1.24,No Sell Signal,26.93,10.0,65,0,5,10.0,-8,-4.55,73.07,56.85,83.44,3365.98,3080.02,False,15.41,-5,Golden Cross
2025-09-05,3613.2,15.86,20.41,17.84,13.88,-3.96,No Sell Signal,20.56,10.0,65,0,5,10.0,-8,-4.55,79.44,57.07,85.41,3371.58,3085.04,False,15.81,-5,Golden Cross
2025-09-08,3638.1,14.21,18.75,15.38,13.04,-2.34,No Sell Signal,15.5,10.0,65,0,5,10.0,-8,-4.55,84.5,56.45,87.18,3378.87,3090.09,False,15.59,-5,Golden Cross
2025-09-09,3643.3,14.33,18.87,15.01,13.64,-1.37,No Sell Signal,19.1,10.0,65,0,5,10.0,-8,-4.55,80.9,54.0,91.35,3385.84,3095.07,False,11.87,-5,Golden Cross
2025-09-10,3643.6,14.05,18.6,14.19,13.92,-0.27,No Sell Signal,20.8,10.0,65,0,5,10.0,-8,-4.55,79.2,52.21,90.66,3391.98,3099.93,False,11.8,-5,Golden Cross
2025-09-11,3636.9,14.71,19.26,14.94,14.48,-0.46,No Sell Signal,24.16,10.0,65,0,5,10.0,-8,-4.55,75.84,51.41,90.61,3397.76,3104.56,False,11.98,-5,Golden Cross
2025-09-12,3649.4,14.7,19.24,13.88,15.52,1.64,No Sell Signal,30.38,10.0,65,0,5,10.0,-8,-4.55,69.62,52.39,89.92,3404.12,3109.72,False,11.3,-5,Golden Cross
2025-09-15,3682.2,14.01,18.55,13.04,14.97,1.94,No Sell Signal,27.11,10.0,65,0,5,10.0,-8,-4.55,72.89,52.07,90.95,3411.11,3115.03,False,11.29,-5,Golden Cross
2025-09-16,3688.9,14.36,18.9,13.64,15.08,1.44,No Sell Signal,27.73,10.0,65,0,5,10.0,-8,-4.55,72.27,51.51,90.75,3418.24,3120.28,False,11.12,-5,Golden Cross
2025-09-17,3681.8,14.49,19.03,13.92,15.05,1.13,No Sell Signal,27.57,10.0,65,0,5,10.0,-8,-4.55,72.43,51.33,88.54,3425.74,3125.4,False,10.75,-5,Golden Cross
2025-09-18,3643.7,14.18,18.73,14.48,13.88,-0.6,No Sell Signal,35.54,10.0,50,0,5,10.0,-8,-4.55,64.46,50.18,78.6,3432.38,3130.45,False,11.93,-5,Golden Cross
2025-09-19,3671.5,14.32,18.87,15.52,13.13,-2.39,No Sell Signal,31.06,10.0,50,0,5,10.0,-8,-4.55,68.94,48.17,77.75,3439.46,3135.58,False,11.75,-5,Golden Cross
2025-09-22,3740.7,13.15,17.69,14.97,11.32,-3.65,No Sell Signal,20.2,10.0,50,0,5,10.0,-8,-4.55,79.8,48.92,77.34,3447.16,3141.01,False,12.55,-5,Golden Cross
2025-09-23,3780.6,12.72,17.26,15.08,10.36,-4.72,No Sell Signal,14.42,10.0,50,0,5,10.0,-8,-4.55,85.58,49.3,77.08,3455.74,3146.78,False,12.52,-5,Golden Cross
2025-09-24,3732.1,13.76,18.31,15.05,12.48,-2.57,No Sell Signal,27.13,10.0,50,0,5,10.0,-8,-4.55,72.87,49.62,72.65,3463.79,3152.25,False,14.08,-5,Golden Cross
2025-09-25,3736.9,12.56,17.1,13.88,11.24,-2.64,No Sell Signal,24.7,10.0,20,0,5,35.0,-3,-4.55,75.3,44.4,69.06,3471.47,3157.61,False,14.13,-5,Golden Cross
2025-09-26,3775.3,12.25,16.79,13.13,11.36,-1.77,No Sell Signal,20.44,10.0,50,0,5,10.0,-8,-4.55,79.56,56.43,70.3,3480.18,3163.0,False,14.22,-5,Golden Cross
2025-09-29,3820.9,12.99,17.54,11.32,14.67,3.35,No Sell Signal,15.28,10.0,50,0,5,35.0,-3,-4.55,84.72,57.55,73.47,3489.54,3168.44,False,14.21,-5,Golden Cross
2025-09-30,3840.8,10.31,14.86,10.36,10.27,-0.09,No Sell Signal,13.86,10.0,50,0,5,10.0,-8,-4.55,86.14,57.57,74.77,3498.31,3174.2,False,12.8,-5,Golden Cross
2025-10-01,3867.5,11.23,15.77,12.48,9.98,-2.5,No Sell Signal,12.15,10.0,50,0,5,10.0,-8,-4.55,87.85,57.51,77.58,3506.88,3180.26,False,12.49,-5,Golden Cross
2025-10-02,3839.7,10.76,15.31,11.24,10.29,-0.95,No Sell Signal,14.02,10.0,50,0,5,10.0,-8,-4.55,85.98,57.61,71.96,3515.79,3186.2,False,12.44,-5,Golden Cross
2025-10-03,3880.8,10.12,14.66,11.36,8.87,-2.49,No Sell Signal,5.5,10.0,50,0,5,10.0,-8,-4.55,94.5,56.91,72.49,3525.99,3192.38,False,12.22,-5,Golden Cross
2025-10-06,3948.5,13.62,18.17,14.67,12.57,-2.09,No Sell Signal,2.71,10.0,50,0,5,35.0,-3,-4.55,97.29,55.82,75.83,3538.28,3198.94,False,13.1,-5,Golden Cross
2025-10-07,3976.6,11.38,15.92,10.27,12.49,2.23,No Sell Signal,2.23,10.0,50,0,5,35.0,-3,-4.55,97.77,56.16,78.15,3551.63,3205.87,False,13.09,-5,Golden Cross
2025-10-08,4043.3,12.39,16.94,9.98,14.8,4.82,No Sell Signal,1.08,10.0,65,0,5,35.0,-3,-4.55,98.92,56.41,86.18,3566.03,3212.94,False,13.66,-5,Golden Cross
2025-10-09,3946.3,11.99,16.53,10.29,13.68,3.39,No Sell Signal,9.34,10.0,50,0,5,35.0,-3,-4.55,90.66,56.16,72.11,3579.04,3219.61,False,16.88,-5,Golden Cross
2025-10-10,3975.9,11.83,16.37,8.87,14.78,5.91,No Sell Signal,10.96,10.0,50,0,5,40.0,-2,-4.55,89.04,56.61,70.21,3592.69,3226.39,False,16.92,-5,Golden Cross
2025-10-13,4108.6,12.45,16.99,12.57,12.32,-0.25,No Sell Signal,1.2,10.0,50,0,5,35.0,-3,-4.55,98.8,56.85,74.31,3607.91,3233.74,False,19.64,-5,Golden Cross
2025-10-14,4138.7,14.05,18.6,12.49,15.61,3.12,No Sell Signal,0.96,10.0,65,0,5,40.0,-2,-4.55,99.04,57.27,80.98,3623.19,3241.34,False,19.6,-5,Golden Cross
2025-10-15,4176.9,15.46,20.0,14.8,16.12,1.31,No Sell Signal,3.96,10.0,65,0,5,40.0,-2,-4.55,96.04,57.51,81.9,3639.09,3249.2,False,19.42,-5,Golden Cross
2025-10-16,4280.2,14.56,19.11,13.68,15.45,1.77,No Sell Signal,-0.02,10.0,65,0,5,40.0,-2,-4.55,100.02,58.11,83.46,3657.1,3257.45,False,19.4,-5,Golden Cross
2025-10-17,4189.9,15.8,20.34,14.78,16.82,2.04,No Sell Signal,8.17,10.0,50,0,20,40.0,-2,-4.55,91.83,59.16,73.09,3672.89,3265.11,False,21.89,-5,Golden Cross
2025-10-20,4336.4,13.61,18.16,12.32,14.9,2.58,No Sell Signal,1.69,10.0,50,0,20,35.0,-3,-4.55,98.31,59.74,76.77,3690.84,3273.57,False,23.65,-5,Golden Cross
2025-10-21,4087.7,17.39,21.93,15.61,19.16,3.55,No Sell Signal,17.23,10.0,40,0,40,35.0,-3,-4.55,82.77,60.82,59.59,3705.53,3280.81,False,32.55,-5,Golden Cross
2025-10-22,4044.4,18.29,22.84,16.12,20.46,4.35,No Sell Signal,25.06,10.0,40,0,40,35.0,-3,-4.55,74.94,60.46,58.8,3719.44,3287.75,False,32.41,-5,Golden Cross
2025-10-23,4125.5,15.43,19.98,15.45,15.42,-0.03,No Sell Signal,14.78,10.0,20,0,40,35.0,-3,-4.55,85.22,59.72,60.17,3734.77,3295.06,False,32.84,-5,Golden Cross
2025-10-24,4118.4,18.03,22.57,16.82,19.24,2.42,No Sell Signal,17.71,10.0,40,0,40,35.0,-3,-4.55,82.29,57.61,57.43,3750.44,3302.23,False,32.87,-5,Golden Cross
2025-10-27,4001.9,18.04,22.58,14.9,21.17,6.27,No Sell Signal,29.32,10.0,40,0,40,35.0,-3,-4.55,70.68,49.1,51.03,3763.76,3308.7,False,34.63,-5,Golden Cross
2025-10-28,3966.2,22.54,27.08,19.16,25.92,6.76,No Sell Signal,32.79,10.0,65,0,40,35.0,-3,-4.55,67.21,45.76,46.79,3776.45,3315.16,False,34.84,-5,Golden Cross
2025-10-29,3983.7,20.67,25.22,20.46,20.88,0.42,No Sell Signal,27.57,10.0,40,0,40,35.0,-3,-4.55,72.43,45.38,51.67,3789.85,3321.69,False,34.8,-5,Golden Cross
2025-10-30,4001.3,18.49,23.04,15.42,21.57,6.15,No Sell Signal,31.69,10.0,40,0,40,35.0,-3,-4.55,68.31,45.64,51.15,3803.01,3328.13,False,34.66,-5,Golden Cross
2025-10-31,3982.2,22.59,27.14,19.24,25.94,6.7,No Sell Signal,32.93,10.0,65,0,40,35.0,-3,-4.55,67.07,45.56,43.65,3815.92,3334.31,False,34.6,-5,Golden Cross
2025-11-03,4000.3,23.64,28.18,21.17,26.1,4.92,No Sell Signal,33.84,10.0,65,0,40,35.0,-3,-4.55,66.16,43.82,42.96,3828.43,3340.59,False,34.14,-5,Golden Cross
2025-11-04,3947.7,37.25,41.8,25.92,48.58,22.66,Weak Sell,42.67,51.09,85,0,40,100.0,10,-4.55,57.33,44.12,38.51,3839.91,3346.56,False,34.39,-5,Golden Cross
2025-11-05,3980.3,25.25,29.79,20.88,29.61,8.73,No Sell Signal,34.96,10.0,85,0,40,35.0,-3,-4.55,65.04,42.97,33.82,3851.75,3352.62,False,33.99,-5,Golden Cross
2025-11-06,3979.9,34.79,39.33,21.57,48.01,26.44,Weak Sell,38.53,51.78,85,0,40,100.0,10,-4.55,61.47,42.51,37.45,3863.25,3358.7,False,32.9,-5,Golden Cross
2025-11-07,3999.4,28.19,32.73,25.94,30.43,4.49,No Sell Signal,24.86,10.0,100,0,40,35.0,-3,-4.55,75.14,40.98,26.26,3874.6,3364.81,False,32.84,-5,Golden Cross
2025-11-10,4111.8,22.2,26.74,26.1,18.3,-7.8,No Sell Signal,12.05,10.0,40,0,40,35.0,-3,-4.55,87.95,40.36,52.1,3887.37,3371.69,False,32.22,-5,Golden Cross
2025-11-11,4106.8,42.52,47.07,48.58,36.46,-12.12,Weak Sell,13.13,52.92,40,0,40,100.0,10,-4.55,86.87,39.86,55.83,3898.51,3378.39,False,32.12,-5,Golden Cross
2025-11-12,4204.4,23.73,28.27,29.61,17.84,-11.77,No Sell Signal,9.32,10.0,40,0,40,35.0,-3,-4.55,90.68,39.26,57.15,3910.74,3385.56,False,33.04,-5,Golden Cross
2025-11-13,4186.9,33.52,38.07,48.01,19.04,-28.97,Weak Sell,11.49,10.0,40,0,40,40.0,-2,-4.55,88.51,37.77,56.09,3923.16,3392.38,False,31.87,-5,Golden Cross
2025-11-14,4087.6,34.29,38.83,30.43,38.14,7.71,Weak Sell,21.81,54.33,40,0,40,100.0,10,-4.55,78.19,36.57,57.86,3932.65,3398.76,False,32.09,-5,Golden Cross
2025-11-17,4068.3,26.37,30.91,18.3,34.44,16.14,No Sell Signal,30.14,53.75,40,0,20,90.0,8,-4.55,69.86,37.91,59.66,3941.25,3404.93,False,29.29,-5,Golden Cross
2025-11-18,4061.3,35.8,40.34,36.46,35.13,-1.33,Weak Sell,34.52,53.53,40,0,20,90.0,8,-4.55,65.48,38.43,57.49,3949.61,3410.97,False,21.61,-5,Golden Cross
2025-11-19,4077.7,26.19,30.73,17.84,34.53,16.69,No Sell Signal,30.62,53.83,40,0,20,90.0,8,-4.55,69.38,37.73,57.39,3958.29,3417.0,False,21.31,-5,Golden Cross
2025-11-20,4056.5,19.36,23.9,19.04,19.67,0.64,No Sell Signal,35.32,10.0,40,0,20,40.0,-2,-4.55,64.68,37.19,57.16,3966.69,3423.0,False,20.15,-5,Golden Cross
2025-11-21,4076.7,36.43,40.97,38.14,34.71,-3.43,Weak Sell,31.22,54.32,40,0,20,90.0,8,-4.55,68.78,36.59,57.33,3975.23,3429.05,False,20.25,-5,Golden Cross
2025-11-24,4091.9,31.54,36.08,34.44,28.64,-5.8,Weak Sell,28.45,55.67,20,0,5,90.0,8,-4.55,71.55,33.45,64.91,3983.43,3434.94,False,17.54,-5,Golden Cross
2025-11-25,4139.2,22.62,27.17,35.13,10.11,-25.02,No Sell Signal,17.95,10.0,20,0,5,35.0,-3,-4.55,82.05,54.16,65.94,3992.43,3441.07,False,17.49,-5,Golden Cross
2025-11-26,4165.2,21.93,26.48,34.53,9.33,-25.2,No Sell Signal,13.27,10.0,20,0,5,35.0,-3,-4.55,86.73,56.51,67.68,4002.1,3447.35,False,17.53,-5,Golden Cross
2025-11-28,4218.3,14.46,19.01,19.67,9.25,-10.42,No Sell Signal,12.79,10.0,20,0,5,35.0,-3,-4.55,87.21,44.8,69.63,4013.59,3453.81,False,17.89,-5,Golden Cross
2025-12-01,4239.3,19.89,24.44,34.71,5.07,-29.64,No Sell Signal,12.71,10.0,20,0,5,10.0,-8,-4.55,87.29,42.51,63.68,4024.95,3460.59,False,17.7,-5,Golden Cross
2025-12-02,4186.6,19.22,23.76,28.64,9.79,-18.85,No Sell Signal,21.02,10.0,40,0,5,10.0,-8,-4.55,78.98,42.57,57.77,4033.87,3466.87,False,18.49,-5,Golden Cross
2025-12-03,4199.3,11.91,16.45,10.11,13.7,3.59,No Sell Signal,19.48,10.0,65,0,5,10.0,-8,-4.55,80.52,42.73,49.41,4042.24,3473.27,False,17.61,-5,Golden Cross
2025-12-04,4211.8,9.29,13.83,9.33,9.24,-0.09,No Sell Signal,17.73,10.0,40,0,5,10.0,-8,-4.55,82.27,40.3,52.94,4051.83,3479.63,False,17.51,-5,Golden Cross
2025-12-05,4212.9,7.88,12.42,9.25,6.5,-2.75,No Sell Signal,21.27,10.0,20,0,5,10.0,-8,-4.55,78.73,38.19,69.24,4061.35,3486.0,False,17.5,-5,Golden Cross
2025-12-08,4187.2,6.12,10.66,5.07,7.16,2.09,No Sell Signal,25.26,10.0,20,0,5,10.0,-8,-4.55,74.74,37.21,67.9,4069.59,3492.2,False,17.76,-5,Golden Cross
2025-12-09,4206.7,10.71,15.26,9.79,11.64,1.85,No Sell Signal,22.09,10.0,50,0,5,10.0,-8,-4.55,77.91,37.47,71.1,4077.31,3498.71,False,15.13,-5,Golden Cross
2025-12-10,4196.4,11.0,15.54,13.7,8.3,-5.41,No Sell Signal,32.05,10.0,20,0,5,10.0,-8,-4.55,67.95,36.22,67.53,4084.42,3505.11,False,15.16,-5,Golden Cross
2025-12-11,4285.5,10.52,15.06,9.24,11.8,2.55,No Sell Signal,23.05,10.0,50,0,5,10.0,-8,-4.55,76.95,34.64,78.17,4092.78,3512.12,False,14.7,-5,Golden Cross
2025-12-12,4300.1,8.93,13.48,6.5,11.36,4.86,No Sell Signal,20.44,10.0,50,0,5,10.0,-8,-4.55,79.56,37.39,77.87,4101.99,3519.44,False,14.6,-5,Golden Cross
2025-12-15,4306.7,8.97,13.52,7.16,10.78,3.62,No Sell Signal,16.97,10.0,50,0,5,10.0,-8,-4.55,83.03,37.99,77.38,4110.51,3526.52,False,11.4,-5,Golden Cross
2025-12-16,4304.5,11.05,15.59,11.64,10.45,-1.18,No Sell Signal,15.0,10.0,50,0,5,10.0,-8,-4.55,85.0,40.94,73.81,4117.63,3533.49,False,11.14,-5,Golden Cross
2025-12-17,4347.5,8.89,13.44,8.3,9.49,1.19,No Sell Signal,9.2,10.0,50,0,5,10.0,-8,-4.55,90.8,43.21,75.03,4125.04,3540.65,False,11.27,-5,Golden Cross
2025-12-18,4339.5,8.49,13.04,11.8,5.19,-6.61,No Sell Signal,13.41,10.0,20,0,5,10.0,-8,-4.55,86.59,43.19,69.0,4130.97,3547.77,False,11.42,-5,Golden Cross
2025-12-19,4361.4,8.29,12.84,11.36,5.22,-6.14,No Sell Signal,13.61,10.0,20,0,5,10.0,-8,-4.55,86.39,44.2,69.08,4139.27,3555.05,False,11.02,-5,Golden Cross
2025-12-22,4444.6,11.28,15.82,10.78,11.77,0.99,No Sell Signal,7.91,10.0,65,0,5,10.0,-8,-4.55,92.09,43.98,86.82,4148.64,3562.82,False,12.24,-5,Golden Cross
2025-12-23,4482.8,10.85,15.39,10.45,11.24,0.79,No Sell Signal,4.72,10.0,65,0,5,10.0,-8,-4.55,95.28,43.07,87.71,4156.13,3570.67,False,12.33,-5,Golden Cross
2025-12-24,4480.6,10.51,15.06,9.49,11.53,2.05,No Sell Signal,6.47,10.0,65,0,5,10.0,-8,-4.55,93.53,41.29,86.76,4162.97,3578.38,False,12.17,-5,Golden Cross
2025-12-26,4529.1,8.26,12.8,5.19,11.32,6.14,No Sell Signal,5.22,10.0,65,0,5,10.0,-8,-4.55,94.78,31.39,88.28,4170.01,3586.1,False,12.38,-5,Golden Cross
2025-12-29,4325.1,7.5,12.04,5.22,9.77,4.55,No Sell Signal,25.9,10.0,20,0,20,10.0,-8,-4.55,74.1,30.08,61.66,4170.91,3592.75,False,20.71,-5,Golden Cross
2025-12-30,4370.1,10.83,15.38,11.77,9.89,-1.89,No Sell Signal,26.59,10.0,20,0,20,10.0,-8,-4.55,73.41,32.73,63.25,4174.51,3599.6,False,20.91,-5,Golden Cross
2025-12-31,4325.6,12.66,17.2,11.24,14.07,2.83,No Sell Signal,31.69,10.0,40,0,20,10.0,-8,-4.55,68.31,32.65,59.92,4174.3,3606.06,False,20.74,-5,Golden Cross
2026-01-02,4314.4,12.69,17.24,11.53,13.85,2.31,No Sell Signal,30.36,10.0,40,0,20,10.0,-8,-4.55,69.64,32.53,52.52,4178.83,3612.45,False,20.78,-5,Golden Cross
2026-01-05,4436.9,10.38,14.92,11.32,9.43,-1.9,No Sell Signal,23.84,10.0,20,0,20,10.0,-8,-4.55,76.16,32.31,60.04,4186.68,3619.43,False,22.79,-5,Golden Cross
2026-01-06,4482.2,8.93,13.48,9.77,8.1,-1.67,No Sell Signal,15.86,10.0,20,0,20,10.0,-8,-4.55,84.14,30.2,62.19,4193.81,3626.75,False,22.91,-5,Golden Cross
2026-01-07,4449.3,11.13,15.68,9.89,12.38,2.49,No Sell Signal,21.53,10.0,40,0,20,10.0,-8,-4.55,78.47,29.82,59.65,4200.43,3633.94,False,22.98,-5,Golden Cross
2026-01-08,4449.7,13.21,17.76,14.07,12.36,-1.71,No Sell Signal,21.41,10.0,40,0,20,10.0,-8,-4.55,78.59,34.18,57.22,4209.39,3641.06,False,22.99,-5,Golden Cross
2026-01-09,4490.3,10.98,15.52,13.85,8.11,-5.74,No Sell Signal,15.94,10.0,20,0,20,10.0,-8,-4.55,84.06,32.29,60.18,4219.87,3648.41,False,23.0,-5,Golden Cross
2026-01-12,4604.3,10.32,14.86,9.43,11.21,1.78,No Sell Signal,9.52,10.0,20,0,20,35.0,-3,-4.55,90.48,30.86,64.59,4232.28,3656.13,False,23.45,-5,Golden Cross
2026-01-13,4589.2,12.01,16.55,8.1,15.91,7.82,No Sell Signal,17.75,10.0,40,0,20,35.0,-3,-4.55,82.25,29.94,59.46,4244.04,3663.65,False,23.57,-5,Golden Cross
2026-01-14,4626.3,13.96,18.5,12.38,15.54,3.16,No Sell Signal,15.5,10.0,40,0,20,35.0,-3,-4.55,84.5,31.14,59.4,4256.92,3671.16,False,23.62,-5,Golden Cross
2026-01-15,4616.3,14.14,18.69,12.36,15.92,3.57,No Sell Signal,17.81,10.0,40,0,20,35.0,-3,-4.55,82.19,36.43,58.8,4269.24,3678.65,False,23.66,-5,Golden Cross
2026-01-16,4588.4,12.68,17.23,8.11,17.25,9.14,No Sell Signal,25.8,10.0,40,0,20,35.0,-3,-4.55,74.2,35.5,53.95,4282.06,3685.89,False,23.77,-5,Golden Cross
2026-01-20,4759.6,15.64,20.18,11.21,20.07,8.86,No Sell Signal,12.69,10.0,65,0,20,40.0,-2,-4.55,87.31,33.41,80.27,4297.64,3694.21,False,26.5,-5,Golden Cross
2026-01-21,4831.8,17.57,22.12,15.91,19.23,3.32,No Sell Signal,12.67,10.0,65,0,20,35.0,-3,-4.55,87.33,35.1,80.99,4314.68,3703.3,False,26.75,-5,Golden Cross
2026-01-22,4908.8,14.51,19.05,15.54,13.47,-2.07,No Sell Signal,3.11,10.0,65,0,20,10.0,-8,-4.55,96.89,34.12,87.51,4332.87,3713.09,False,26.56,-5,Golden Cross
2026-01-23,4976.2,14.56,19.11,15.92,13.2,-2.72,No Sell Signal,1.49,10.0,65,0,20,10.0,-8,-4.55,98.51,28.55,89.7,4350.16,3723.13,False,26.71,-5,Golden Cross
2026-01-26,5079.7,15.17,19.72,17.25,13.09,-4.17,No Sell Signal,0.8,10.0,65,0,20,10.0,-8,-4.55,99.2,26.47,89.45,4369.61,3733.25,False,27.13,-5,Golden Cross
2026-01-27,5079.9,16.59,21.14,20.07,13.12,-6.95,No Sell Signal,1.0,10.0,65,0,20,10.0,-8,-4.55,99.0,25.08,88.84,4387.12,3742.87,False,27.17,-5,Golden Cross
2026-01-28,5301.6,16.07,20.61,19.23,12.9,-6.33,No Sell Signal,-0.3,10.0,65,0,20,10.0,-8,-4.55,100.3,69.2,94.47,4409.42,3753.27,False,23.26,-5,Golden Cross
2026-01-29,5318.4,13.2,17.75,13.47,12.93,-0.54,No Sell Signal,-0.16,10.0,65,0,20,10.0,-8,-4.55,100.16,54.18,94.56,4434.03,3763.84,False,23.39,-5,Golden Cross
2026-01-30,4713.9,16.14,20.68,13.2,19.07,5.87,No Sell Signal,21.71,10.0,40,0,60,10.0,-8,-4.55,78.29,43.75,57.27,4446.95,3771.31,False,48.52,-5,Golden Cross
2026-02-02,4622.5,16.49,21.03,13.09,19.89,6.8,No Sell Signal,26.61,10.0,40,0,60,10.0,-8,-4.55,73.39,44.5,50.6,4458.17,3777.79,False,49.19,-5,Golden Cross
2026-02-03,4903.7,16.55,21.1,13.12,19.98,6.86,No Sell Signal,12.17,10.0,40,0,75,10.0,-8,-4.55,87.83,44.6,58.82,4474.69,3785.77,False,52.4,-5,Golden Cross
2026-02-04,4920.4,16.6,21.15,12.9,20.3,7.39,No Sell Signal,14.06,10.0,40,0,75,10.0,-8,-4.55,85.94,45.2,58.35,4491.97,3793.34,False,52.37,-5,Golden Cross
2026-02-05,4861.4,17.31,21.86,12.93,21.7,8.77,No Sell Signal,17.45,10.0,40,0,75,15.0,-7,-4.55,82.55,44.32,56.77,4507.66,3800.64,False,52.54,-5,Golden Cross
2026-02-06,4951.2,19.25,23.79,19.07,19.43,0.35,No Sell Signal,3.82,10.0,40,0,75,15.0,-7,-4.55,96.18,42.93,59.69,4524.85,3809.02,False,52.71,-5,Golden Cross
2026-02-09,5050.9,19.05,23.6,19.89,18.21,-1.68,No Sell Signal,1.55,10.0,40,0,75,10.0,-8,-4.55,98.45,41.12,58.09,4543.08,3817.61,False,52.93,-5,Golden Cross
2026-02-10,5003.8,19.57,24.12,19.98,19.16,-0.83,No Sell Signal,7.21,10.0,40,0,75,10.0,-8,-4.55,92.79,40.4,54.84,4559.85,3826.22,False,52.73,-5,Golden Cross
2026-02-11,5071.6,19.7,24.24,20.3,19.1,-1.2,No Sell Signal,6.87,10.0,40,0,75,10.0,-8,-4.55,93.13,40.84,54.61,4576.92,3834.91,False,52.73,-5,Golden Cross
2026-02-12,4923.7,23.71,28.26,21.7,25.73,4.03,No Sell Signal,16.63,10.0,65,0,75,15.0,-7,-4.55,83.37,40.38,48.58,4590.61,3842.94,False,54.06,-5,Golden Cross
2026-02-13,5022.0,22.44,26.99,19.43,25.46,6.03,No Sell Signal,15.02,10.0,65,0,75,15.0,-7,-4.55,84.98,38.49,48.43,4607.32,3851.52,False,54.3,-5,Golden Cross
2026-02-17,4882.9,22.78,27.32,18.21,27.34,9.12,No Sell Signal,26.29,10.0,65,0,75,15.0,-7,-4.55,73.71,38.09,45.03,4620.99,3859.89,False,55.35,-5,Golden Cross
2026-02-18,4986.5,21.94,26.49,19.16,24.73,5.57,No Sell Signal,15.66,10.0,65,0,75,10.0,-8,-4.55,84.34,38.49,41.54,4636.48,3868.66,False,54.39,-5,Golden Cross
2026-02-19,4975.9,22.76,27.31,19.1,26.42,7.32,No Sell Signal,20.82,10.0,65,0,75,15.0,-7,-4.55,79.18,34.56,40.78,4651.74,3876.98,False,54.23,-5,Golden Cross
2026-02-20,5080.9,22.29,26.83,25.73,18.85,-6.88,No Sell Signal,11.39,23.96,20,0,75,10.0,-8,-4.55,88.61,88.11,63.52,4669.62,3885.33,False,54.43,-5,Golden Cross
2026-02-23,5204.7,24.84,29.38,25.46,24.21,-1.24,No Sell Signal,8.49,24.07,50,0,75,15.0,-7,-4.55,91.51,87.79,70.95,4689.58,3894.45,False,54.83,-5,Golden Cross
2026-02-24,5155.8,25.1,29.65,27.34,22.87,-4.47,No Sell Signal,10.38,24.1,20,0,75,35.0,-3,-4.55,89.62,87.69,60.89,4708.76,3903.74,False,54.58,-5,Golden Cross
2026-02-25,5206.4,23.87,28.42,24.73,23.02,-1.71,No Sell Signal,11.43,23.95,20,0,75,35.0,-3,-4.55,88.57,88.15,62.0,4727.18,3913.1,False,54.66,-5,Golden Cross
2026-02-26,5176.5,24.89,29.43,26.42,23.35,-3.08,No Sell Signal,13.31,24.04,20,0,75,35.0,-3,-4.55,86.69,87.87,63.56,4744.71,3922.88,False,52.53,-5,Golden Cross
2026-02-27,5230.5,31.83,36.38,18.85,44.82,25.97,Weak Sell,17.85,83.33,20,0,75,100.0,10,-4.55,82.15,75.0,62.4,4763.19,3932.83,False,52.65,-5,Golden Cross
2026-03-02,5294.4,27.26,31.81,24.21,30.31,6.09,No Sell Signal,18.07,41.05,20,0,40,90.0,8,-4.55,81.93,67.55,61.16,4782.98,3943.4,False,32.74,-5,Golden Cross
2026-03-03,5107.4,21.49,26.03,22.87,20.1,-2.77,No Sell Signal,17.89,10.0,40,0,40,40.0,-2,-4.55,82.11,69.94,54.21,4798.18,3952.83,False,34.7,-5,Golden Cross
2026-03-04,5193.7,21.0,25.55,23.02,18.99,-4.03,No Sell Signal,13.49,27.72,40,0,20,40.0,-2,-4.55,86.51,76.83,54.89,4815.27,3962.89,False,28.63,-5,Golden Cross
2026-03-05,5065.3,23.82,28.36,23.35,24.29,0.94,No Sell Signal,25.32,27.68,40,0,40,40.0,-2,-4.55,74.68,76.95,55.76,4829.34,3972.07,False,30.2,-5,Golden Cross
2026-03-06,5146.1,34.3,38.84,44.82,23.78,-21.04,Weak Sell,22.29,27.64,40,0,40,40.0,-2,-4.55,77.71,77.07,55.12,4843.37,3981.4,False,30.16,-5,Golden Cross
2026-03-09,5091.5,25.67,30.21,30.31,21.02,-9.28,No Sell Signal,25.6,27.82,40,0,20,40.0,-2,-4.55,74.4,76.53,59.25,4855.55,3990.31,False,29.96,-5,Golden Cross
2026-03-10,5224.6,19.59,24.14,20.1,19.08,-1.02,No Sell Signal,14.78,26.96,20,0,40,40.0,-2,-4.55,85.22,79.12,60.29,4870.43,3999.97,False,30.49,-5,Golden Cross
2026-03-11,5160.0,21.34,25.88,18.99,23.69,4.7,No Sell Signal,23.84,25.56,40,0,40,40.0,-2,-4.55,76.16,83.33,57.6,4883.05,4008.95,False,30.65,-5,Golden Cross
2026-03-12,5102.2,24.11,28.65,24.29,23.93,-0.36,No Sell Signal,25.74,25.09,40,0,40,40.0,-2,-4.55,74.26,84.72,50.92,4898.59,4017.97,False,30.65,-5,Golden Cross
