Date,Price,Net_Score_Avg,Gross_Score_Avg,Net_Score_BD1,Net_Score_BD2,Score_Delta,Tier,D1_ReturnRank,D2_VolumeRank,D3_RSI,D4_MA,D5_Volatility,D6_External,D6_Raw,Penalty_Scaled,WP_Return_Pct,WP_Volume_Pct,RSI_Value,MA50,MA200,Golden_Cross,Volatility_Pct,Penalty_Total,Warning_Flags
2025-03-13,2984.3,81.84,81.84,79.34,84.35,5.01,Strong ↑,70.84,60.26,100,100,100,75.0,5,0.0,70.84,60.26,56.77,2822.4,2603.97,True,15.91,0,None
2025-03-14,2994.5,82.83,82.83,82.04,83.62,1.58,Strong ↑,66.71,60.02,100,100,100,75.0,5,0.0,66.71,60.02,56.76,2829.71,2607.17,True,15.84,0,None
2025-03-17,3000.0,80.68,80.68,77.78,83.59,5.81,Strong ↑,66.99,59.54,100,100,100,75.0,5,0.0,66.99,59.54,65.57,2836.53,2610.47,True,14.78,0,None
2025-03-18,3035.1,81.74,81.74,77.89,85.6,7.71,Strong ↑,79.66,58.94,100,100,100,75.0,5,0.0,79.66,58.94,67.95,2844.33,2613.93,True,14.25,0,None
2025-03-19,3035.9,78.41,78.41,78.23,78.6,0.38,Strong ↑,78.57,58.05,70,100,100,65.0,3,0.0,78.57,58.05,75.73,2852.28,2617.49,True,14.1,0,None
2025-03-20,3040.0,79.65,79.65,84.35,74.96,-9.39,Strong ↑,78.37,56.39,50,100,100,65.0,3,0.0,78.37,56.39,89.94,2859.95,2620.96,True,13.98,0,None
2025-03-21,3018.2,79.71,79.71,83.62,75.8,-7.83,Strong ↑,66.24,53.55,70,100,100,65.0,3,0.0,66.24,53.55,78.73,2867.02,2624.42,True,14.3,0,None
2025-03-24,3013.1,79.26,79.26,83.59,74.92,-8.67,Strong ↑,61.39,53.15,70,100,100,65.0,3,0.0,61.39,53.15,74.82,2873.61,2627.72,True,14.31,0,None
2025-03-25,3023.7,80.2,80.2,85.6,74.81,-10.79,Strong ↑,61.43,52.41,70,100,100,65.0,3,0.0,61.43,52.41,75.4,2879.91,2630.98,True,13.11,0,None
2025-03-26,3020.9,76.69,76.69,78.6,74.77,-3.83,Strong ↑,61.81,51.81,70,100,100,65.0,3,0.0,61.81,51.81,74.27,2886.86,2634.56,True,13.12,0,None
2025-03-27,3060.2,75.17,75.17,74.96,75.38,0.42,Strong ↑,69.16,68.09,50,100,100,65.0,3,0.0,69.16,68.09,82.09,2894.51,2638.33,True,12.72,0,None
2025-03-28,3086.5,77.41,77.41,75.8,79.02,3.23,Strong ↑,76.77,72.37,50,100,100,75.0,5,0.0,76.77,72.37,88.35,2901.99,2642.22,True,10.77,0,None
2025-03-31,3122.8,77.91,77.91,74.92,80.9,5.98,Strong ↑,87.45,72.97,50,100,100,75.0,5,0.0,87.45,72.97,88.97,2909.52,2646.15,True,9.8,0,None
2025-04-01,3118.9,77.67,77.67,74.81,80.54,5.73,Strong ↑,84.98,73.27,50,100,100,75.0,5,0.0,84.98,73.27,86.4,2917.01,2650.25,True,9.9,0,None
2025-04-02,3139.9,77.53,77.53,74.77,80.29,5.52,Strong ↑,83.09,73.67,50,100,100,75.0,5,0.0,83.09,73.67,84.92,2924.71,2654.29,True,9.94,0,None
2025-04-03,3097.0,79.17,79.17,75.38,82.97,7.6,Strong ↑,69.52,73.33,70,100,100,85.0,7,0.0,69.52,73.33,70.06,2931.3,2658.21,True,11.59,0,None
2025-04-04,3012.0,81.45,81.45,79.02,83.88,4.86,Strong ↑,44.98,73.31,100,100,100,85.0,7,0.0,44.98,73.31,51.79,2936.28,2661.62,True,15.54,0,None
2025-04-07,2951.3,77.93,77.93,80.9,74.95,-5.95,Strong ↑,31.08,73.63,60,100,100,85.0,7,0.0,31.08,73.63,38.38,2939.76,2664.61,True,17.2,0,None
2025-04-08,2968.4,79.73,79.73,80.54,78.93,-1.61,Strong ↑,34.58,73.98,80,100,100,85.0,7,0.0,34.58,73.98,41.05,2944.37,2667.87,True,17.12,0,None
2025-04-09,3056.5,83.04,83.04,80.29,85.79,5.5,Strong ↑,55.54,74.2,100,100,100,85.0,7,0.0,55.54,74.2,51.79,2950.17,2671.5,True,19.65,0,None
2025-04-10,3155.2,85.83,85.83,82.97,88.69,5.71,Very Strong ↑↑,81.59,75.52,100,100,90,85.0,7,0.0,81.59,75.52,62.74,2957.89,2675.69,True,21.84,0,None
2025-04-11,3222.2,86.81,86.81,83.88,89.74,5.86,Very Strong ↑↑,88.05,75.42,100,100,90,85.0,7,0.0,88.05,75.42,67.43,2965.87,2680.31,True,22.75,0,None
2025-04-14,3204.8,82.06,82.06,74.95,89.17,14.22,Strong ↑,85.02,74.98,100,100,90,85.0,7,0.0,85.02,74.98,64.93,2973.72,2684.71,True,22.96,0,None
2025-04-15,3218.7,84.08,84.08,78.93,89.23,10.3,Strong ↑,86.25,74.12,100,100,90,85.0,7,0.0,86.25,74.12,66.01,2981.42,2689.17,True,22.77,0,None
2025-04-16,3326.6,88.3,88.3,85.79,90.8,5.01,Very Strong ↑↑,94.6,75.2,100,100,90,85.0,7,0.0,94.6,75.2,69.41,2990.88,2694.16,True,25.05,0,None
2025-04-17,3308.7,88.79,88.79,88.69,88.9,0.22,Very Strong ↑↑,94.04,74.38,100,100,90,75.0,5,0.0,94.04,74.38,66.39,2999.62,2699.09,True,25.27,0,None
2025-04-21,3406.2,90.48,90.48,89.74,91.21,1.47,Very Strong ↑↑,98.33,73.94,100,100,90,85.0,7,0.0,98.33,73.94,69.17,3010.63,2704.32,True,26.32,0,None
2025-04-22,3400.8,90.19,90.19,89.17,91.21,2.04,Very Strong ↑↑,97.67,74.58,100,100,90,85.0,7,0.0,97.67,74.58,69.03,3021.3,2709.38,True,26.32,0,None
2025-04-23,3276.3,86.87,86.87,89.23,84.5,-4.73,Very Strong ↑↑,87.49,74.52,100,100,70,75.0,5,0.0,87.49,74.52,58.08,3028.54,2713.99,True,30.21,0,None
2025-04-24,3332.0,87.73,87.73,90.8,84.66,-6.14,Very Strong ↑↑,88.8,74.14,100,100,70,75.0,5,0.0,88.8,74.14,63.71,3036.93,2718.85,True,30.46,0,None
2025-04-25,3282.4,86.28,86.28,88.9,83.65,-5.25,Very Strong ↑↑,83.55,73.37,100,100,70,75.0,5,0.0,83.55,73.37,66.46,3044.4,2723.4,True,31.07,0,None
2025-04-28,3332.5,84.92,84.92,91.21,78.63,-12.58,Strong ↑,85.96,70.82,70,100,70,75.0,5,0.0,85.96,70.82,73.51,3052.53,2727.99,True,31.29,0,None
2025-04-29,3318.8,84.72,84.72,91.21,78.24,-12.97,Strong ↑,83.15,71.27,70,100,70,75.0,5,0.0,83.15,71.27,71.7,3061.23,2732.51,True,31.28,0,None
2025-04-30,3305.0,83.55,83.55,84.5,82.6,-1.91,Strong ↑,83.65,66.93,100,100,70,75.0,5,0.0,83.65,66.93,66.95,3068.7,2736.92,True,31.34,0,None
2025-05-01,3210.0,81.33,81.33,84.66,78.0,-6.66,Strong ↑,58.37,64.62,100,100,70,75.0,5,0.0,58.37,64.62,53.76,3074.51,2740.66,True,33.18,0,None
2025-05-02,3231.9,81.12,81.12,83.65,78.59,-5.06,Strong ↑,61.71,64.82,100,100,70,75.0,5,0.0,61.71,64.82,50.71,3080.35,2744.54,True,32.76,0,None
2025-05-05,3311.3,80.27,80.27,78.63,81.91,3.28,Strong ↑,83.55,62.93,100,100,70,75.0,5,0.0,83.55,62.93,57.14,3087.82,2748.84,True,31.73,0,None
2025-05-06,3411.4,81.3,81.3,78.24,84.37,6.13,Strong ↑,97.29,63.92,100,100,70,75.0,5,0.0,97.29,63.92,61.57,3097.09,2753.92,True,31.5,0,None
2025-05-07,3381.4,83.19,83.19,82.6,83.78,1.18,Strong ↑,94.64,63.03,100,100,70,75.0,5,0.0,94.64,63.03,53.63,3106.63,2758.87,True,31.99,0,None
2025-05-08,3296.6,78.54,78.54,78.0,79.08,1.08,Strong ↑,87.89,61.59,80,100,70,75.0,5,0.0,87.89,61.59,49.26,3114.23,2763.33,True,32.65,0,None
2025-05-09,3335.4,79.34,79.34,78.59,80.08,1.49,Strong ↑,94.48,61.02,80,100,70,75.0,5,0.0,94.48,61.02,45.36,3123.27,2767.94,True,31.15,0,None
2025-05-12,3220.0,76.86,76.86,81.91,71.81,-10.1,Strong ↑,58.39,62.49,60,100,70,80.0,6,0.0,58.39,62.49,39.64,3130.94,2772.28,True,32.96,0,None
2025-05-13,3240.3,79.95,79.95,84.37,75.52,-8.85,Strong ↑,56.2,66.93,80,100,70,80.0,6,0.0,56.2,66.93,47.66,3137.94,2776.58,True,32.96,0,None
2025-05-14,3181.4,72.78,75.05,83.78,61.79,-21.99,Moderate ↑,53.76,69.22,80,100,70,25.0,-5,-4.55,53.76,69.22,40.24,3143.37,2780.6,True,33.56,-5,Mild Reversal
2025-05-15,3220.7,77.73,77.73,79.08,76.39,-2.69,Strong ↑,59.02,69.3,80,100,70,80.0,6,0.0,59.02,69.3,45.95,3149.48,2784.68,True,31.61,0,None
2025-05-16,3182.0,69.04,71.31,80.08,58.0,-22.08,Moderate ↑,51.29,68.98,60,100,70,25.0,-5,-4.55,51.29,68.98,39.97,3154.79,2788.46,True,31.8,-5,Mild Reversal
2025-05-19,3228.9,69.51,69.51,71.81,67.21,-4.6,Moderate ↑,59.58,68.71,80,100,70,25.0,-5,0.0,59.58,68.71,44.26,3161.27,2792.43,True,30.36,0,None
2025-05-20,3280.3,71.68,71.68,75.52,67.84,-7.69,Moderate ↑,63.92,68.09,80,100,70,25.0,-5,0.0,63.92,68.09,48.5,3169.06,2796.7,True,31.02,0,None
2025-05-21,3309.3,67.52,69.79,61.79,73.26,11.47,Moderate ↑,67.81,66.73,100,100,90,15.0,-7,0.0,67.81,66.73,56.58,3176.99,2801.24,True,28.43,0,None
2025-05-22,3292.3,81.12,81.12,76.39,85.86,9.47,Strong ↑,67.39,67.75,100,100,90,90.0,8,0.0,67.39,67.75,54.03,3184.05,2805.75,True,27.86,0,None
2025-05-23,3363.6,71.71,73.98,58.0,85.42,27.42,Moderate ↑,80.16,67.37,100,100,90,75.0,5,0.0,80.16,67.37,53.52,3191.64,2810.62,True,28.34,0,None
2025-05-27,3299.1,74.71,74.71,67.21,82.21,14.99,Moderate ↑,76.2,67.05,80,100,90,80.0,6,0.0,76.2,67.05,42.05,3197.73,2815.0,True,28.71,0,None
2025-05-28,3293.6,71.59,71.59,67.84,75.34,7.5,Moderate ↑,68.63,88.41,80,100,90,25.0,-5,0.0,68.63,88.41,43.56,3203.6,2819.31,True,28.68,0,None
2025-05-29,3317.1,78.78,78.78,73.26,84.31,11.05,Strong ↑,74.5,91.35,100,100,90,50.0,0,0.0,74.5,91.35,51.65,3209.24,2823.58,True,28.76,0,None
2025-05-30,3288.9,80.69,82.96,85.86,75.52,-10.33,Strong ↑,72.85,87.57,80,100,90,50.0,0,-4.55,72.85,87.57,46.19,3214.3,2827.7,True,26.97,-5,Mild Reversal
2025-06-02,3370.6,86.35,86.35,85.42,87.28,1.86,Very Strong ↑↑,86.18,82.49,100,100,90,65.0,3,0.0,86.18,82.49,63.07,3220.91,2832.35,True,28.13,0,None
2025-06-03,3350.2,84.78,84.78,82.21,87.35,5.15,Strong ↑,85.96,83.17,100,100,90,65.0,3,0.0,85.96,83.17,59.53,3227.55,2836.84,True,27.04,0,None
2025-06-04,3373.5,81.09,81.09,75.34,86.83,11.49,Strong ↑,83.94,82.05,100,100,90,65.0,3,0.0,83.94,82.05,67.76,3234.76,2841.21,True,24.96,0,None
2025-06-05,3350.7,83.63,83.63,84.31,82.96,-1.35,Strong ↑,76.85,80.9,100,100,90,50.0,0,0.0,76.85,80.9,62.4,3241.3,2845.46,True,24.89,0,None
2025-06-06,3322.7,78.82,81.09,75.52,82.11,6.58,Strong ↑,72.53,80.12,100,100,90,50.0,0,0.0,72.53,80.12,63.7,3247.34,2849.51,True,23.42,0,None
2025-06-09,3332.1,86.04,86.04,87.28,84.79,-2.48,Very Strong ↑↑,72.15,81.61,100,100,90,65.0,3,0.0,72.15,81.61,60.84,3252.78,2853.63,True,23.08,0,None
2025-06-10,3320.9,83.14,85.41,87.35,78.92,-8.43,Strong ↑,72.67,78.13,100,100,100,50.0,0,-4.55,72.67,78.13,54.66,3257.46,2857.84,True,19.41,-5,Mild Reversal
2025-06-11,3321.3,86.73,86.73,86.83,86.62,-0.21,Very Strong ↑↑,74.56,80.18,100,100,100,65.0,3,0.0,74.56,80.18,51.47,3261.43,2861.91,True,19.34,0,None
2025-06-12,3380.9,85.58,85.58,82.96,88.2,5.25,Very Strong ↑↑,83.71,80.52,100,100,100,65.0,3,0.0,83.71,80.52,59.85,3266.67,2866.22,True,18.78,0,None
2025-06-13,3431.2,86.7,86.7,82.11,91.29,9.19,Very Strong ↑↑,93.09,79.68,100,100,100,75.0,5,0.0,93.09,79.68,57.88,3272.5,2870.8,True,18.96,0,None
2025-06-16,3396.4,86.66,86.66,84.79,88.52,3.72,Very Strong ↑↑,87.33,78.76,100,100,100,65.0,3,0.0,87.33,78.76,62.19,3278.49,2875.28,True,18.78,0,None
2025-06-17,3386.6,84.54,86.81,78.92,90.16,11.24,Strong ↑,86.22,79.76,100,100,100,75.0,5,0.0,86.22,79.76,61.53,3285.98,2879.58,True,18.42,0,None
2025-06-18,3389.8,88.19,88.19,86.62,89.75,3.12,Very Strong ↑↑,85.58,77.91,100,100,100,75.0,5,0.0,85.58,77.91,59.49,3294.75,2884.06,True,17.75,0,None
2025-06-20,3368.1,87.97,87.97,88.2,87.74,-0.46,Very Strong ↑↑,73.82,77.63,100,100,100,75.0,5,0.0,73.82,77.63,60.52,3302.74,2888.45,True,17.76,0,None
2025-06-23,3377.7,88.37,88.37,91.29,85.44,-5.85,Very Strong ↑↑,71.27,76.39,100,100,100,65.0,3,0.0,71.27,76.39,51.17,3309.17,2892.87,True,17.63,0,None
2025-06-24,3317.4,84.96,84.96,88.52,81.39,-7.12,Strong ↑,66.85,76.51,80,100,100,65.0,3,0.0,66.85,76.51,45.24,3312.41,2896.9,True,17.19,0,None
2025-06-25,3327.1,81.88,84.16,90.16,73.6,-16.56,Strong ↑,63.35,75.54,80,100,100,50.0,0,-4.55,63.35,75.54,42.99,3314.51,2901.07,True,15.84,-5,Mild Reversal
2025-06-26,3333.5,85.9,85.9,89.75,82.05,-7.7,Very Strong ↑↑,68.37,78.94,80,100,100,65.0,3,0.0,68.37,78.94,47.26,3317.08,2905.23,True,15.82,0,None
2025-06-27,3273.7,76.81,79.08,87.74,65.87,-21.87,Strong ↑,58.65,68.84,80,65,100,50.0,0,-4.55,58.65,68.84,42.92,3318.18,2909.04,True,16.87,-5,Mild Reversal
2025-06-30,3294.4,75.27,77.54,85.44,65.1,-20.35,Strong ↑,57.55,65.32,80,65,100,50.0,0,-4.55,57.55,65.32,44.73,3317.54,2912.95,True,16.78,-5,Mild Reversal
2025-07-01,3336.7,82.1,82.1,81.39,82.81,1.42,Strong ↑,67.49,64.38,100,100,100,65.0,3,0.0,67.49,64.38,52.03,3318.1,2916.88,True,14.97,0,None
2025-07-02,3348.0,76.79,79.06,73.6,79.98,6.37,Strong ↑,66.89,62.97,100,100,100,50.0,0,0.0,66.89,62.97,53.34,3316.94,2920.71,True,14.88,0,None
2025-07-03,3331.6,76.35,78.62,82.05,70.64,-11.41,Strong ↑,62.51,58.61,80,100,100,50.0,0,-4.55,62.51,58.61,43.08,3315.55,2924.46,True,14.75,-5,Mild Reversal
2025-07-04,3332.5,68.78,71.05,65.87,71.69,5.82,Moderate ↑,63.15,56.97,60,100,100,50.0,0,0.0,63.15,56.97,33.92,3316.68,2928.31,True,14.57,0,None
2025-07-07,3332.2,68.28,70.55,65.1,71.46,6.36,Moderate ↑,63.11,55.66,60,100,100,50.0,0,0.0,63.11,55.66,38.22,3316.68,2932.11,True,14.27,0,None
2025-07-08,3307.0,71.9,74.17,82.81,60.99,-21.82,Moderate ↑,61.37,56.83,60,65,100,50.0,0,-4.55,61.37,56.83,36.17,3317.17,2935.71,True,14.48,-5,Mild Reversal
2025-07-09,3311.6,70.23,72.5,79.98,60.49,-19.49,Moderate ↑,58.82,56.37,60,65,100,50.0,0,-4.55,58.82,56.37,36.48,3316.75,2939.17,True,14.45,-5,Mild Reversal
2025-07-10,3317.4,69.92,74.47,70.64,69.21,-1.43,Moderate ↑,56.1,56.43,80,100,100,50.0,0,-4.55,56.1,56.43,40.72,3316.73,2942.62,True,14.46,-5,Mild Reversal
2025-07-11,3356.0,74.08,74.08,71.69,76.47,4.78,Moderate ↑,56.63,57.17,80,100,100,65.0,3,0.0,56.63,57.17,46.41,3317.75,2946.14,True,13.61,0,None
2025-07-14,3351.5,73.79,73.79,71.46,76.12,4.66,Moderate ↑,49.94,56.77,100,100,100,50.0,0,0.0,49.94,56.77,56.92,3320.58,2949.61,True,12.44,0,None
2025-07-15,3329.8,66.08,68.35,60.99,71.18,10.19,Moderate ↑,46.65,55.4,100,100,100,25.0,-5,0.0,46.65,55.4,50.52,3322.53,2952.91,True,12.16,0,None
2025-07-16,3352.5,65.9,68.18,60.49,71.32,10.83,Moderate ↑,48.19,54.74,100,100,100,25.0,-5,0.0,48.19,54.74,53.46,3323.36,2956.45,True,12.43,0,None
2025-07-17,3340.1,69.66,71.93,69.21,70.1,0.89,Moderate ↑,40.2,55.42,100,100,100,25.0,-5,0.0,40.2,55.42,64.6,3321.93,2959.97,True,12.47,0,None
2025-07-18,3353.0,73.03,75.31,76.47,69.6,-6.87,Moderate ↑,39.62,55.24,100,100,100,50.0,0,-4.55,39.62,55.24,63.34,3321.36,2963.4,True,12.38,-5,Mild Reversal
2025-07-21,3401.9,77.71,77.71,76.12,79.3,3.18,Strong ↑,56.85,53.94,100,100,100,65.0,3,0.0,56.85,53.94,64.41,3323.47,2967.17,True,13.37,0,None
2025-07-22,3439.2,75.78,75.78,71.18,80.39,9.21,Strong ↑,63.86,53.45,100,100,100,65.0,3,0.0,63.86,53.45,68.08,3325.55,2971.08,True,12.07,0,None
2025-07-23,3394.1,75.3,75.3,71.32,79.28,7.96,Strong ↑,57.63,53.05,100,100,100,65.0,3,0.0,57.63,53.05,61.12,3329.03,2974.82,True,13.12,0,None
2025-07-24,3371.0,74.12,74.12,70.1,78.14,8.04,Moderate ↑,49.56,54.28,100,100,100,65.0,3,0.0,49.56,54.28,56.35,3331.64,2978.45,True,13.39,0,None
2025-07-25,3334.0,70.63,72.9,69.6,71.66,2.06,Moderate ↑,47.83,52.13,100,65,100,65.0,3,0.0,47.83,52.13,50.26,3334.69,2982.05,True,12.35,0,None
2025-07-28,3309.1,76.19,76.19,79.3,73.07,-6.23,Strong ↑,40.84,52.61,100,65,100,80.0,6,0.0,40.84,52.61,50.31,3336.46,2985.56,True,12.51,0,None
2025-07-29,3323.4,78.79,78.79,80.39,77.2,-3.18,Strong ↑,41.08,77.15,100,65,100,80.0,6,0.0,41.08,77.15,51.69,3339.29,2989.08,True,11.76,0,None
2025-07-30,3295.8,68.35,70.63,79.28,57.43,-21.85,Moderate ↑,31.33,70.5,80,65,100,25.0,-5,-4.55,31.33,70.5,47.09,3340.63,2992.27,True,12.01,-5,Mild Reversal
2025-07-31,3293.2,67.3,69.57,78.14,56.46,-21.68,Moderate ↑,25.7,70.34,80,65,100,25.0,-5,-4.55,25.7,70.34,40.63,3340.89,2995.5,True,11.91,-5,Mild Reversal
2025-08-01,3347.7,75.97,75.97,71.66,80.29,8.63,Strong ↑,41.02,70.7,80,100,100,90.0,8,0.0,41.02,70.7,49.51,3341.65,2998.93,True,13.3,0,None
2025-08-04,3374.4,78.03,78.03,73.07,82.98,9.91,Strong ↑,47.49,70.42,100,100,100,80.0,6,0.0,47.49,70.42,55.72,3343.3,3002.43,True,13.57,0,None
2025-08-05,3381.9,80.1,80.1,77.2,82.99,5.78,Strong ↑,47.91,70.02,100,100,100,80.0,6,0.0,47.91,70.02,53.92,3343.66,3005.88,True,13.24,0,None
2025-08-06,3380.0,70.39,72.66,57.43,83.35,25.92,Moderate ↑,50.92,69.18,100,100,100,80.0,6,0.0,50.92,69.18,55.48,3345.28,3009.21,True,13.25,0,None
2025-08-07,3400.3,70.71,72.98,56.46,84.96,28.5,Moderate ↑,58.98,70.8,100,100,100,80.0,6,0.0,58.98,70.8,56.36,3347.41,3012.6,True,13.36,0,None
2025-08-08,3439.1,83.25,83.25,80.29,86.21,5.93,Strong ↑,60.9,76.37,100,100,100,80.0,6,0.0,60.9,76.37,55.14,3349.85,3016.08,True,13.34,0,None
2025-08-11,3353.1,72.03,74.3,82.98,61.08,-21.91,Moderate ↑,32.01,76.71,60,100,100,25.0,-5,-4.55,32.01,76.71,39.51,3351.14,3019.27,True,16.14,-5,Mild Reversal
2025-08-12,3348.9,70.33,72.6,82.99,57.67,-25.32,Moderate ↑,26.73,76.53,80,65,100,25.0,-5,-4.55,26.73,76.53,43.88,3350.7,3022.34,True,15.97,-5,Mild Reversal
2025-08-13,3358.7,79.47,79.47,83.35,75.59,-7.76,Strong ↑,32.15,76.39,80,100,100,65.0,3,0.0,32.15,76.39,48.27,3350.87,3025.43,True,15.83,0,None
2025-08-14,3335.2,74.91,77.18,84.96,64.86,-20.11,Moderate ↑,26.06,75.36,100,65,100,50.0,0,-4.55,26.06,75.36,50.18,3350.11,3028.39,True,15.97,-5,Mild Reversal
2025-08-15,3336.0,75.59,77.87,86.21,64.97,-21.24,Strong ↑,28.53,73.59,100,65,100,50.0,0,-4.55,28.53,73.59,54.22,3349.81,3031.23,True,15.91,-5,Mild Reversal
2025-08-18,3331.7,62.36,66.91,61.08,63.65,2.57,Moderate ↑,21.1,73.07,100,65,100,50.0,0,-4.55,21.1,73.07,51.35,3349.99,3033.94,True,14.97,-5,Mild Reversal
2025-08-19,3313.4,58.17,62.71,57.67,58.67,1.01,Neutral →,15.5,73.8,100,65,100,25.0,-5,-4.55,15.5,73.8,52.94,3349.62,3036.82,True,14.38,-5,Mild Reversal
2025-08-20,3343.4,67.38,69.65,75.59,59.17,-16.42,Moderate ↑,17.79,74.5,100,65,100,25.0,-5,-4.55,17.79,74.5,57.69,3350.07,3039.84,True,14.23,-5,Mild Reversal
2025-08-21,3336.9,62.68,64.95,64.86,60.49,-4.36,Moderate ↑,19.28,73.69,80,65,100,25.0,-5,0.0,19.28,73.69,48.06,3350.38,3042.85,True,14.07,0,None
2025-08-22,3374.4,72.77,75.04,64.97,80.56,15.59,Moderate ↑,29.12,74.26,100,100,100,80.0,6,0.0,29.12,74.26,50.0,3350.25,3046.02,True,14.08,0,None
2025-08-25,3373.8,70.82,73.09,63.65,77.99,14.35,Moderate ↑,32.87,75.1,80,100,100,80.0,6,0.0,32.87,75.1,48.57,3349.1,3049.55,True,13.77,0,None
2025-08-26,3388.6,68.3,70.57,58.67,77.92,19.25,Moderate ↑,36.39,66.12,100,100,100,65.0,3,0.0,36.39,66.12,51.46,3348.95,3053.0,True,13.77,0,None
2025-08-27,3404.6,68.75,71.02,59.17,78.33,19.16,Moderate ↑,40.62,64.36,100,100,100,65.0,3,0.0,40.62,64.36,50.74,3349.31,3056.58,True,13.4,0,None
2025-08-28,3431.8,68.99,68.99,60.49,77.48,16.99,Moderate ↑,55.68,64.22,80,100,100,65.0,3,0.0,55.68,64.22,48.69,3350.15,3060.69,True,13.54,0,None
2025-08-29,3473.7,77.94,77.94,80.56,75.32,-5.25,Strong ↑,55.44,61.45,70,100,100,65.0,3,0.0,55.44,61.45,75.62,3352.26,3065.06,True,13.03,0,None
2025-09-02,3549.4,76.37,76.37,77.99,74.74,-3.25,Strong ↑,72.65,60.8,50,100,100,65.0,3,0.0,72.65,60.8,82.67,3355.69,3069.9,True,14.62,0,None
2025-09-03,3593.2,76.67,76.67,77.92,75.42,-2.5,Strong ↑,77.61,59.92,50,100,100,65.0,3,0.0,77.61,59.92,84.39,3361.21,3075.02,True,15.01,0,None
2025-09-04,3565.8,76.24,76.24,78.33,74.15,-4.18,Strong ↑,73.07,56.85,50,100,100,65.0,3,0.0,73.07,56.85,83.44,3365.98,3080.02,True,15.41,0,None
2025-09-05,3613.2,76.37,76.37,77.48,75.25,-2.23,Strong ↑,79.44,57.07,50,100,100,65.0,3,0.0,79.44,57.07,85.41,3371.58,3085.04,True,15.81,0,None
2025-09-08,3638.1,75.65,75.65,75.32,75.99,0.68,Strong ↑,84.5,56.45,50,100,100,65.0,3,0.0,84.5,56.45,87.18,3378.87,3090.09,True,15.59,0,None
2025-09-09,3643.3,74.86,74.86,74.74,74.98,0.24,Moderate ↑,80.9,54.0,50,100,100,65.0,3,0.0,80.9,54.0,91.35,3385.84,3095.07,True,11.87,0,None
2025-09-10,3643.6,74.91,74.91,75.42,74.4,-1.02,Moderate ↑,79.2,52.21,50,100,100,65.0,3,0.0,79.2,52.21,90.66,3391.98,3099.93,True,11.8,0,None
2025-09-11,3636.9,73.93,73.93,74.15,73.71,-0.44,Moderate ↑,75.84,51.41,50,100,100,65.0,3,0.0,75.84,51.41,90.61,3397.76,3104.56,True,11.98,0,None
2025-09-12,3649.4,74.04,74.04,75.25,72.84,-2.42,Moderate ↑,69.62,52.39,50,100,100,65.0,3,0.0,69.62,52.39,89.92,3404.12,3109.72,True,11.3,0,None
2025-09-15,3682.2,74.66,74.66,75.99,73.33,-2.67,Moderate ↑,72.89,52.07,50,100,100,65.0,3,0.0,72.89,52.07,90.95,3411.11,3115.03,True,11.29,0,None
2025-09-16,3688.9,74.06,74.06,74.98,73.13,-1.85,Moderate ↑,72.27,51.51,50,100,100,65.0,3,0.0,72.27,51.51,90.75,3418.24,3120.28,True,11.12,0,None
2025-09-17,3681.8,73.76,73.76,74.4,73.13,-1.27,Moderate ↑,72.43,51.33,50,100,100,65.0,3,0.0,72.43,51.33,88.54,3425.74,3125.4,True,10.75,0,None
2025-09-18,3643.7,74.32,74.32,73.71,74.94,1.23,Moderate ↑,64.46,50.18,70,100,100,65.0,3,0.0,64.46,50.18,78.6,3432.38,3130.45,True,11.93,0,None
2025-09-19,3671.5,74.09,74.09,72.84,75.35,2.52,Moderate ↑,68.94,48.17,70,100,100,65.0,3,0.0,68.94,48.17,77.75,3439.46,3135.58,True,11.75,0,None
2025-09-22,3740.7,75.31,75.31,73.33,77.29,3.96,Strong ↑,79.8,48.92,70,100,100,65.0,3,0.0,79.8,48.92,77.34,3447.16,3141.01,True,12.55,0,None
2025-09-23,3780.6,75.72,75.72,73.13,78.31,5.18,Strong ↑,85.58,49.3,70,100,100,65.0,3,0.0,85.58,49.3,77.08,3455.74,3146.78,True,12.52,0,None
2025-09-24,3732.1,74.69,74.69,73.13,76.25,3.12,Moderate ↑,72.87,49.62,70,100,100,65.0,3,0.0,72.87,49.62,72.65,3463.79,3152.25,True,14.08,0,None
2025-09-25,3736.9,79.11,79.11,74.94,83.28,8.34,Strong ↑,75.3,44.4,100,100,100,80.0,6,0.0,75.3,44.4,69.06,3471.47,3157.61,True,14.13,0,None
2025-09-26,3775.3,76.93,76.93,75.35,78.5,3.15,Strong ↑,79.56,56.43,70,100,100,65.0,3,0.0,79.56,56.43,70.3,3480.18,3163.0,True,14.22,0,None
2025-09-29,3820.9,79.67,79.67,77.29,82.05,4.76,Strong ↑,84.72,57.55,70,100,100,80.0,6,0.0,84.72,57.55,73.47,3489.54,3168.44,True,14.21,0,None
2025-09-30,3840.8,79.05,79.05,78.31,79.78,1.47,Strong ↑,86.14,57.57,70,100,100,65.0,3,0.0,86.14,57.57,74.77,3498.31,3174.2,True,12.8,0,None
2025-10-01,3867.5,78.15,78.15,76.25,80.06,3.81,Strong ↑,87.85,57.51,70,100,100,65.0,3,0.0,87.85,57.51,77.58,3506.88,3180.26,True,12.49,0,None
2025-10-02,3839.7,81.52,81.52,83.28,79.76,-3.52,Strong ↑,85.98,57.61,70,100,100,65.0,3,0.0,85.98,57.61,71.96,3515.79,3186.2,True,12.44,0,None
2025-10-03,3880.8,79.78,79.78,78.5,81.07,2.57,Strong ↑,94.5,56.91,70,100,100,65.0,3,0.0,94.5,56.91,72.49,3525.99,3192.38,True,12.22,0,None
2025-10-06,3948.5,82.95,82.95,82.05,83.85,1.81,Strong ↑,97.29,55.82,70,100,100,80.0,6,0.0,97.29,55.82,75.83,3538.28,3198.94,True,13.1,0,None
2025-10-07,3976.6,81.89,81.89,79.78,83.99,4.2,Strong ↑,97.77,56.16,70,100,100,80.0,6,0.0,97.77,56.16,78.15,3551.63,3205.87,True,13.09,0,None
2025-10-08,4043.3,80.47,80.47,80.06,80.89,0.83,Strong ↑,98.92,56.41,50,100,100,80.0,6,0.0,98.92,56.41,86.18,3566.03,3212.94,True,13.66,0,None
2025-10-09,3946.3,81.28,81.28,79.76,82.8,3.04,Strong ↑,90.66,56.16,70,100,100,80.0,6,0.0,90.66,56.16,72.11,3579.04,3219.61,True,16.88,0,None
2025-10-10,3975.9,82.67,82.67,81.07,84.28,3.21,Strong ↑,89.04,56.61,70,100,100,90.0,8,0.0,89.04,56.61,70.21,3592.69,3226.39,True,16.92,0,None
2025-10-13,4108.6,84.06,84.06,83.85,84.28,0.42,Strong ↑,98.8,56.85,70,100,100,80.0,6,0.0,98.8,56.85,74.31,3607.91,3233.74,True,19.64,0,None
2025-10-14,4138.7,83.35,83.35,83.99,82.72,-1.27,Strong ↑,99.04,57.27,50,100,100,90.0,8,0.0,99.04,57.27,80.98,3623.19,3241.34,True,19.6,0,None
2025-10-15,4176.9,81.57,81.57,80.89,82.26,1.37,Strong ↑,96.04,57.51,50,100,100,90.0,8,0.0,96.04,57.51,81.9,3639.09,3249.2,True,19.42,0,None
2025-10-16,4280.2,82.91,82.91,82.8,83.02,0.22,Strong ↑,100.02,58.11,50,100,100,90.0,8,0.0,100.02,58.11,83.46,3657.1,3257.45,True,19.4,0,None
2025-10-17,4189.9,83.89,83.89,84.28,83.5,-0.78,Strong ↑,91.83,59.16,70,100,90,90.0,8,0.0,91.83,59.16,73.09,3672.89,3265.11,True,21.89,0,None
2025-10-20,4336.4,83.64,83.64,84.28,83.01,-1.27,Strong ↑,98.31,59.74,70,100,90,80.0,6,0.0,98.31,59.74,76.77,3690.84,3273.57,True,23.65,0,None
2025-10-21,4087.7,82.49,82.49,82.72,82.26,-0.45,Strong ↑,82.77,60.82,100,100,70,80.0,6,0.0,82.77,60.82,59.59,3705.53,3280.81,True,32.55,0,None
2025-10-22,4044.4,81.58,81.58,82.26,80.9,-1.36,Strong ↑,74.94,60.46,100,100,70,80.0,6,0.0,74.94,60.46,58.8,3719.44,3287.75,True,32.41,0,None
2025-10-23,4125.5,82.76,82.76,83.02,82.49,-0.53,Strong ↑,85.22,59.72,100,100,70,80.0,6,0.0,85.22,59.72,60.17,3734.77,3295.06,True,32.84,0,None
2025-10-24,4118.4,82.57,82.57,83.5,81.65,-1.85,Strong ↑,82.29,57.61,100,100,70,80.0,6,0.0,82.29,57.61,57.43,3750.44,3302.23,True,32.87,0,None
2025-10-27,4001.9,80.65,80.65,83.01,78.3,-4.71,Strong ↑,70.68,49.1,100,100,70,80.0,6,0.0,70.68,49.1,51.03,3763.76,3308.7,True,34.63,0,None
2025-10-28,3966.2,78.05,78.05,82.26,73.83,-8.44,Strong ↑,67.21,45.76,80,100,70,80.0,6,0.0,67.21,45.76,46.79,3776.45,3315.16,True,34.84,0,None
2025-10-29,3983.7,79.43,79.43,80.9,77.97,-2.93,Strong ↑,72.43,45.38,100,100,70,80.0,6,0.0,72.43,45.38,51.67,3789.85,3321.69,True,34.8,0,None
2025-10-30,4001.3,79.91,79.91,82.49,77.32,-5.17,Strong ↑,68.31,45.64,100,100,70,80.0,6,0.0,68.31,45.64,51.15,3803.01,3328.13,True,34.66,0,None
2025-10-31,3982.2,77.71,77.71,81.65,73.77,-7.88,Strong ↑,67.07,45.56,80,100,70,80.0,6,0.0,67.07,45.56,43.65,3815.92,3334.31,True,34.6,0,None
2025-11-03,4000.3,75.81,75.81,78.3,73.33,-4.97,Strong ↑,66.16,43.82,80,100,70,80.0,6,0.0,66.16,43.82,42.96,3828.43,3340.59,True,34.14,0,None
2025-11-04,3947.7,64.35,66.62,73.83,54.86,-18.96,Moderate ↑,57.33,44.12,60,100,70,25.0,-5,-4.55,57.33,44.12,38.51,3839.91,3346.56,True,34.39,-5,Mild Reversal
2025-11-05,3980.3,73.82,73.82,77.97,69.67,-8.3,Moderate ↑,65.04,42.97,60,100,70,80.0,6,0.0,65.04,42.97,33.82,3851.75,3352.62,True,33.99,0,None
2025-11-06,3979.9,66.3,68.58,77.32,55.29,-22.04,Moderate ↑,61.47,42.51,60,100,70,25.0,-5,-4.55,61.47,42.51,37.45,3863.25,3358.7,True,32.9,-5,Mild Reversal
2025-11-07,3999.4,69.9,69.9,73.77,66.02,-7.75,Moderate ↑,75.14,40.98,30,100,70,80.0,6,0.0,75.14,40.98,26.26,3874.6,3364.81,True,32.84,0,None
2025-11-10,4111.8,76.52,76.52,73.33,79.72,6.39,Strong ↑,87.95,40.36,100,100,70,80.0,6,0.0,87.95,40.36,52.1,3887.37,3371.69,True,32.22,0,None
2025-11-11,4106.8,62.58,64.85,54.86,70.29,15.43,Moderate ↑,86.87,39.86,100,100,70,25.0,-5,0.0,86.87,39.86,55.83,3898.51,3378.39,True,32.12,0,None
2025-11-12,4204.4,74.83,74.83,69.67,79.99,10.32,Moderate ↑,90.68,39.26,100,100,70,80.0,6,0.0,90.68,39.26,57.15,3910.74,3385.56,True,33.04,0,None
2025-11-13,4186.9,68.17,70.44,55.29,81.05,25.76,Moderate ↑,88.51,37.77,100,100,70,90.0,8,0.0,88.51,37.77,56.09,3923.16,3392.38,True,31.87,0,None
2025-11-14,4087.6,67.16,67.16,66.02,68.29,2.27,Moderate ↑,78.19,36.57,100,100,70,25.0,-5,0.0,78.19,36.57,57.86,3932.65,3398.76,True,32.09,0,None
2025-11-17,4068.3,71.98,74.26,79.72,64.25,-15.47,Moderate ↑,69.86,37.91,100,100,90,15.0,-7,-4.55,69.86,37.91,59.66,3941.25,3404.93,True,29.29,-5,Mild Reversal
2025-11-18,4061.3,66.95,69.22,70.29,63.61,-6.68,Moderate ↑,65.48,38.43,100,100,90,15.0,-7,-4.55,65.48,38.43,57.49,3949.61,3410.97,True,21.61,-5,Mild Reversal
2025-11-19,4077.7,72.06,74.34,79.99,64.14,-15.85,Moderate ↑,69.38,37.73,100,100,90,15.0,-7,-4.55,69.38,37.73,57.39,3958.29,3417.0,True,21.31,-5,Mild Reversal
2025-11-20,4056.5,80.68,80.68,81.05,80.31,-0.73,Strong ↑,64.68,37.19,100,100,90,90.0,8,0.0,64.68,37.19,57.16,3966.69,3423.0,True,20.15,0,None
2025-11-21,4076.7,66.07,68.34,68.29,63.85,-4.44,Moderate ↑,68.78,36.59,100,100,90,15.0,-7,-4.55,68.78,36.59,57.33,3975.23,3429.05,True,20.25,-5,Mild Reversal
2025-11-24,4091.9,67.12,69.4,64.25,70.0,5.75,Moderate ↑,71.55,33.45,100,100,100,15.0,-7,0.0,71.55,33.45,64.91,3983.43,3434.94,True,17.54,0,None
2025-11-25,4139.2,74.82,77.09,63.61,86.04,22.43,Moderate ↑,82.05,54.16,100,100,100,80.0,6,0.0,82.05,54.16,65.94,3992.43,3441.07,True,17.49,0,None
2025-11-26,4165.2,75.67,77.95,64.14,87.21,23.07,Strong ↑,86.73,56.51,100,100,100,80.0,6,0.0,86.73,56.51,67.68,4002.1,3447.35,True,17.53,0,None
2025-11-28,4218.3,82.82,82.82,80.31,85.34,5.02,Strong ↑,87.21,44.8,100,100,100,80.0,6,0.0,87.21,44.8,69.63,4013.59,3453.81,True,17.89,0,None
2025-12-01,4239.3,73.16,75.43,63.85,82.47,18.62,Moderate ↑,87.29,42.51,100,100,100,65.0,3,0.0,87.29,42.51,63.68,4024.95,3460.59,True,17.7,0,None
2025-12-02,4186.6,75.55,75.55,70.0,81.09,11.09,Strong ↑,78.98,42.57,100,100,100,65.0,3,0.0,78.98,42.57,57.77,4033.87,3466.87,True,18.49,0,None
2025-12-03,4199.3,82.04,82.04,86.04,78.04,-7.99,Strong ↑,80.52,42.73,80,100,100,65.0,3,0.0,80.52,42.73,49.41,4042.24,3473.27,True,17.61,0,None
2025-12-04,4211.8,84.23,84.23,87.21,81.26,-5.95,Strong ↑,82.27,40.3,100,100,100,65.0,3,0.0,82.27,40.3,52.94,4051.83,3479.63,True,17.51,0,None
2025-12-05,4212.9,82.83,82.83,85.34,80.32,-5.02,Strong ↑,78.73,38.19,100,100,100,65.0,3,0.0,78.73,38.19,69.24,4061.35,3486.0,True,17.5,0,None
2025-12-08,4187.2,80.98,80.98,82.47,79.49,-2.97,Strong ↑,74.74,37.21,100,100,100,65.0,3,0.0,74.74,37.21,67.9,4069.59,3492.2,True,17.76,0,None
2025-12-09,4206.7,78.08,78.08,81.09,75.06,-6.03,Strong ↑,77.91,37.47,70,100,100,65.0,3,0.0,77.91,37.47,71.1,4077.31,3498.71,True,15.13,0,None
2025-12-10,4196.4,78.12,78.12,78.04,78.19,0.15,Strong ↑,67.95,36.22,100,100,100,65.0,3,0.0,67.95,36.22,67.53,4084.42,3505.11,True,15.16,0,None
2025-12-11,4285.5,77.85,77.85,81.26,74.43,-6.83,Strong ↑,76.95,34.64,70,100,100,65.0,3,0.0,76.95,34.64,78.17,4092.78,3512.12,True,14.7,0,None
2025-12-12,4300.1,77.82,77.82,80.32,75.33,-4.99,Strong ↑,79.56,37.39,70,100,100,65.0,3,0.0,79.56,37.39,77.87,4101.99,3519.44,True,14.6,0,None
2025-12-15,4306.7,77.75,77.75,79.49,76.0,-3.49,Strong ↑,83.03,37.99,70,100,100,65.0,3,0.0,83.03,37.99,77.38,4110.51,3526.52,True,11.4,0,None
2025-12-16,4304.5,75.94,75.94,75.06,76.82,1.76,Strong ↑,85.0,40.94,70,100,100,65.0,3,0.0,85.0,40.94,73.81,4117.63,3533.49,True,11.14,0,None
2025-12-17,4347.5,78.18,78.18,78.19,78.17,-0.03,Strong ↑,90.8,43.21,70,100,100,65.0,3,0.0,90.8,43.21,75.03,4125.04,3540.65,True,11.27,0,None
2025-12-18,4339.5,78.45,78.45,74.43,82.46,8.03,Strong ↑,86.59,43.19,100,100,100,65.0,3,0.0,86.59,43.19,69.0,4130.97,3547.77,True,11.42,0,None
2025-12-19,4361.4,78.96,78.96,75.33,82.6,7.27,Strong ↑,86.39,44.2,100,100,100,65.0,3,0.0,86.39,44.2,69.08,4139.27,3555.05,True,11.02,0,None
2025-12-22,4444.6,75.59,75.59,76.0,75.18,-0.82,Strong ↑,92.09,43.98,50,100,100,65.0,3,0.0,92.09,43.98,86.82,4148.64,3562.82,True,12.24,0,None
2025-12-23,4482.8,76.19,76.19,76.82,75.56,-1.26,Strong ↑,95.28,43.07,50,100,100,65.0,3,0.0,95.28,43.07,87.71,4156.13,3570.67,True,12.33,0,None
2025-12-24,4480.6,76.57,76.57,78.17,74.97,-3.2,Strong ↑,93.53,41.29,50,100,100,65.0,3,0.0,93.53,41.29,86.76,4162.97,3578.38,True,12.17,0,None
2025-12-26,4529.1,78.0,78.0,82.46,73.53,-8.93,Strong ↑,94.78,31.39,50,100,100,65.0,3,0.0,94.78,31.39,88.28,4170.01,3586.1,True,12.38,0,None
2025-12-29,4325.1,79.57,79.57,82.6,76.53,-6.07,Strong ↑,74.1,30.08,100,100,90,65.0,3,0.0,74.1,30.08,61.66,4170.91,3592.75,True,20.71,0,None
2025-12-30,4370.1,76.02,76.02,75.18,76.86,1.68,Strong ↑,73.41,32.73,100,100,90,65.0,3,0.0,73.41,32.73,63.25,4174.51,3599.6,True,20.91,0,None
2025-12-31,4325.6,75.78,75.78,75.56,75.99,0.43,Strong ↑,68.31,32.65,100,100,90,65.0,3,0.0,68.31,32.65,59.92,4174.3,3606.06,True,20.74,0,None
2026-01-02,4314.4,75.58,75.58,74.97,76.2,1.23,Strong ↑,69.64,32.53,100,100,90,65.0,3,0.0,69.64,32.53,52.52,4178.83,3612.45,True,20.78,0,None
2026-01-05,4436.9,75.39,75.39,73.53,77.24,3.72,Strong ↑,76.16,32.31,100,100,90,65.0,3,0.0,76.16,32.31,60.04,4186.68,3619.43,True,22.79,0,None
2026-01-06,4482.2,77.38,77.38,76.53,78.22,1.69,Strong ↑,84.14,30.2,100,100,90,65.0,3,0.0,84.14,30.2,62.19,4193.81,3626.75,True,22.91,0,None
2026-01-07,4449.3,77.04,77.04,76.86,77.21,0.36,Strong ↑,78.47,29.82,100,100,90,65.0,3,0.0,78.47,29.82,59.65,4200.43,3633.94,True,22.98,0,None
2026-01-08,4449.7,76.98,76.98,75.99,77.96,1.97,Strong ↑,78.59,34.18,100,100,90,65.0,3,0.0,78.59,34.18,57.22,4209.39,3641.06,True,22.99,0,None
2026-01-09,4490.3,77.38,77.38,76.2,78.56,2.36,Strong ↑,84.06,32.29,100,100,90,65.0,3,0.0,84.06,32.29,60.18,4219.87,3648.41,True,23.0,0,None
2026-01-12,4604.3,79.57,79.57,77.24,81.89,4.64,Strong ↑,90.48,30.86,100,100,90,80.0,6,0.0,90.48,30.86,64.59,4232.28,3656.13,True,23.45,0,None
2026-01-13,4589.2,79.29,79.29,78.22,80.37,2.14,Strong ↑,82.25,29.94,100,100,90,80.0,6,0.0,82.25,29.94,59.46,4244.04,3663.65,True,23.57,0,None
2026-01-14,4626.3,79.08,79.08,77.21,80.94,3.73,Strong ↑,84.5,31.14,100,100,90,80.0,6,0.0,84.5,31.14,59.4,4256.92,3671.16,True,23.62,0,None
2026-01-15,4616.3,79.7,79.7,77.96,81.44,3.48,Strong ↑,82.19,36.43,100,100,90,80.0,6,0.0,82.19,36.43,58.8,4269.24,3678.65,True,23.66,0,None
2026-01-16,4588.4,79.25,79.25,78.56,79.95,1.39,Strong ↑,74.2,35.5,100,100,90,80.0,6,0.0,74.2,35.5,53.95,4282.06,3685.89,True,23.77,0,None
2026-01-20,4759.6,78.5,78.5,81.89,75.12,-6.77,Strong ↑,87.31,33.41,50,100,90,90.0,8,0.0,87.31,33.41,80.27,4297.64,3694.21,True,26.5,0,None
2026-01-21,4831.8,77.05,77.05,80.37,73.74,-6.63,Strong ↑,87.33,35.1,50,100,90,80.0,6,0.0,87.33,35.1,80.99,4314.68,3703.3,True,26.75,0,None
2026-01-22,4908.8,76.8,76.8,80.94,72.67,-8.27,Strong ↑,96.89,34.12,50,100,90,65.0,3,0.0,96.89,34.12,87.51,4332.87,3713.09,True,26.56,0,None
2026-01-23,4976.2,76.72,76.72,81.44,72.01,-9.43,Strong ↑,98.51,28.55,50,100,90,65.0,3,0.0,98.51,28.55,89.7,4350.16,3723.13,True,26.71,0,None
2026-01-26,5079.7,75.86,75.86,79.95,71.78,-8.17,Strong ↑,99.2,26.47,50,100,90,65.0,3,0.0,99.2,26.47,89.45,4369.61,3733.25,True,27.13,0,None
2026-01-27,5079.9,73.32,73.32,75.12,71.51,-3.61,Moderate ↑,99.0,25.08,50,100,90,65.0,3,0.0,99.0,25.08,88.84,4387.12,3742.87,True,27.17,0,None
2026-01-28,5301.6,76.41,76.41,73.74,79.08,5.35,Strong ↑,100.3,69.2,50,100,90,65.0,3,0.0,100.3,69.2,94.47,4409.42,3753.27,True,23.26,0,None
2026-01-29,5318.4,74.61,74.61,72.67,76.56,3.89,Moderate ↑,100.16,54.18,50,100,90,65.0,3,0.0,100.16,54.18,94.56,4434.03,3763.84,True,23.39,0,None
2026-01-30,4713.9,72.84,72.84,72.01,73.67,1.66,Moderate ↑,78.29,43.75,100,100,55,65.0,3,0.0,78.29,43.75,57.27,4446.95,3771.31,True,48.52,0,None
2026-02-02,4622.5,72.38,72.38,71.78,72.98,1.2,Moderate ↑,73.39,44.5,100,100,55,65.0,3,0.0,73.39,44.5,50.6,4458.17,3777.79,True,49.19,0,None
2026-02-03,4903.7,72.21,72.21,71.51,72.91,1.39,Moderate ↑,87.83,44.6,100,100,40,65.0,3,0.0,87.83,44.6,58.82,4474.69,3785.77,True,52.4,0,None
2026-02-04,4920.4,75.89,75.89,79.08,72.69,-6.39,Strong ↑,85.94,45.2,100,100,40,65.0,3,0.0,85.94,45.2,58.35,4491.97,3793.34,True,52.37,0,None
2026-02-05,4861.4,75.1,75.1,76.56,73.65,-2.91,Strong ↑,82.55,44.32,100,100,40,75.0,5,0.0,82.55,44.32,56.77,4507.66,3800.64,True,52.54,0,None
2026-02-06,4951.2,74.68,74.68,73.67,75.68,2.01,Moderate ↑,96.18,42.93,100,100,40,75.0,5,0.0,96.18,42.93,59.69,4524.85,3809.02,True,52.71,0,None
2026-02-09,5050.9,73.54,73.54,72.98,74.09,1.11,Moderate ↑,98.45,41.12,100,100,40,65.0,3,0.0,98.45,41.12,58.09,4543.08,3817.61,True,52.93,0,None
2026-02-10,5003.8,72.97,72.97,72.91,73.03,0.13,Moderate ↑,92.79,40.4,100,100,40,65.0,3,0.0,92.79,40.4,54.84,4559.85,3826.22,True,52.73,0,None
2026-02-11,5071.6,72.92,72.92,72.69,73.16,0.47,Moderate ↑,93.13,40.84,100,100,40,65.0,3,0.0,93.13,40.84,54.61,4576.92,3834.91,True,52.73,0,None
2026-02-12,4923.7,71.72,71.72,73.65,69.79,-3.85,Moderate ↑,83.37,40.38,80,100,40,75.0,5,0.0,83.37,40.38,48.58,4590.61,3842.94,True,54.06,0,None
2026-02-13,5022.0,72.71,72.71,75.68,69.74,-5.94,Moderate ↑,84.98,38.49,80,100,40,75.0,5,0.0,84.98,38.49,48.43,4607.32,3851.52,True,54.3,0,None
2026-02-17,4882.9,70.95,70.95,74.09,67.8,-6.29,Moderate ↑,73.71,38.09,80,100,40,75.0,5,0.0,73.71,38.09,45.03,4620.99,3859.89,True,55.35,0,None
2026-02-18,4986.5,70.5,70.5,73.03,67.97,-5.06,Moderate ↑,84.34,38.49,80,100,40,65.0,3,0.0,84.34,38.49,41.54,4636.48,3868.66,True,54.39,0,None
2026-02-19,4975.9,70.64,70.64,73.16,68.12,-5.04,Moderate ↑,79.18,34.56,80,100,40,75.0,5,0.0,79.18,34.56,40.78,4651.74,3876.98,True,54.23,0,None
2026-02-20,5080.9,75.04,75.04,69.79,80.29,10.49,Strong ↑,88.61,88.11,100,100,40,65.0,3,0.0,88.61,88.11,63.52,4669.62,3885.33,True,54.43,0,None
2026-02-23,5204.7,73.56,73.56,69.74,77.38,7.64,Moderate ↑,91.51,87.79,70,100,40,75.0,5,0.0,91.51,87.79,70.95,4689.58,3894.45,True,54.83,0,None
2026-02-24,5155.8,75.34,75.34,67.8,82.89,15.09,Strong ↑,89.62,87.69,100,100,40,80.0,6,0.0,89.62,87.69,60.89,4708.76,3903.74,True,54.58,0,None
2026-02-25,5206.4,75.38,75.38,67.97,82.79,14.81,Strong ↑,88.57,88.15,100,100,40,80.0,6,0.0,88.57,88.15,62.0,4727.18,3913.1,True,54.66,0,None
2026-02-26,5176.5,75.28,75.28,68.12,82.43,14.3,Strong ↑,86.69,87.87,100,100,40,80.0,6,0.0,86.69,87.87,63.56,4744.71,3922.88,True,52.53,0,None
2026-02-27,5230.5,75.32,75.32,80.29,70.36,-9.93,Strong ↑,82.15,75.0,100,100,40,25.0,-5,0.0,82.15,75.0,62.4,4763.19,3932.83,True,52.65,0,None
2026-03-02,5294.4,74.9,74.9,77.38,72.41,-4.97,Moderate ↑,81.93,67.55,100,100,70,15.0,-7,0.0,81.93,67.55,61.16,4782.98,3943.4,True,32.74,0,None
2026-03-03,5107.4,84.11,84.11,82.89,85.34,2.46,Strong ↑,82.11,69.94,100,100,70,90.0,8,0.0,82.11,69.94,54.21,4798.18,3952.83,True,34.7,0,None
2026-03-04,5193.7,86.67,86.67,82.79,90.56,7.77,Very Strong ↑↑,86.51,76.83,100,100,90,90.0,8,0.0,86.51,76.83,54.89,4815.27,3962.89,True,28.63,0,None
2026-03-05,5065.3,83.85,83.85,82.43,85.27,2.85,Strong ↑,74.68,76.95,100,100,70,90.0,8,0.0,74.68,76.95,55.76,4829.34,3972.07,True,30.2,0,None
2026-03-06,5146.1,78.08,78.08,70.36,85.8,15.44,Strong ↑,77.71,77.07,100,100,70,90.0,8,0.0,77.71,77.07,55.12,4843.37,3981.4,True,30.16,0,None
2026-03-09,5091.5,80.45,80.45,72.41,88.49,16.08,Strong ↑,74.4,76.53,100,100,90,90.0,8,0.0,74.4,76.53,59.25,4855.55,3990.31,True,29.96,0,None
2026-03-10,5224.6,86.37,86.37,85.34,87.39,2.05,Very Strong ↑↑,85.22,79.12,100,100,70,90.0,8,0.0,85.22,79.12,60.29,4870.43,3999.97,True,30.49,0,None
2026-03-11,5160.0,88.57,88.57,90.56,86.58,-3.98,Very Strong ↑↑,76.16,83.33,100,100,70,90.0,8,0.0,76.16,83.33,57.6,4883.05,4008.95,True,30.65,0,None
2026-03-12,5102.2,85.88,85.88,85.27,86.5,1.23,Very Strong ↑↑,74.26,84.72,100,100,70,90.0,8,0.0,74.26,84.72,50.92,4898.59,4017.97,True,30.65,0,None
